W1008 08:14:02.810000 2844 site-packages/torch/distributed/run.py:852] 
W1008 08:14:02.810000 2844 site-packages/torch/distributed/run.py:852] *****************************************
W1008 08:14:02.810000 2844 site-packages/torch/distributed/run.py:852] Setting OMP_NUM_THREADS environment variable for each process to be 1 in default, to avoid your system being overloaded, please further tune the variable for optimal performance in your application as needed. 
W1008 08:14:02.810000 2844 site-packages/torch/distributed/run.py:852] *****************************************
logs/8b89bbb9-1d18-411f-b9b3-28cbb7ffb5ef.txt
step:0/1695 val_loss:10.8258 train_time:0ms step_avg:0.02ms
step:1/1695 train_loss:10.8258 train_time:270ms step_avg:270.18ms
step:2/1695 train_loss:10.1843 train_time:489ms step_avg:244.44ms
step:3/1695 train_loss:8.2265 train_time:716ms step_avg:238.55ms
step:4/1695 train_loss:7.4590 train_time:947ms step_avg:236.67ms
step:5/1695 train_loss:7.0502 train_time:1175ms step_avg:234.91ms
step:6/1695 train_loss:7.2017 train_time:1405ms step_avg:234.12ms
step:7/1695 train_loss:6.5455 train_time:1636ms step_avg:233.78ms
step:8/1695 train_loss:6.5352 train_time:1863ms step_avg:232.86ms
step:9/1695 train_loss:6.4750 train_time:2093ms step_avg:232.54ms
step:10/1695 train_loss:6.3986 train_time:2324ms step_avg:232.38ms
step:11/1695 train_loss:6.4186 train_time:2554ms step_avg:232.16ms
step:12/1695 train_loss:6.4678 train_time:2783ms step_avg:231.93ms
step:13/1695 train_loss:6.2932 train_time:3013ms step_avg:231.79ms
step:14/1695 train_loss:6.1437 train_time:3244ms step_avg:231.71ms
step:15/1695 train_loss:6.2537 train_time:3475ms step_avg:231.66ms
step:16/1695 train_loss:6.0924 train_time:3705ms step_avg:231.56ms
step:17/1695 train_loss:6.1618 train_time:3935ms step_avg:231.49ms
step:18/1695 train_loss:5.9801 train_time:4167ms step_avg:231.49ms
step:19/1695 train_loss:5.9507 train_time:4396ms step_avg:231.37ms
step:20/1695 train_loss:5.7704 train_time:4625ms step_avg:231.23ms
step:21/1695 train_loss:5.6884 train_time:4855ms step_avg:231.19ms
step:22/1695 train_loss:5.5916 train_time:5085ms step_avg:231.12ms
step:23/1695 train_loss:5.8884 train_time:5314ms step_avg:231.04ms
step:24/1695 train_loss:5.6955 train_time:5544ms step_avg:230.98ms
step:25/1695 train_loss:5.7012 train_time:5772ms step_avg:230.89ms
step:26/1695 train_loss:5.6560 train_time:6003ms step_avg:230.88ms
step:27/1695 train_loss:5.7199 train_time:6232ms step_avg:230.80ms
step:28/1695 train_loss:5.6654 train_time:6461ms step_avg:230.74ms
step:29/1695 train_loss:5.4968 train_time:6692ms step_avg:230.77ms
step:30/1695 train_loss:5.4721 train_time:6922ms step_avg:230.73ms
step:31/1695 train_loss:5.5889 train_time:7150ms step_avg:230.66ms
step:32/1695 train_loss:5.6218 train_time:7381ms step_avg:230.65ms
step:33/1695 train_loss:5.5085 train_time:7611ms step_avg:230.64ms
step:34/1695 train_loss:5.4750 train_time:7842ms step_avg:230.64ms
step:35/1695 train_loss:5.3357 train_time:8073ms step_avg:230.65ms
step:36/1695 train_loss:5.3238 train_time:8301ms step_avg:230.57ms
step:37/1695 train_loss:5.4474 train_time:8532ms step_avg:230.60ms
step:38/1695 train_loss:5.4268 train_time:8762ms step_avg:230.58ms
step:39/1695 train_loss:5.4612 train_time:8991ms step_avg:230.55ms
step:40/1695 train_loss:5.4391 train_time:9221ms step_avg:230.52ms
step:41/1695 train_loss:5.3396 train_time:9451ms step_avg:230.52ms
step:42/1695 train_loss:5.3198 train_time:9681ms step_avg:230.49ms
step:43/1695 train_loss:5.1711 train_time:9913ms step_avg:230.53ms
step:44/1695 train_loss:5.1971 train_time:10141ms step_avg:230.49ms
step:45/1695 train_loss:5.4428 train_time:10372ms step_avg:230.49ms
step:46/1695 train_loss:5.1717 train_time:10602ms step_avg:230.48ms
step:47/1695 train_loss:5.2193 train_time:10832ms step_avg:230.47ms
step:48/1695 train_loss:5.1671 train_time:11063ms step_avg:230.47ms
step:49/1695 train_loss:5.0641 train_time:11294ms step_avg:230.50ms
step:50/1695 train_loss:5.2681 train_time:11523ms step_avg:230.47ms
step:51/1695 train_loss:5.2010 train_time:11754ms step_avg:230.46ms
step:52/1695 train_loss:5.0799 train_time:11983ms step_avg:230.44ms
step:53/1695 train_loss:5.0675 train_time:12214ms step_avg:230.46ms
step:54/1695 train_loss:5.1945 train_time:12445ms step_avg:230.46ms
step:55/1695 train_loss:5.0337 train_time:12675ms step_avg:230.46ms
step:56/1695 train_loss:5.3131 train_time:12905ms step_avg:230.45ms
step:57/1695 train_loss:5.0774 train_time:13135ms step_avg:230.43ms
step:58/1695 train_loss:5.1100 train_time:13365ms step_avg:230.43ms
step:59/1695 train_loss:4.9599 train_time:13595ms step_avg:230.43ms
step:60/1695 train_loss:5.0269 train_time:13825ms step_avg:230.41ms
step:61/1695 train_loss:5.0734 train_time:14056ms step_avg:230.43ms
step:62/1695 train_loss:5.0483 train_time:14285ms step_avg:230.41ms
step:63/1695 train_loss:5.0970 train_time:14515ms step_avg:230.40ms
step:64/1695 train_loss:4.9896 train_time:14746ms step_avg:230.40ms
step:65/1695 train_loss:5.1103 train_time:14975ms step_avg:230.39ms
step:66/1695 train_loss:5.0642 train_time:15206ms step_avg:230.40ms
step:67/1695 train_loss:4.8718 train_time:15436ms step_avg:230.38ms
step:68/1695 train_loss:5.3326 train_time:15667ms step_avg:230.39ms
step:69/1695 train_loss:4.8081 train_time:15898ms step_avg:230.40ms
step:70/1695 train_loss:5.0136 train_time:16128ms step_avg:230.41ms
step:71/1695 train_loss:5.0139 train_time:16358ms step_avg:230.40ms
step:72/1695 train_loss:5.0177 train_time:16588ms step_avg:230.39ms
step:73/1695 train_loss:4.9594 train_time:16820ms step_avg:230.41ms
step:74/1695 train_loss:5.1726 train_time:17048ms step_avg:230.38ms
step:75/1695 train_loss:4.9037 train_time:17280ms step_avg:230.41ms
step:76/1695 train_loss:4.8418 train_time:17511ms step_avg:230.41ms
step:77/1695 train_loss:5.0166 train_time:17739ms step_avg:230.38ms
step:78/1695 train_loss:4.8777 train_time:17970ms step_avg:230.39ms
step:79/1695 train_loss:4.8561 train_time:18200ms step_avg:230.38ms
step:80/1695 train_loss:4.8206 train_time:18430ms step_avg:230.38ms
step:81/1695 train_loss:4.7514 train_time:18662ms step_avg:230.39ms
step:82/1695 train_loss:4.9212 train_time:18891ms step_avg:230.38ms
step:83/1695 train_loss:4.9292 train_time:19121ms step_avg:230.37ms
step:84/1695 train_loss:4.6418 train_time:19351ms step_avg:230.37ms
step:85/1695 train_loss:4.8124 train_time:19582ms step_avg:230.37ms
step:86/1695 train_loss:4.6821 train_time:19814ms step_avg:230.39ms
step:87/1695 train_loss:4.7638 train_time:20043ms step_avg:230.38ms
step:88/1695 train_loss:4.8591 train_time:20273ms step_avg:230.38ms
step:89/1695 train_loss:4.9059 train_time:20506ms step_avg:230.40ms
step:90/1695 train_loss:4.8195 train_time:20735ms step_avg:230.39ms
step:91/1695 train_loss:4.8123 train_time:20966ms step_avg:230.40ms
step:92/1695 train_loss:4.7357 train_time:21197ms step_avg:230.41ms
step:93/1695 train_loss:4.8510 train_time:21426ms step_avg:230.39ms
step:94/1695 train_loss:4.8011 train_time:21657ms step_avg:230.40ms
step:95/1695 train_loss:4.6508 train_time:21886ms step_avg:230.38ms
step:96/1695 train_loss:4.7340 train_time:22117ms step_avg:230.39ms
step:97/1695 train_loss:4.8235 train_time:22348ms step_avg:230.39ms
step:98/1695 train_loss:4.8011 train_time:22578ms step_avg:230.38ms
step:99/1695 train_loss:4.6703 train_time:22810ms step_avg:230.40ms
step:100/1695 train_loss:4.7769 train_time:23040ms step_avg:230.40ms
step:101/1695 train_loss:4.8233 train_time:23270ms step_avg:230.40ms
step:102/1695 train_loss:4.7897 train_time:23503ms step_avg:230.42ms
step:103/1695 train_loss:4.7690 train_time:23732ms step_avg:230.40ms
step:104/1695 train_loss:4.7421 train_time:23963ms step_avg:230.42ms
step:105/1695 train_loss:4.6885 train_time:24193ms step_avg:230.41ms
step:106/1695 train_loss:4.6755 train_time:24424ms step_avg:230.41ms
step:107/1695 train_loss:4.7081 train_time:24655ms step_avg:230.42ms
step:108/1695 train_loss:4.6514 train_time:24885ms step_avg:230.41ms
step:109/1695 train_loss:5.0622 train_time:25115ms step_avg:230.41ms
step:110/1695 train_loss:4.7630 train_time:25347ms step_avg:230.42ms
step:111/1695 train_loss:4.6452 train_time:25577ms step_avg:230.43ms
step:112/1695 train_loss:4.5671 train_time:25808ms step_avg:230.43ms
step:113/1695 train_loss:4.6193 train_time:26038ms step_avg:230.43ms
step:114/1695 train_loss:4.7440 train_time:26270ms step_avg:230.43ms
step:115/1695 train_loss:4.6457 train_time:26501ms step_avg:230.44ms
step:116/1695 train_loss:4.5949 train_time:26730ms step_avg:230.43ms
step:117/1695 train_loss:4.5405 train_time:26962ms step_avg:230.45ms
step:118/1695 train_loss:4.6547 train_time:27192ms step_avg:230.44ms
step:119/1695 train_loss:4.7935 train_time:27423ms step_avg:230.45ms
step:120/1695 train_loss:4.6128 train_time:27654ms step_avg:230.45ms
step:121/1695 train_loss:4.6470 train_time:27884ms step_avg:230.45ms
step:122/1695 train_loss:4.5001 train_time:28117ms step_avg:230.46ms
step:123/1695 train_loss:4.6819 train_time:28345ms step_avg:230.45ms
step:124/1695 train_loss:4.3552 train_time:28577ms step_avg:230.46ms
step:125/1695 train_loss:4.5157 train_time:28808ms step_avg:230.46ms
step:125/1695 val_loss:4.6046 train_time:28816ms step_avg:230.53ms
step:126/1695 train_loss:4.7615 train_time:29040ms step_avg:230.47ms
step:127/1695 train_loss:4.5452 train_time:29277ms step_avg:230.53ms
step:128/1695 train_loss:4.5597 train_time:29508ms step_avg:230.53ms
step:129/1695 train_loss:4.5745 train_time:29742ms step_avg:230.56ms
step:130/1695 train_loss:4.4349 train_time:29975ms step_avg:230.58ms
step:131/1695 train_loss:4.4260 train_time:30209ms step_avg:230.60ms
step:132/1695 train_loss:4.6391 train_time:30440ms step_avg:230.61ms
step:133/1695 train_loss:4.5466 train_time:30674ms step_avg:230.63ms
step:134/1695 train_loss:4.4009 train_time:30907ms step_avg:230.65ms
step:135/1695 train_loss:4.4412 train_time:31141ms step_avg:230.68ms
step:136/1695 train_loss:4.3649 train_time:31374ms step_avg:230.69ms
step:137/1695 train_loss:4.4908 train_time:31609ms step_avg:230.72ms
step:138/1695 train_loss:4.3008 train_time:31841ms step_avg:230.74ms
step:139/1695 train_loss:4.1464 train_time:32077ms step_avg:230.77ms
step:140/1695 train_loss:4.2094 train_time:32309ms step_avg:230.78ms
step:141/1695 train_loss:4.4824 train_time:32543ms step_avg:230.80ms
step:142/1695 train_loss:4.5568 train_time:32777ms step_avg:230.82ms
step:143/1695 train_loss:4.7632 train_time:33011ms step_avg:230.85ms
step:144/1695 train_loss:4.3815 train_time:33244ms step_avg:230.86ms
step:145/1695 train_loss:4.6801 train_time:33478ms step_avg:230.88ms
step:146/1695 train_loss:4.4763 train_time:33711ms step_avg:230.90ms
step:147/1695 train_loss:4.2874 train_time:33944ms step_avg:230.91ms
step:148/1695 train_loss:4.3430 train_time:34177ms step_avg:230.93ms
step:149/1695 train_loss:4.2958 train_time:34411ms step_avg:230.95ms
step:150/1695 train_loss:4.3625 train_time:34646ms step_avg:230.98ms
step:151/1695 train_loss:4.3164 train_time:34880ms step_avg:230.99ms
step:152/1695 train_loss:4.3534 train_time:35114ms step_avg:231.01ms
step:153/1695 train_loss:4.4108 train_time:35346ms step_avg:231.02ms
step:154/1695 train_loss:4.3800 train_time:35580ms step_avg:231.04ms
step:155/1695 train_loss:4.3243 train_time:35813ms step_avg:231.05ms
step:156/1695 train_loss:4.2901 train_time:36047ms step_avg:231.07ms
step:157/1695 train_loss:4.3632 train_time:36280ms step_avg:231.08ms
step:158/1695 train_loss:4.3758 train_time:36513ms step_avg:231.09ms
step:159/1695 train_loss:4.3412 train_time:36746ms step_avg:231.11ms
step:160/1695 train_loss:4.5175 train_time:36979ms step_avg:231.12ms
step:161/1695 train_loss:4.3049 train_time:37212ms step_avg:231.13ms
step:162/1695 train_loss:4.1912 train_time:37446ms step_avg:231.15ms
step:163/1695 train_loss:4.3561 train_time:37679ms step_avg:231.16ms
step:164/1695 train_loss:4.3611 train_time:37911ms step_avg:231.17ms
step:165/1695 train_loss:4.3499 train_time:38144ms step_avg:231.17ms
step:166/1695 train_loss:4.3377 train_time:38379ms step_avg:231.20ms
step:167/1695 train_loss:4.3519 train_time:38613ms step_avg:231.22ms
step:168/1695 train_loss:4.1974 train_time:38846ms step_avg:231.23ms
step:169/1695 train_loss:4.1499 train_time:39080ms step_avg:231.24ms
step:170/1695 train_loss:4.3350 train_time:39313ms step_avg:231.25ms
step:171/1695 train_loss:4.1816 train_time:39546ms step_avg:231.26ms
step:172/1695 train_loss:4.2247 train_time:39778ms step_avg:231.27ms
step:173/1695 train_loss:4.1241 train_time:40012ms step_avg:231.28ms
step:174/1695 train_loss:4.2755 train_time:40245ms step_avg:231.29ms
step:175/1695 train_loss:4.1862 train_time:40478ms step_avg:231.30ms
step:176/1695 train_loss:4.3436 train_time:40711ms step_avg:231.31ms
step:177/1695 train_loss:4.2470 train_time:40945ms step_avg:231.33ms
step:178/1695 train_loss:4.1289 train_time:41178ms step_avg:231.34ms
step:179/1695 train_loss:4.2710 train_time:41411ms step_avg:231.35ms
step:180/1695 train_loss:4.1592 train_time:41645ms step_avg:231.36ms
step:181/1695 train_loss:4.1822 train_time:41878ms step_avg:231.37ms
step:182/1695 train_loss:4.2426 train_time:42112ms step_avg:231.38ms
step:183/1695 train_loss:4.3322 train_time:42345ms step_avg:231.39ms
step:184/1695 train_loss:4.3128 train_time:42577ms step_avg:231.40ms
step:185/1695 train_loss:4.0496 train_time:42810ms step_avg:231.41ms
step:186/1695 train_loss:4.3119 train_time:43044ms step_avg:231.42ms
step:187/1695 train_loss:4.1985 train_time:43277ms step_avg:231.43ms
step:188/1695 train_loss:4.1766 train_time:43510ms step_avg:231.43ms
step:189/1695 train_loss:4.1286 train_time:43742ms step_avg:231.44ms
step:190/1695 train_loss:4.1673 train_time:43976ms step_avg:231.45ms
step:191/1695 train_loss:4.1659 train_time:44209ms step_avg:231.46ms
step:192/1695 train_loss:4.1906 train_time:44443ms step_avg:231.47ms
step:193/1695 train_loss:4.0189 train_time:44675ms step_avg:231.48ms
step:194/1695 train_loss:4.5330 train_time:44908ms step_avg:231.48ms
step:195/1695 train_loss:4.1574 train_time:45142ms step_avg:231.50ms
step:196/1695 train_loss:4.1412 train_time:45375ms step_avg:231.50ms
step:197/1695 train_loss:4.1400 train_time:45607ms step_avg:231.51ms
step:198/1695 train_loss:4.0594 train_time:45842ms step_avg:231.52ms
step:199/1695 train_loss:4.1008 train_time:46074ms step_avg:231.53ms
step:200/1695 train_loss:4.2420 train_time:46308ms step_avg:231.54ms
step:201/1695 train_loss:4.1173 train_time:46541ms step_avg:231.55ms
step:202/1695 train_loss:4.2091 train_time:46775ms step_avg:231.56ms
step:203/1695 train_loss:3.9674 train_time:47008ms step_avg:231.57ms
step:204/1695 train_loss:4.1236 train_time:47241ms step_avg:231.57ms
step:205/1695 train_loss:4.2919 train_time:47475ms step_avg:231.58ms
step:206/1695 train_loss:4.2601 train_time:47708ms step_avg:231.59ms
step:207/1695 train_loss:4.1236 train_time:47941ms step_avg:231.60ms
step:208/1695 train_loss:4.1548 train_time:48174ms step_avg:231.61ms
step:209/1695 train_loss:4.3226 train_time:48407ms step_avg:231.61ms
step:210/1695 train_loss:4.0808 train_time:48641ms step_avg:231.62ms
step:211/1695 train_loss:4.0494 train_time:48874ms step_avg:231.63ms
step:212/1695 train_loss:4.0843 train_time:49107ms step_avg:231.64ms
step:213/1695 train_loss:3.9688 train_time:49341ms step_avg:231.65ms
step:214/1695 train_loss:4.1195 train_time:49574ms step_avg:231.65ms
step:215/1695 train_loss:4.1197 train_time:49807ms step_avg:231.66ms
step:216/1695 train_loss:4.1258 train_time:50040ms step_avg:231.67ms
step:217/1695 train_loss:4.1522 train_time:50274ms step_avg:231.68ms
step:218/1695 train_loss:4.0183 train_time:50506ms step_avg:231.68ms
step:219/1695 train_loss:4.0444 train_time:50739ms step_avg:231.68ms
step:220/1695 train_loss:4.4541 train_time:50971ms step_avg:231.69ms
step:221/1695 train_loss:4.1621 train_time:51205ms step_avg:231.70ms
step:222/1695 train_loss:4.0556 train_time:51439ms step_avg:231.71ms
step:223/1695 train_loss:4.3922 train_time:51673ms step_avg:231.72ms
step:224/1695 train_loss:4.0764 train_time:51905ms step_avg:231.72ms
step:225/1695 train_loss:4.0313 train_time:52138ms step_avg:231.72ms
step:226/1695 train_loss:4.1002 train_time:52371ms step_avg:231.73ms
step:227/1695 train_loss:4.3144 train_time:52604ms step_avg:231.74ms
step:228/1695 train_loss:4.1357 train_time:52837ms step_avg:231.74ms
step:229/1695 train_loss:4.0444 train_time:53070ms step_avg:231.75ms
step:230/1695 train_loss:4.1149 train_time:53303ms step_avg:231.75ms
step:231/1695 train_loss:4.1858 train_time:53538ms step_avg:231.76ms
step:232/1695 train_loss:4.1844 train_time:53771ms step_avg:231.77ms
step:233/1695 train_loss:4.1889 train_time:54005ms step_avg:231.78ms
step:234/1695 train_loss:4.0301 train_time:54237ms step_avg:231.78ms
step:235/1695 train_loss:4.2056 train_time:54471ms step_avg:231.79ms
step:236/1695 train_loss:4.1781 train_time:54703ms step_avg:231.79ms
step:237/1695 train_loss:3.9654 train_time:54937ms step_avg:231.80ms
step:238/1695 train_loss:4.1700 train_time:55170ms step_avg:231.80ms
step:239/1695 train_loss:4.1834 train_time:55404ms step_avg:231.82ms
step:240/1695 train_loss:4.1151 train_time:55637ms step_avg:231.82ms
step:241/1695 train_loss:4.0608 train_time:55871ms step_avg:231.83ms
step:242/1695 train_loss:4.1427 train_time:56103ms step_avg:231.83ms
step:243/1695 train_loss:4.3507 train_time:56338ms step_avg:231.84ms
step:244/1695 train_loss:4.2609 train_time:56570ms step_avg:231.85ms
step:245/1695 train_loss:4.1148 train_time:56805ms step_avg:231.86ms
step:246/1695 train_loss:3.9554 train_time:57084ms step_avg:232.05ms
step:247/1695 train_loss:4.1514 train_time:57317ms step_avg:232.05ms
step:248/1695 train_loss:4.0720 train_time:57551ms step_avg:232.06ms
step:249/1695 train_loss:4.0601 train_time:57785ms step_avg:232.07ms
step:250/1695 train_loss:4.0750 train_time:58023ms step_avg:232.09ms
step:250/1695 val_loss:4.0745 train_time:58031ms step_avg:232.12ms
step:251/1695 train_loss:4.3674 train_time:58263ms step_avg:232.12ms
step:252/1695 train_loss:4.0963 train_time:58502ms step_avg:232.15ms
step:253/1695 train_loss:4.0520 train_time:58739ms step_avg:232.17ms
step:254/1695 train_loss:4.1387 train_time:58974ms step_avg:232.18ms
step:255/1695 train_loss:4.1357 train_time:59209ms step_avg:232.19ms
step:256/1695 train_loss:4.1533 train_time:59445ms step_avg:232.21ms
step:257/1695 train_loss:4.0686 train_time:59680ms step_avg:232.22ms
step:258/1695 train_loss:3.9633 train_time:59915ms step_avg:232.23ms
step:259/1695 train_loss:4.0493 train_time:60149ms step_avg:232.24ms
step:260/1695 train_loss:3.9777 train_time:60384ms step_avg:232.25ms
step:261/1695 train_loss:4.0058 train_time:60618ms step_avg:232.25ms
step:262/1695 train_loss:3.9365 train_time:60853ms step_avg:232.26ms
step:263/1695 train_loss:4.0447 train_time:61087ms step_avg:232.27ms
step:264/1695 train_loss:4.0174 train_time:61322ms step_avg:232.28ms
step:265/1695 train_loss:4.1284 train_time:61557ms step_avg:232.29ms
step:266/1695 train_loss:3.9484 train_time:61792ms step_avg:232.30ms
step:267/1695 train_loss:4.0101 train_time:62027ms step_avg:232.31ms
step:268/1695 train_loss:4.0497 train_time:62261ms step_avg:232.32ms
step:269/1695 train_loss:3.9760 train_time:62497ms step_avg:232.33ms
step:270/1695 train_loss:3.9229 train_time:62730ms step_avg:232.33ms
step:271/1695 train_loss:4.1700 train_time:62965ms step_avg:232.34ms
step:272/1695 train_loss:3.9321 train_time:63199ms step_avg:232.35ms
step:273/1695 train_loss:3.9618 train_time:63433ms step_avg:232.36ms
step:274/1695 train_loss:4.0777 train_time:63667ms step_avg:232.36ms
step:275/1695 train_loss:4.0112 train_time:63901ms step_avg:232.37ms
step:276/1695 train_loss:4.0757 train_time:64137ms step_avg:232.38ms
step:277/1695 train_loss:4.0812 train_time:64371ms step_avg:232.39ms
step:278/1695 train_loss:4.0388 train_time:64606ms step_avg:232.40ms
step:279/1695 train_loss:3.9514 train_time:64840ms step_avg:232.40ms
step:280/1695 train_loss:3.9198 train_time:65076ms step_avg:232.41ms
step:281/1695 train_loss:3.9462 train_time:65310ms step_avg:232.42ms
step:282/1695 train_loss:3.9946 train_time:65545ms step_avg:232.43ms
step:283/1695 train_loss:4.0469 train_time:65779ms step_avg:232.44ms
step:284/1695 train_loss:3.9475 train_time:66014ms step_avg:232.44ms
step:285/1695 train_loss:4.0106 train_time:66250ms step_avg:232.45ms
step:286/1695 train_loss:4.0552 train_time:66485ms step_avg:232.46ms
step:287/1695 train_loss:3.8772 train_time:66720ms step_avg:232.47ms
step:288/1695 train_loss:4.2827 train_time:66956ms step_avg:232.48ms
step:289/1695 train_loss:3.8867 train_time:67191ms step_avg:232.50ms
step:290/1695 train_loss:3.7972 train_time:67426ms step_avg:232.50ms
step:291/1695 train_loss:3.9262 train_time:67661ms step_avg:232.51ms
step:292/1695 train_loss:3.8994 train_time:67896ms step_avg:232.52ms
step:293/1695 train_loss:4.0605 train_time:68129ms step_avg:232.52ms
step:294/1695 train_loss:3.9962 train_time:68365ms step_avg:232.53ms
step:295/1695 train_loss:4.0144 train_time:68599ms step_avg:232.54ms
step:296/1695 train_loss:4.0778 train_time:68836ms step_avg:232.55ms
step:297/1695 train_loss:4.0108 train_time:69071ms step_avg:232.56ms
step:298/1695 train_loss:3.8711 train_time:69305ms step_avg:232.57ms
step:299/1695 train_loss:3.9211 train_time:69540ms step_avg:232.57ms
step:300/1695 train_loss:4.0151 train_time:69774ms step_avg:232.58ms
step:301/1695 train_loss:3.9067 train_time:70008ms step_avg:232.59ms
step:302/1695 train_loss:4.0900 train_time:70243ms step_avg:232.59ms
step:303/1695 train_loss:4.0021 train_time:70477ms step_avg:232.60ms
step:304/1695 train_loss:4.1688 train_time:70712ms step_avg:232.60ms
step:305/1695 train_loss:4.0110 train_time:70946ms step_avg:232.61ms
step:306/1695 train_loss:4.7749 train_time:71181ms step_avg:232.62ms
step:307/1695 train_loss:4.1076 train_time:71415ms step_avg:232.62ms
step:308/1695 train_loss:3.9653 train_time:71649ms step_avg:232.63ms
step:309/1695 train_loss:3.8959 train_time:71885ms step_avg:232.64ms
step:310/1695 train_loss:3.8866 train_time:72119ms step_avg:232.64ms
step:311/1695 train_loss:4.0700 train_time:72353ms step_avg:232.65ms
step:312/1695 train_loss:4.2377 train_time:72588ms step_avg:232.66ms
step:313/1695 train_loss:4.1406 train_time:72824ms step_avg:232.67ms
step:314/1695 train_loss:4.0502 train_time:73059ms step_avg:232.67ms
step:315/1695 train_loss:3.9621 train_time:73294ms step_avg:232.68ms
step:316/1695 train_loss:3.8622 train_time:73530ms step_avg:232.69ms
step:317/1695 train_loss:4.1081 train_time:73763ms step_avg:232.69ms
step:318/1695 train_loss:4.2158 train_time:73998ms step_avg:232.70ms
step:319/1695 train_loss:3.8835 train_time:74232ms step_avg:232.70ms
step:320/1695 train_loss:3.9144 train_time:74468ms step_avg:232.71ms
step:321/1695 train_loss:3.7766 train_time:74702ms step_avg:232.72ms
step:322/1695 train_loss:3.9875 train_time:74936ms step_avg:232.72ms
step:323/1695 train_loss:3.9063 train_time:75171ms step_avg:232.73ms
step:324/1695 train_loss:4.0946 train_time:75408ms step_avg:232.74ms
step:325/1695 train_loss:4.1545 train_time:75643ms step_avg:232.75ms
step:326/1695 train_loss:3.9109 train_time:75878ms step_avg:232.75ms
step:327/1695 train_loss:4.0780 train_time:76112ms step_avg:232.76ms
step:328/1695 train_loss:3.9917 train_time:76348ms step_avg:232.77ms
step:329/1695 train_loss:3.9612 train_time:76583ms step_avg:232.77ms
step:330/1695 train_loss:3.9291 train_time:76817ms step_avg:232.78ms
step:331/1695 train_loss:3.9780 train_time:77052ms step_avg:232.79ms
step:332/1695 train_loss:3.9620 train_time:77287ms step_avg:232.79ms
step:333/1695 train_loss:4.2215 train_time:77521ms step_avg:232.80ms
step:334/1695 train_loss:4.0323 train_time:77756ms step_avg:232.80ms
step:335/1695 train_loss:3.7935 train_time:77990ms step_avg:232.81ms
step:336/1695 train_loss:3.8611 train_time:78225ms step_avg:232.81ms
step:337/1695 train_loss:3.9224 train_time:78460ms step_avg:232.82ms
step:338/1695 train_loss:4.0017 train_time:78695ms step_avg:232.82ms
step:339/1695 train_loss:3.9413 train_time:78930ms step_avg:232.83ms
step:340/1695 train_loss:3.9187 train_time:79164ms step_avg:232.84ms
step:341/1695 train_loss:4.4301 train_time:79399ms step_avg:232.84ms
step:342/1695 train_loss:3.7596 train_time:79633ms step_avg:232.84ms
step:343/1695 train_loss:3.9135 train_time:79868ms step_avg:232.85ms
step:344/1695 train_loss:3.8264 train_time:80102ms step_avg:232.86ms
step:345/1695 train_loss:3.9488 train_time:80337ms step_avg:232.86ms
step:346/1695 train_loss:3.8090 train_time:80572ms step_avg:232.87ms
step:347/1695 train_loss:4.0321 train_time:80806ms step_avg:232.87ms
step:348/1695 train_loss:4.0839 train_time:81041ms step_avg:232.88ms
step:349/1695 train_loss:3.8970 train_time:81276ms step_avg:232.88ms
step:350/1695 train_loss:3.9526 train_time:81511ms step_avg:232.89ms
step:351/1695 train_loss:3.8819 train_time:81747ms step_avg:232.90ms
step:352/1695 train_loss:3.8565 train_time:81981ms step_avg:232.90ms
step:353/1695 train_loss:3.8917 train_time:82215ms step_avg:232.90ms
step:354/1695 train_loss:3.6164 train_time:82450ms step_avg:232.91ms
step:355/1695 train_loss:3.7535 train_time:82684ms step_avg:232.91ms
step:356/1695 train_loss:3.9379 train_time:82920ms step_avg:232.92ms
step:357/1695 train_loss:3.9473 train_time:83154ms step_avg:232.93ms
step:358/1695 train_loss:3.8823 train_time:83389ms step_avg:232.93ms
step:359/1695 train_loss:4.1135 train_time:83625ms step_avg:232.94ms
step:360/1695 train_loss:3.6053 train_time:83859ms step_avg:232.94ms
step:361/1695 train_loss:3.9063 train_time:84095ms step_avg:232.95ms
step:362/1695 train_loss:3.9567 train_time:84330ms step_avg:232.96ms
step:363/1695 train_loss:3.8147 train_time:84565ms step_avg:232.96ms
step:364/1695 train_loss:3.8460 train_time:84799ms step_avg:232.96ms
step:365/1695 train_loss:3.9393 train_time:85033ms step_avg:232.97ms
step:366/1695 train_loss:3.7820 train_time:85268ms step_avg:232.97ms
step:367/1695 train_loss:3.9496 train_time:85502ms step_avg:232.98ms
step:368/1695 train_loss:3.8645 train_time:85737ms step_avg:232.98ms
step:369/1695 train_loss:3.8197 train_time:85972ms step_avg:232.99ms
step:370/1695 train_loss:3.8149 train_time:86206ms step_avg:232.99ms
step:371/1695 train_loss:3.9072 train_time:86441ms step_avg:232.99ms
step:372/1695 train_loss:3.9062 train_time:86674ms step_avg:232.99ms
step:373/1695 train_loss:4.0513 train_time:86910ms step_avg:233.00ms
step:374/1695 train_loss:3.8936 train_time:87145ms step_avg:233.01ms
step:375/1695 train_loss:3.8309 train_time:87380ms step_avg:233.01ms
step:375/1695 val_loss:3.8726 train_time:87382ms step_avg:233.02ms
step:376/1695 train_loss:3.8659 train_time:87616ms step_avg:233.02ms
step:377/1695 train_loss:4.0179 train_time:87851ms step_avg:233.03ms
step:378/1695 train_loss:3.8149 train_time:88092ms step_avg:233.05ms
step:379/1695 train_loss:3.7956 train_time:88334ms step_avg:233.07ms
step:380/1695 train_loss:3.8866 train_time:88575ms step_avg:233.09ms
step:381/1695 train_loss:4.0539 train_time:88816ms step_avg:233.11ms
step:382/1695 train_loss:3.9100 train_time:89058ms step_avg:233.14ms
step:383/1695 train_loss:3.9120 train_time:89299ms step_avg:233.16ms
step:384/1695 train_loss:3.9263 train_time:89540ms step_avg:233.18ms
step:385/1695 train_loss:3.8899 train_time:89781ms step_avg:233.20ms
step:386/1695 train_loss:3.9209 train_time:90023ms step_avg:233.22ms
step:387/1695 train_loss:3.8411 train_time:90264ms step_avg:233.24ms
step:388/1695 train_loss:3.8915 train_time:90506ms step_avg:233.26ms
step:389/1695 train_loss:3.9073 train_time:90747ms step_avg:233.28ms
step:390/1695 train_loss:3.8032 train_time:90989ms step_avg:233.31ms
step:391/1695 train_loss:3.8106 train_time:91231ms step_avg:233.33ms
step:392/1695 train_loss:3.7619 train_time:91473ms step_avg:233.35ms
step:393/1695 train_loss:3.8451 train_time:91714ms step_avg:233.37ms
step:394/1695 train_loss:3.9499 train_time:91955ms step_avg:233.39ms
step:395/1695 train_loss:3.8528 train_time:92196ms step_avg:233.41ms
step:396/1695 train_loss:3.9869 train_time:92438ms step_avg:233.43ms
step:397/1695 train_loss:4.0413 train_time:92679ms step_avg:233.45ms
step:398/1695 train_loss:3.6837 train_time:92920ms step_avg:233.47ms
step:399/1695 train_loss:3.8004 train_time:93161ms step_avg:233.49ms
step:400/1695 train_loss:3.9292 train_time:93402ms step_avg:233.50ms
step:401/1695 train_loss:3.9204 train_time:93644ms step_avg:233.53ms
step:402/1695 train_loss:3.9349 train_time:93885ms step_avg:233.55ms
step:403/1695 train_loss:3.7359 train_time:94127ms step_avg:233.57ms
step:404/1695 train_loss:3.8328 train_time:94368ms step_avg:233.58ms
step:405/1695 train_loss:3.8401 train_time:94609ms step_avg:233.60ms
step:406/1695 train_loss:3.7298 train_time:94851ms step_avg:233.62ms
step:407/1695 train_loss:3.8917 train_time:95093ms step_avg:233.64ms
step:408/1695 train_loss:3.7773 train_time:95334ms step_avg:233.66ms
step:409/1695 train_loss:3.8318 train_time:95575ms step_avg:233.68ms
step:410/1695 train_loss:3.8092 train_time:95818ms step_avg:233.70ms
step:411/1695 train_loss:3.8585 train_time:96060ms step_avg:233.72ms
step:412/1695 train_loss:3.6698 train_time:96301ms step_avg:233.74ms
step:413/1695 train_loss:3.8481 train_time:96542ms step_avg:233.76ms
step:414/1695 train_loss:3.9296 train_time:96782ms step_avg:233.77ms
step:415/1695 train_loss:3.8841 train_time:97024ms step_avg:233.79ms
step:416/1695 train_loss:3.6990 train_time:97265ms step_avg:233.81ms
step:417/1695 train_loss:3.7549 train_time:97506ms step_avg:233.83ms
step:418/1695 train_loss:4.0662 train_time:97748ms step_avg:233.85ms
step:419/1695 train_loss:3.7110 train_time:97989ms step_avg:233.86ms
step:420/1695 train_loss:3.8166 train_time:98230ms step_avg:233.88ms
step:421/1695 train_loss:3.7215 train_time:98472ms step_avg:233.90ms
step:422/1695 train_loss:3.7873 train_time:98713ms step_avg:233.92ms
step:423/1695 train_loss:3.8897 train_time:98955ms step_avg:233.94ms
step:424/1695 train_loss:3.8773 train_time:99197ms step_avg:233.95ms
step:425/1695 train_loss:3.7402 train_time:99437ms step_avg:233.97ms
step:426/1695 train_loss:3.7422 train_time:99677ms step_avg:233.98ms
step:427/1695 train_loss:3.7758 train_time:99920ms step_avg:234.00ms
step:428/1695 train_loss:3.7356 train_time:100161ms step_avg:234.02ms
step:429/1695 train_loss:3.8363 train_time:100403ms step_avg:234.04ms
step:430/1695 train_loss:3.5837 train_time:100644ms step_avg:234.05ms
step:431/1695 train_loss:3.7503 train_time:100885ms step_avg:234.07ms
step:432/1695 train_loss:3.8960 train_time:101126ms step_avg:234.09ms
step:433/1695 train_loss:3.8206 train_time:101368ms step_avg:234.11ms
step:434/1695 train_loss:3.8754 train_time:101610ms step_avg:234.12ms
step:435/1695 train_loss:3.6204 train_time:101851ms step_avg:234.14ms
step:436/1695 train_loss:3.7642 train_time:102092ms step_avg:234.16ms
step:437/1695 train_loss:3.8085 train_time:102333ms step_avg:234.17ms
step:438/1695 train_loss:3.6727 train_time:102573ms step_avg:234.19ms
step:439/1695 train_loss:3.8158 train_time:102815ms step_avg:234.20ms
step:440/1695 train_loss:3.8926 train_time:103057ms step_avg:234.22ms
step:441/1695 train_loss:3.8698 train_time:103300ms step_avg:234.24ms
step:442/1695 train_loss:3.9108 train_time:103541ms step_avg:234.26ms
step:443/1695 train_loss:3.7572 train_time:103782ms step_avg:234.27ms
step:444/1695 train_loss:3.7240 train_time:104023ms step_avg:234.29ms
step:445/1695 train_loss:3.6793 train_time:104265ms step_avg:234.30ms
step:446/1695 train_loss:3.7534 train_time:104506ms step_avg:234.32ms
step:447/1695 train_loss:3.8148 train_time:104747ms step_avg:234.33ms
step:448/1695 train_loss:3.7753 train_time:104988ms step_avg:234.35ms
step:449/1695 train_loss:3.8153 train_time:105230ms step_avg:234.37ms
step:450/1695 train_loss:3.8506 train_time:105471ms step_avg:234.38ms
step:451/1695 train_loss:3.8772 train_time:105713ms step_avg:234.40ms
step:452/1695 train_loss:3.7096 train_time:105954ms step_avg:234.41ms
step:453/1695 train_loss:3.6896 train_time:106195ms step_avg:234.43ms
step:454/1695 train_loss:3.7066 train_time:106435ms step_avg:234.44ms
step:455/1695 train_loss:3.7256 train_time:106676ms step_avg:234.45ms
step:456/1695 train_loss:3.7513 train_time:106917ms step_avg:234.47ms
step:457/1695 train_loss:3.7473 train_time:107158ms step_avg:234.48ms
step:458/1695 train_loss:3.7821 train_time:107399ms step_avg:234.50ms
step:459/1695 train_loss:3.8081 train_time:107640ms step_avg:234.51ms
step:460/1695 train_loss:3.7265 train_time:107882ms step_avg:234.53ms
step:461/1695 train_loss:3.8034 train_time:108122ms step_avg:234.54ms
step:462/1695 train_loss:4.0522 train_time:108363ms step_avg:234.55ms
step:463/1695 train_loss:3.8882 train_time:108606ms step_avg:234.57ms
step:464/1695 train_loss:3.7034 train_time:108847ms step_avg:234.58ms
step:465/1695 train_loss:4.0198 train_time:109088ms step_avg:234.60ms
step:466/1695 train_loss:3.8459 train_time:109329ms step_avg:234.61ms
step:467/1695 train_loss:3.8496 train_time:109570ms step_avg:234.63ms
step:468/1695 train_loss:3.6592 train_time:109812ms step_avg:234.64ms
step:469/1695 train_loss:3.8059 train_time:110053ms step_avg:234.65ms
step:470/1695 train_loss:3.7152 train_time:110295ms step_avg:234.67ms
step:471/1695 train_loss:3.7230 train_time:110536ms step_avg:234.68ms
step:472/1695 train_loss:4.1416 train_time:110777ms step_avg:234.70ms
step:473/1695 train_loss:3.6495 train_time:111018ms step_avg:234.71ms
step:474/1695 train_loss:3.8717 train_time:111258ms step_avg:234.72ms
step:475/1695 train_loss:3.7473 train_time:111500ms step_avg:234.74ms
step:476/1695 train_loss:3.5821 train_time:111742ms step_avg:234.75ms
step:477/1695 train_loss:3.7621 train_time:111983ms step_avg:234.76ms
step:478/1695 train_loss:3.5769 train_time:112223ms step_avg:234.78ms
step:479/1695 train_loss:3.8294 train_time:112465ms step_avg:234.79ms
step:480/1695 train_loss:3.6604 train_time:112706ms step_avg:234.80ms
step:481/1695 train_loss:3.7591 train_time:112948ms step_avg:234.82ms
step:482/1695 train_loss:3.6987 train_time:113189ms step_avg:234.83ms
step:483/1695 train_loss:3.8745 train_time:113430ms step_avg:234.84ms
step:484/1695 train_loss:3.6549 train_time:113670ms step_avg:234.86ms
step:485/1695 train_loss:3.8016 train_time:113911ms step_avg:234.87ms
step:486/1695 train_loss:4.1347 train_time:114152ms step_avg:234.88ms
step:487/1695 train_loss:3.7859 train_time:114394ms step_avg:234.90ms
step:488/1695 train_loss:3.9066 train_time:114635ms step_avg:234.91ms
step:489/1695 train_loss:3.8050 train_time:114877ms step_avg:234.92ms
step:490/1695 train_loss:3.8404 train_time:115119ms step_avg:234.94ms
step:491/1695 train_loss:3.8219 train_time:115404ms step_avg:235.04ms
step:492/1695 train_loss:3.6199 train_time:115645ms step_avg:235.05ms
step:493/1695 train_loss:3.7470 train_time:115887ms step_avg:235.06ms
step:494/1695 train_loss:3.8062 train_time:116128ms step_avg:235.08ms
step:495/1695 train_loss:3.6904 train_time:116369ms step_avg:235.09ms
step:496/1695 train_loss:3.7209 train_time:116610ms step_avg:235.10ms
step:497/1695 train_loss:3.7583 train_time:116850ms step_avg:235.11ms
step:498/1695 train_loss:3.6451 train_time:117090ms step_avg:235.12ms
step:499/1695 train_loss:3.7025 train_time:117332ms step_avg:235.13ms
step:500/1695 train_loss:3.7735 train_time:117573ms step_avg:235.15ms
step:500/1695 val_loss:3.7295 train_time:117578ms step_avg:235.16ms
step:501/1695 train_loss:3.9103 train_time:117816ms step_avg:235.16ms
step:502/1695 train_loss:3.6590 train_time:118058ms step_avg:235.17ms
step:503/1695 train_loss:3.7447 train_time:118300ms step_avg:235.19ms
step:504/1695 train_loss:3.6519 train_time:118544ms step_avg:235.21ms
step:505/1695 train_loss:3.7997 train_time:118788ms step_avg:235.22ms
step:506/1695 train_loss:3.7844 train_time:119032ms step_avg:235.24ms
step:507/1695 train_loss:3.7417 train_time:119277ms step_avg:235.26ms
step:508/1695 train_loss:3.8830 train_time:119520ms step_avg:235.28ms
step:509/1695 train_loss:3.5822 train_time:119763ms step_avg:235.29ms
step:510/1695 train_loss:3.7199 train_time:120006ms step_avg:235.31ms
step:511/1695 train_loss:3.5802 train_time:120251ms step_avg:235.33ms
step:512/1695 train_loss:3.8446 train_time:120494ms step_avg:235.34ms
step:513/1695 train_loss:3.6196 train_time:120738ms step_avg:235.36ms
step:514/1695 train_loss:3.6622 train_time:120982ms step_avg:235.37ms
step:515/1695 train_loss:3.7837 train_time:121228ms step_avg:235.39ms
step:516/1695 train_loss:3.5975 train_time:121471ms step_avg:235.41ms
step:517/1695 train_loss:3.8075 train_time:121715ms step_avg:235.42ms
step:518/1695 train_loss:3.7305 train_time:121959ms step_avg:235.44ms
step:519/1695 train_loss:3.6911 train_time:122203ms step_avg:235.46ms
step:520/1695 train_loss:3.7887 train_time:122446ms step_avg:235.47ms
step:521/1695 train_loss:3.6326 train_time:122689ms step_avg:235.49ms
step:522/1695 train_loss:3.5792 train_time:122933ms step_avg:235.50ms
step:523/1695 train_loss:3.8389 train_time:123177ms step_avg:235.52ms
step:524/1695 train_loss:3.6659 train_time:123422ms step_avg:235.54ms
step:525/1695 train_loss:3.6827 train_time:123666ms step_avg:235.56ms
step:526/1695 train_loss:3.6534 train_time:123910ms step_avg:235.57ms
step:527/1695 train_loss:3.7353 train_time:124153ms step_avg:235.59ms
step:528/1695 train_loss:3.6998 train_time:124397ms step_avg:235.60ms
step:529/1695 train_loss:3.7164 train_time:124641ms step_avg:235.62ms
step:530/1695 train_loss:3.7356 train_time:124885ms step_avg:235.63ms
step:531/1695 train_loss:3.7365 train_time:125129ms step_avg:235.65ms
step:532/1695 train_loss:3.7372 train_time:125373ms step_avg:235.66ms
step:533/1695 train_loss:3.7727 train_time:125618ms step_avg:235.68ms
step:534/1695 train_loss:3.8143 train_time:125861ms step_avg:235.69ms
step:535/1695 train_loss:3.7123 train_time:126105ms step_avg:235.71ms
step:536/1695 train_loss:3.8722 train_time:126348ms step_avg:235.72ms
step:537/1695 train_loss:3.7476 train_time:126593ms step_avg:235.74ms
step:538/1695 train_loss:3.5634 train_time:126837ms step_avg:235.76ms
step:539/1695 train_loss:3.7974 train_time:127082ms step_avg:235.77ms
step:540/1695 train_loss:3.7670 train_time:127325ms step_avg:235.79ms
step:541/1695 train_loss:3.4086 train_time:127570ms step_avg:235.80ms
step:542/1695 train_loss:3.7287 train_time:127813ms step_avg:235.82ms
step:543/1695 train_loss:3.6978 train_time:128056ms step_avg:235.83ms
step:544/1695 train_loss:3.7546 train_time:128301ms step_avg:235.85ms
step:545/1695 train_loss:3.7969 train_time:128544ms step_avg:235.86ms
step:546/1695 train_loss:3.6661 train_time:128787ms step_avg:235.87ms
step:547/1695 train_loss:3.5490 train_time:129031ms step_avg:235.89ms
step:548/1695 train_loss:3.6906 train_time:129274ms step_avg:235.90ms
step:549/1695 train_loss:3.5853 train_time:129519ms step_avg:235.92ms
step:550/1695 train_loss:3.6256 train_time:129761ms step_avg:235.93ms
step:551/1695 train_loss:3.6273 train_time:130005ms step_avg:235.94ms
step:552/1695 train_loss:3.6196 train_time:130248ms step_avg:235.96ms
step:553/1695 train_loss:3.6862 train_time:130492ms step_avg:235.97ms
step:554/1695 train_loss:3.6964 train_time:130737ms step_avg:235.99ms
step:555/1695 train_loss:3.6036 train_time:130980ms step_avg:236.00ms
step:556/1695 train_loss:3.8182 train_time:131223ms step_avg:236.01ms
step:557/1695 train_loss:3.7821 train_time:131467ms step_avg:236.03ms
step:558/1695 train_loss:3.5992 train_time:131709ms step_avg:236.04ms
step:559/1695 train_loss:3.7732 train_time:131955ms step_avg:236.05ms
step:560/1695 train_loss:3.6411 train_time:132200ms step_avg:236.07ms
step:561/1695 train_loss:3.7879 train_time:132443ms step_avg:236.08ms
step:562/1695 train_loss:3.8457 train_time:132687ms step_avg:236.10ms
step:563/1695 train_loss:3.7464 train_time:132931ms step_avg:236.11ms
step:564/1695 train_loss:3.6786 train_time:133174ms step_avg:236.12ms
step:565/1695 train_loss:3.7812 train_time:133419ms step_avg:236.14ms
step:566/1695 train_loss:3.7251 train_time:133663ms step_avg:236.15ms
step:567/1695 train_loss:3.6659 train_time:133909ms step_avg:236.17ms
step:568/1695 train_loss:3.7747 train_time:134152ms step_avg:236.18ms
step:569/1695 train_loss:3.5472 train_time:134397ms step_avg:236.20ms
step:570/1695 train_loss:3.7697 train_time:134640ms step_avg:236.21ms
step:571/1695 train_loss:3.5978 train_time:134886ms step_avg:236.23ms
step:572/1695 train_loss:3.6822 train_time:135128ms step_avg:236.24ms
step:573/1695 train_loss:3.9938 train_time:135373ms step_avg:236.25ms
step:574/1695 train_loss:3.7972 train_time:135616ms step_avg:236.26ms
step:575/1695 train_loss:3.7699 train_time:135858ms step_avg:236.28ms
step:576/1695 train_loss:3.5869 train_time:136102ms step_avg:236.29ms
step:577/1695 train_loss:3.6251 train_time:136346ms step_avg:236.30ms
step:578/1695 train_loss:3.7676 train_time:136589ms step_avg:236.31ms
step:579/1695 train_loss:3.7601 train_time:136832ms step_avg:236.32ms
step:580/1695 train_loss:3.6012 train_time:137075ms step_avg:236.34ms
step:581/1695 train_loss:3.8175 train_time:137319ms step_avg:236.35ms
step:582/1695 train_loss:3.6866 train_time:137563ms step_avg:236.36ms
step:583/1695 train_loss:3.6749 train_time:137806ms step_avg:236.37ms
step:584/1695 train_loss:3.5743 train_time:138048ms step_avg:236.38ms
step:585/1695 train_loss:3.9803 train_time:138292ms step_avg:236.40ms
step:586/1695 train_loss:3.6130 train_time:138535ms step_avg:236.41ms
step:587/1695 train_loss:3.5487 train_time:138778ms step_avg:236.42ms
step:588/1695 train_loss:3.6741 train_time:139021ms step_avg:236.43ms
step:589/1695 train_loss:3.6705 train_time:139265ms step_avg:236.44ms
step:590/1695 train_loss:3.6238 train_time:139508ms step_avg:236.45ms
step:591/1695 train_loss:3.6850 train_time:139751ms step_avg:236.47ms
step:592/1695 train_loss:3.5835 train_time:139996ms step_avg:236.48ms
step:593/1695 train_loss:3.7088 train_time:140238ms step_avg:236.49ms
step:594/1695 train_loss:3.5658 train_time:140482ms step_avg:236.50ms
step:595/1695 train_loss:3.5903 train_time:140725ms step_avg:236.51ms
step:596/1695 train_loss:3.5626 train_time:140969ms step_avg:236.53ms
step:597/1695 train_loss:3.6097 train_time:141212ms step_avg:236.54ms
step:598/1695 train_loss:3.6874 train_time:141455ms step_avg:236.55ms
step:599/1695 train_loss:3.7420 train_time:141699ms step_avg:236.56ms
step:600/1695 train_loss:3.7581 train_time:141945ms step_avg:236.58ms
step:601/1695 train_loss:3.7139 train_time:142189ms step_avg:236.59ms
step:602/1695 train_loss:3.6550 train_time:142432ms step_avg:236.60ms
step:603/1695 train_loss:3.5946 train_time:142676ms step_avg:236.61ms
step:604/1695 train_loss:3.8482 train_time:142920ms step_avg:236.62ms
step:605/1695 train_loss:3.6525 train_time:143163ms step_avg:236.63ms
step:606/1695 train_loss:3.7797 train_time:143407ms step_avg:236.64ms
step:607/1695 train_loss:3.4920 train_time:143651ms step_avg:236.66ms
step:608/1695 train_loss:3.6281 train_time:143894ms step_avg:236.67ms
step:609/1695 train_loss:3.5432 train_time:144139ms step_avg:236.68ms
step:610/1695 train_loss:3.8305 train_time:144382ms step_avg:236.69ms
step:611/1695 train_loss:3.4966 train_time:144626ms step_avg:236.70ms
step:612/1695 train_loss:3.6867 train_time:144872ms step_avg:236.72ms
step:613/1695 train_loss:3.7134 train_time:145116ms step_avg:236.73ms
step:614/1695 train_loss:3.7887 train_time:145360ms step_avg:236.74ms
step:615/1695 train_loss:3.6651 train_time:145604ms step_avg:236.76ms
step:616/1695 train_loss:3.7360 train_time:145849ms step_avg:236.77ms
step:617/1695 train_loss:3.7995 train_time:146094ms step_avg:236.78ms
step:618/1695 train_loss:3.5570 train_time:146338ms step_avg:236.79ms
step:619/1695 train_loss:3.9916 train_time:146582ms step_avg:236.81ms
step:620/1695 train_loss:3.6628 train_time:146826ms step_avg:236.82ms
step:621/1695 train_loss:3.5703 train_time:147072ms step_avg:236.83ms
step:622/1695 train_loss:3.6180 train_time:147315ms step_avg:236.84ms
step:623/1695 train_loss:3.9184 train_time:147559ms step_avg:236.85ms
step:624/1695 train_loss:3.5725 train_time:147804ms step_avg:236.87ms
step:625/1695 train_loss:3.7780 train_time:148047ms step_avg:236.87ms
step:625/1695 val_loss:3.6436 train_time:148058ms step_avg:236.89ms
step:626/1695 train_loss:3.5099 train_time:148296ms step_avg:236.89ms
step:627/1695 train_loss:3.6807 train_time:148538ms step_avg:236.90ms
step:628/1695 train_loss:3.7067 train_time:148781ms step_avg:236.91ms
step:629/1695 train_loss:3.5522 train_time:149028ms step_avg:236.93ms
step:630/1695 train_loss:3.6685 train_time:149274ms step_avg:236.94ms
step:631/1695 train_loss:3.7589 train_time:149522ms step_avg:236.96ms
step:632/1695 train_loss:3.4473 train_time:149768ms step_avg:236.98ms
step:633/1695 train_loss:3.6960 train_time:150018ms step_avg:237.00ms
step:634/1695 train_loss:3.6050 train_time:150265ms step_avg:237.01ms
step:635/1695 train_loss:3.7115 train_time:150512ms step_avg:237.03ms
step:636/1695 train_loss:3.6122 train_time:150759ms step_avg:237.04ms
step:637/1695 train_loss:3.6246 train_time:151007ms step_avg:237.06ms
step:638/1695 train_loss:3.6706 train_time:151255ms step_avg:237.08ms
step:639/1695 train_loss:3.5130 train_time:151503ms step_avg:237.09ms
step:640/1695 train_loss:3.6108 train_time:151750ms step_avg:237.11ms
step:641/1695 train_loss:3.5767 train_time:151998ms step_avg:237.13ms
step:642/1695 train_loss:4.0206 train_time:152245ms step_avg:237.14ms
step:643/1695 train_loss:3.5798 train_time:152494ms step_avg:237.16ms
step:644/1695 train_loss:3.6297 train_time:152740ms step_avg:237.17ms
step:645/1695 train_loss:3.8127 train_time:152988ms step_avg:237.19ms
step:646/1695 train_loss:3.6536 train_time:153236ms step_avg:237.21ms
step:647/1695 train_loss:3.6048 train_time:153484ms step_avg:237.22ms
step:648/1695 train_loss:3.6401 train_time:153732ms step_avg:237.24ms
step:649/1695 train_loss:3.6381 train_time:153981ms step_avg:237.26ms
step:650/1695 train_loss:3.6321 train_time:154227ms step_avg:237.27ms
step:651/1695 train_loss:3.4553 train_time:154477ms step_avg:237.29ms
step:652/1695 train_loss:3.6354 train_time:154722ms step_avg:237.30ms
step:653/1695 train_loss:3.6877 train_time:154971ms step_avg:237.32ms
step:654/1695 train_loss:3.4830 train_time:155219ms step_avg:237.34ms
step:655/1695 train_loss:3.6164 train_time:155467ms step_avg:237.35ms
step:656/1695 train_loss:3.6210 train_time:155715ms step_avg:237.37ms
step:657/1695 train_loss:3.7107 train_time:155960ms step_avg:237.38ms
step:658/1695 train_loss:3.5131 train_time:156209ms step_avg:237.40ms
step:659/1695 train_loss:3.6153 train_time:156456ms step_avg:237.41ms
step:660/1695 train_loss:3.5417 train_time:156702ms step_avg:237.43ms
step:661/1695 train_loss:3.6712 train_time:156950ms step_avg:237.44ms
step:662/1695 train_loss:3.6234 train_time:157197ms step_avg:237.46ms
step:663/1695 train_loss:3.6520 train_time:157446ms step_avg:237.48ms
step:664/1695 train_loss:3.8911 train_time:157693ms step_avg:237.49ms
step:665/1695 train_loss:3.6098 train_time:157940ms step_avg:237.50ms
step:666/1695 train_loss:3.7194 train_time:158189ms step_avg:237.52ms
step:667/1695 train_loss:3.5485 train_time:158437ms step_avg:237.54ms
step:668/1695 train_loss:3.7806 train_time:158684ms step_avg:237.55ms
step:669/1695 train_loss:3.6563 train_time:158931ms step_avg:237.57ms
step:670/1695 train_loss:3.7810 train_time:159178ms step_avg:237.58ms
step:671/1695 train_loss:3.5091 train_time:159427ms step_avg:237.60ms
step:672/1695 train_loss:3.6510 train_time:159674ms step_avg:237.61ms
step:673/1695 train_loss:3.6086 train_time:159922ms step_avg:237.63ms
step:674/1695 train_loss:3.7209 train_time:160169ms step_avg:237.64ms
step:675/1695 train_loss:3.5444 train_time:160419ms step_avg:237.66ms
step:676/1695 train_loss:3.6841 train_time:160667ms step_avg:237.67ms
step:677/1695 train_loss:3.5479 train_time:160913ms step_avg:237.69ms
step:678/1695 train_loss:3.6108 train_time:161161ms step_avg:237.70ms
step:679/1695 train_loss:3.5723 train_time:161409ms step_avg:237.72ms
step:680/1695 train_loss:3.5306 train_time:161658ms step_avg:237.73ms
step:681/1695 train_loss:3.6233 train_time:161906ms step_avg:237.75ms
step:682/1695 train_loss:3.6593 train_time:162153ms step_avg:237.76ms
step:683/1695 train_loss:3.6034 train_time:162400ms step_avg:237.77ms
step:684/1695 train_loss:3.5436 train_time:162647ms step_avg:237.79ms
step:685/1695 train_loss:3.8528 train_time:162896ms step_avg:237.80ms
step:686/1695 train_loss:3.3436 train_time:163143ms step_avg:237.82ms
step:687/1695 train_loss:3.6722 train_time:163390ms step_avg:237.83ms
step:688/1695 train_loss:3.4916 train_time:163638ms step_avg:237.85ms
step:689/1695 train_loss:3.6535 train_time:163886ms step_avg:237.86ms
step:690/1695 train_loss:3.6240 train_time:164134ms step_avg:237.88ms
step:691/1695 train_loss:3.8054 train_time:164381ms step_avg:237.89ms
step:692/1695 train_loss:3.5667 train_time:164629ms step_avg:237.90ms
step:693/1695 train_loss:3.0550 train_time:164879ms step_avg:237.92ms
step:694/1695 train_loss:3.5595 train_time:165124ms step_avg:237.93ms
step:695/1695 train_loss:3.6703 train_time:165371ms step_avg:237.94ms
step:696/1695 train_loss:3.5964 train_time:165617ms step_avg:237.96ms
step:697/1695 train_loss:3.5614 train_time:165864ms step_avg:237.97ms
step:698/1695 train_loss:3.8505 train_time:166112ms step_avg:237.98ms
step:699/1695 train_loss:3.6288 train_time:166360ms step_avg:238.00ms
step:700/1695 train_loss:3.6561 train_time:166608ms step_avg:238.01ms
step:701/1695 train_loss:3.5375 train_time:166855ms step_avg:238.02ms
step:702/1695 train_loss:3.7202 train_time:167103ms step_avg:238.04ms
step:703/1695 train_loss:3.5626 train_time:167351ms step_avg:238.05ms
step:704/1695 train_loss:3.4900 train_time:167600ms step_avg:238.07ms
step:705/1695 train_loss:3.6457 train_time:167845ms step_avg:238.08ms
step:706/1695 train_loss:3.8754 train_time:168093ms step_avg:238.09ms
step:707/1695 train_loss:3.4658 train_time:168342ms step_avg:238.11ms
step:708/1695 train_loss:3.7066 train_time:168588ms step_avg:238.12ms
step:709/1695 train_loss:3.4378 train_time:168837ms step_avg:238.13ms
step:710/1695 train_loss:3.6166 train_time:169084ms step_avg:238.15ms
step:711/1695 train_loss:3.5859 train_time:169332ms step_avg:238.16ms
step:712/1695 train_loss:3.5209 train_time:169579ms step_avg:238.17ms
step:713/1695 train_loss:3.6196 train_time:169827ms step_avg:238.19ms
step:714/1695 train_loss:3.6302 train_time:170075ms step_avg:238.20ms
step:715/1695 train_loss:3.5593 train_time:170322ms step_avg:238.21ms
step:716/1695 train_loss:3.5920 train_time:170568ms step_avg:238.22ms
step:717/1695 train_loss:3.6266 train_time:170817ms step_avg:238.24ms
step:718/1695 train_loss:3.4974 train_time:171064ms step_avg:238.25ms
step:719/1695 train_loss:3.6100 train_time:171313ms step_avg:238.27ms
step:720/1695 train_loss:3.5604 train_time:171561ms step_avg:238.28ms
step:721/1695 train_loss:3.5539 train_time:171808ms step_avg:238.29ms
step:722/1695 train_loss:3.8783 train_time:172055ms step_avg:238.30ms
step:723/1695 train_loss:3.6193 train_time:172302ms step_avg:238.32ms
step:724/1695 train_loss:3.7437 train_time:172549ms step_avg:238.33ms
step:725/1695 train_loss:3.5795 train_time:172798ms step_avg:238.34ms
step:726/1695 train_loss:3.5587 train_time:173044ms step_avg:238.35ms
step:727/1695 train_loss:3.3278 train_time:173290ms step_avg:238.36ms
step:728/1695 train_loss:3.6051 train_time:173538ms step_avg:238.38ms
step:729/1695 train_loss:3.6153 train_time:173785ms step_avg:238.39ms
step:730/1695 train_loss:3.5161 train_time:174032ms step_avg:238.40ms
step:731/1695 train_loss:3.5727 train_time:174279ms step_avg:238.41ms
step:732/1695 train_loss:3.6728 train_time:174530ms step_avg:238.43ms
step:733/1695 train_loss:3.6257 train_time:174776ms step_avg:238.44ms
step:734/1695 train_loss:3.5822 train_time:175024ms step_avg:238.45ms
step:735/1695 train_loss:3.4274 train_time:175270ms step_avg:238.46ms
step:736/1695 train_loss:3.6912 train_time:175561ms step_avg:238.53ms
step:737/1695 train_loss:3.6047 train_time:175807ms step_avg:238.54ms
step:738/1695 train_loss:3.5239 train_time:176056ms step_avg:238.56ms
step:739/1695 train_loss:3.6263 train_time:176302ms step_avg:238.57ms
step:740/1695 train_loss:3.6808 train_time:176551ms step_avg:238.58ms
step:741/1695 train_loss:3.5491 train_time:176798ms step_avg:238.59ms
step:742/1695 train_loss:3.6804 train_time:177046ms step_avg:238.61ms
step:743/1695 train_loss:3.7546 train_time:177294ms step_avg:238.62ms
step:744/1695 train_loss:3.5728 train_time:177542ms step_avg:238.63ms
step:745/1695 train_loss:3.5345 train_time:177790ms step_avg:238.64ms
step:746/1695 train_loss:3.7892 train_time:178037ms step_avg:238.66ms
step:747/1695 train_loss:3.5736 train_time:178286ms step_avg:238.67ms
step:748/1695 train_loss:3.7744 train_time:178532ms step_avg:238.68ms
step:749/1695 train_loss:3.5557 train_time:178783ms step_avg:238.70ms
step:750/1695 train_loss:3.6084 train_time:179027ms step_avg:238.70ms
step:750/1695 val_loss:3.5815 train_time:179035ms step_avg:238.71ms
step:751/1695 train_loss:3.6187 train_time:179279ms step_avg:238.72ms
step:752/1695 train_loss:3.6491 train_time:179527ms step_avg:238.73ms
step:753/1695 train_loss:3.5901 train_time:179774ms step_avg:238.74ms
step:754/1695 train_loss:3.5143 train_time:180020ms step_avg:238.75ms
step:755/1695 train_loss:3.5745 train_time:180269ms step_avg:238.77ms
step:756/1695 train_loss:4.5011 train_time:180518ms step_avg:238.78ms
step:757/1695 train_loss:3.5341 train_time:180767ms step_avg:238.79ms
step:758/1695 train_loss:3.6611 train_time:181013ms step_avg:238.80ms
step:759/1695 train_loss:3.5019 train_time:181263ms step_avg:238.82ms
step:760/1695 train_loss:3.5571 train_time:181511ms step_avg:238.83ms
step:761/1695 train_loss:3.5754 train_time:181760ms step_avg:238.84ms
step:762/1695 train_loss:3.3982 train_time:182008ms step_avg:238.86ms
step:763/1695 train_loss:3.6768 train_time:182258ms step_avg:238.87ms
step:764/1695 train_loss:3.6717 train_time:182506ms step_avg:238.88ms
step:765/1695 train_loss:3.4540 train_time:182755ms step_avg:238.90ms
step:766/1695 train_loss:3.5182 train_time:183005ms step_avg:238.91ms
step:767/1695 train_loss:4.0365 train_time:183255ms step_avg:238.92ms
step:768/1695 train_loss:3.5447 train_time:183502ms step_avg:238.93ms
step:769/1695 train_loss:3.5392 train_time:183752ms step_avg:238.95ms
step:770/1695 train_loss:3.4786 train_time:184002ms step_avg:238.96ms
step:771/1695 train_loss:3.6268 train_time:184250ms step_avg:238.97ms
step:772/1695 train_loss:3.6034 train_time:184501ms step_avg:238.99ms
step:773/1695 train_loss:3.5093 train_time:184747ms step_avg:239.00ms
step:774/1695 train_loss:3.5874 train_time:184996ms step_avg:239.01ms
step:775/1695 train_loss:3.5277 train_time:185244ms step_avg:239.02ms
step:776/1695 train_loss:3.6561 train_time:185492ms step_avg:239.04ms
step:777/1695 train_loss:3.5014 train_time:185741ms step_avg:239.05ms
step:778/1695 train_loss:3.6575 train_time:185990ms step_avg:239.06ms
step:779/1695 train_loss:3.4300 train_time:186238ms step_avg:239.07ms
step:780/1695 train_loss:3.5718 train_time:186487ms step_avg:239.09ms
step:781/1695 train_loss:3.6248 train_time:186734ms step_avg:239.10ms
step:782/1695 train_loss:3.6077 train_time:186984ms step_avg:239.11ms
step:783/1695 train_loss:3.3935 train_time:187235ms step_avg:239.13ms
step:784/1695 train_loss:3.5391 train_time:187483ms step_avg:239.14ms
step:785/1695 train_loss:3.5937 train_time:187731ms step_avg:239.15ms
step:786/1695 train_loss:3.5605 train_time:187980ms step_avg:239.16ms
step:787/1695 train_loss:3.4430 train_time:188227ms step_avg:239.17ms
step:788/1695 train_loss:3.5148 train_time:188477ms step_avg:239.18ms
step:789/1695 train_loss:3.6486 train_time:188727ms step_avg:239.20ms
step:790/1695 train_loss:3.4468 train_time:188974ms step_avg:239.21ms
step:791/1695 train_loss:3.5511 train_time:189222ms step_avg:239.22ms
step:792/1695 train_loss:3.5842 train_time:189471ms step_avg:239.23ms
step:793/1695 train_loss:3.6012 train_time:189717ms step_avg:239.24ms
step:794/1695 train_loss:3.4732 train_time:189965ms step_avg:239.25ms
step:795/1695 train_loss:3.5509 train_time:190214ms step_avg:239.26ms
step:796/1695 train_loss:3.6940 train_time:190465ms step_avg:239.28ms
step:797/1695 train_loss:3.6642 train_time:190711ms step_avg:239.29ms
step:798/1695 train_loss:3.5230 train_time:190960ms step_avg:239.30ms
step:799/1695 train_loss:3.6534 train_time:191209ms step_avg:239.31ms
step:800/1695 train_loss:3.5752 train_time:191457ms step_avg:239.32ms
step:801/1695 train_loss:3.6166 train_time:191704ms step_avg:239.33ms
step:802/1695 train_loss:3.5117 train_time:191953ms step_avg:239.34ms
step:803/1695 train_loss:3.4396 train_time:192200ms step_avg:239.35ms
step:804/1695 train_loss:3.7357 train_time:192451ms step_avg:239.37ms
step:805/1695 train_loss:3.5174 train_time:192699ms step_avg:239.38ms
step:806/1695 train_loss:3.6479 train_time:192947ms step_avg:239.39ms
step:807/1695 train_loss:3.5163 train_time:193196ms step_avg:239.40ms
step:808/1695 train_loss:3.4706 train_time:193442ms step_avg:239.41ms
step:809/1695 train_loss:3.7245 train_time:193690ms step_avg:239.42ms
step:810/1695 train_loss:3.7088 train_time:193938ms step_avg:239.43ms
step:811/1695 train_loss:3.5408 train_time:194187ms step_avg:239.44ms
step:812/1695 train_loss:3.6398 train_time:194436ms step_avg:239.45ms
step:813/1695 train_loss:3.5902 train_time:194684ms step_avg:239.46ms
step:814/1695 train_loss:3.5883 train_time:194934ms step_avg:239.48ms
step:815/1695 train_loss:3.5999 train_time:195180ms step_avg:239.49ms
step:816/1695 train_loss:3.5654 train_time:195429ms step_avg:239.50ms
step:817/1695 train_loss:3.4225 train_time:195679ms step_avg:239.51ms
step:818/1695 train_loss:3.5841 train_time:195925ms step_avg:239.52ms
step:819/1695 train_loss:3.6634 train_time:196174ms step_avg:239.53ms
step:820/1695 train_loss:3.7004 train_time:196422ms step_avg:239.54ms
step:821/1695 train_loss:3.6226 train_time:196669ms step_avg:239.55ms
step:822/1695 train_loss:3.6173 train_time:196917ms step_avg:239.56ms
step:823/1695 train_loss:3.6951 train_time:197166ms step_avg:239.57ms
step:824/1695 train_loss:3.7510 train_time:197414ms step_avg:239.58ms
step:825/1695 train_loss:3.5922 train_time:197662ms step_avg:239.59ms
step:826/1695 train_loss:3.5791 train_time:197911ms step_avg:239.60ms
step:827/1695 train_loss:3.7071 train_time:198160ms step_avg:239.61ms
step:828/1695 train_loss:3.6255 train_time:198409ms step_avg:239.62ms
step:829/1695 train_loss:3.6162 train_time:198657ms step_avg:239.63ms
step:830/1695 train_loss:3.5526 train_time:198907ms step_avg:239.65ms
step:831/1695 train_loss:3.7173 train_time:199155ms step_avg:239.66ms
step:832/1695 train_loss:3.7872 train_time:199402ms step_avg:239.67ms
step:833/1695 train_loss:3.5953 train_time:199650ms step_avg:239.68ms
step:834/1695 train_loss:3.6523 train_time:199900ms step_avg:239.69ms
step:835/1695 train_loss:3.5504 train_time:200148ms step_avg:239.70ms
step:836/1695 train_loss:3.6140 train_time:200396ms step_avg:239.71ms
step:837/1695 train_loss:3.6441 train_time:200647ms step_avg:239.72ms
step:838/1695 train_loss:3.5940 train_time:200894ms step_avg:239.73ms
step:839/1695 train_loss:3.3791 train_time:201143ms step_avg:239.74ms
step:840/1695 train_loss:3.2666 train_time:201392ms step_avg:239.75ms
step:841/1695 train_loss:3.4646 train_time:201641ms step_avg:239.76ms
step:842/1695 train_loss:3.5287 train_time:201892ms step_avg:239.78ms
step:843/1695 train_loss:3.6620 train_time:202140ms step_avg:239.79ms
step:844/1695 train_loss:3.5805 train_time:202389ms step_avg:239.80ms
step:845/1695 train_loss:3.5258 train_time:202636ms step_avg:239.81ms
step:846/1695 train_loss:3.5673 train_time:202886ms step_avg:239.82ms
step:847/1695 train_loss:3.5548 train_time:203136ms step_avg:239.83ms
step:848/1695 train_loss:3.5943 train_time:203383ms step_avg:239.84ms
step:849/1695 train_loss:3.7155 train_time:203632ms step_avg:239.85ms
step:850/1695 train_loss:3.6313 train_time:203880ms step_avg:239.86ms
step:851/1695 train_loss:3.6902 train_time:204128ms step_avg:239.87ms
step:852/1695 train_loss:3.6469 train_time:204377ms step_avg:239.88ms
step:853/1695 train_loss:3.6795 train_time:204625ms step_avg:239.89ms
step:854/1695 train_loss:3.6861 train_time:204872ms step_avg:239.90ms
step:855/1695 train_loss:3.5613 train_time:205120ms step_avg:239.91ms
step:856/1695 train_loss:3.5367 train_time:205368ms step_avg:239.92ms
step:857/1695 train_loss:3.5188 train_time:205617ms step_avg:239.93ms
step:858/1695 train_loss:3.6168 train_time:205865ms step_avg:239.94ms
step:859/1695 train_loss:3.4803 train_time:206113ms step_avg:239.95ms
step:860/1695 train_loss:3.5300 train_time:206362ms step_avg:239.96ms
step:861/1695 train_loss:3.6234 train_time:206611ms step_avg:239.97ms
step:862/1695 train_loss:3.5582 train_time:206857ms step_avg:239.97ms
step:863/1695 train_loss:3.4562 train_time:207105ms step_avg:239.98ms
step:864/1695 train_loss:3.6881 train_time:207354ms step_avg:239.99ms
step:865/1695 train_loss:3.4418 train_time:207603ms step_avg:240.00ms
step:866/1695 train_loss:3.5367 train_time:207850ms step_avg:240.01ms
step:867/1695 train_loss:3.6299 train_time:208098ms step_avg:240.02ms
step:868/1695 train_loss:3.8901 train_time:208346ms step_avg:240.03ms
step:869/1695 train_loss:3.4306 train_time:208595ms step_avg:240.04ms
step:870/1695 train_loss:3.5520 train_time:208841ms step_avg:240.05ms
step:871/1695 train_loss:3.5104 train_time:209093ms step_avg:240.06ms
step:872/1695 train_loss:3.4692 train_time:209342ms step_avg:240.07ms
step:873/1695 train_loss:3.5525 train_time:209590ms step_avg:240.08ms
step:874/1695 train_loss:3.4958 train_time:209840ms step_avg:240.09ms
step:875/1695 train_loss:3.5895 train_time:210088ms step_avg:240.10ms
step:875/1695 val_loss:3.5319 train_time:210096ms step_avg:240.11ms
step:876/1695 train_loss:3.4916 train_time:210338ms step_avg:240.11ms
step:877/1695 train_loss:3.5260 train_time:210589ms step_avg:240.12ms
step:878/1695 train_loss:3.5166 train_time:210836ms step_avg:240.13ms
step:879/1695 train_loss:3.4607 train_time:211084ms step_avg:240.14ms
step:880/1695 train_loss:3.4660 train_time:211336ms step_avg:240.15ms
step:881/1695 train_loss:3.5293 train_time:211587ms step_avg:240.17ms
step:882/1695 train_loss:3.5604 train_time:211843ms step_avg:240.19ms
step:883/1695 train_loss:3.2292 train_time:212098ms step_avg:240.20ms
step:884/1695 train_loss:3.6193 train_time:212349ms step_avg:240.21ms
step:885/1695 train_loss:3.5176 train_time:212604ms step_avg:240.23ms
step:886/1695 train_loss:3.5974 train_time:212857ms step_avg:240.24ms
step:887/1695 train_loss:3.4396 train_time:213111ms step_avg:240.26ms
step:888/1695 train_loss:3.6203 train_time:213361ms step_avg:240.27ms
step:889/1695 train_loss:3.5898 train_time:213619ms step_avg:240.29ms
step:890/1695 train_loss:3.4933 train_time:213868ms step_avg:240.30ms
step:891/1695 train_loss:3.3845 train_time:214122ms step_avg:240.32ms
step:892/1695 train_loss:3.5648 train_time:214373ms step_avg:240.33ms
step:893/1695 train_loss:3.2884 train_time:214628ms step_avg:240.35ms
step:894/1695 train_loss:3.4629 train_time:214879ms step_avg:240.36ms
step:895/1695 train_loss:3.5124 train_time:215134ms step_avg:240.37ms
step:896/1695 train_loss:3.6612 train_time:215384ms step_avg:240.38ms
step:897/1695 train_loss:3.2443 train_time:215638ms step_avg:240.40ms
step:898/1695 train_loss:3.5223 train_time:215888ms step_avg:240.41ms
step:899/1695 train_loss:3.4914 train_time:216140ms step_avg:240.42ms
step:900/1695 train_loss:3.5025 train_time:216392ms step_avg:240.44ms
step:901/1695 train_loss:3.3773 train_time:216647ms step_avg:240.45ms
step:902/1695 train_loss:3.5293 train_time:216900ms step_avg:240.47ms
step:903/1695 train_loss:3.5141 train_time:217155ms step_avg:240.48ms
step:904/1695 train_loss:3.6324 train_time:217409ms step_avg:240.50ms
step:905/1695 train_loss:3.5789 train_time:217660ms step_avg:240.51ms
step:906/1695 train_loss:3.5309 train_time:217914ms step_avg:240.52ms
step:907/1695 train_loss:3.4574 train_time:218166ms step_avg:240.54ms
step:908/1695 train_loss:3.6591 train_time:218417ms step_avg:240.55ms
step:909/1695 train_loss:3.6765 train_time:218670ms step_avg:240.56ms
step:910/1695 train_loss:3.5740 train_time:218920ms step_avg:240.57ms
step:911/1695 train_loss:3.4481 train_time:219173ms step_avg:240.59ms
step:912/1695 train_loss:3.5315 train_time:219426ms step_avg:240.60ms
step:913/1695 train_loss:3.4109 train_time:219678ms step_avg:240.61ms
step:914/1695 train_loss:3.5027 train_time:219934ms step_avg:240.63ms
step:915/1695 train_loss:3.6643 train_time:220187ms step_avg:240.64ms
step:916/1695 train_loss:3.5281 train_time:220438ms step_avg:240.65ms
step:917/1695 train_loss:3.5403 train_time:220694ms step_avg:240.67ms
step:918/1695 train_loss:3.5316 train_time:220945ms step_avg:240.68ms
step:919/1695 train_loss:3.5691 train_time:221201ms step_avg:240.70ms
step:920/1695 train_loss:3.6604 train_time:221456ms step_avg:240.71ms
step:921/1695 train_loss:3.4888 train_time:221707ms step_avg:240.72ms
step:922/1695 train_loss:3.6040 train_time:221958ms step_avg:240.74ms
step:923/1695 train_loss:3.6127 train_time:222212ms step_avg:240.75ms
step:924/1695 train_loss:3.6829 train_time:222462ms step_avg:240.76ms
step:925/1695 train_loss:3.4285 train_time:222715ms step_avg:240.77ms
step:926/1695 train_loss:3.6348 train_time:222969ms step_avg:240.79ms
step:927/1695 train_loss:3.4568 train_time:223220ms step_avg:240.80ms
step:928/1695 train_loss:3.4858 train_time:223473ms step_avg:240.81ms
step:929/1695 train_loss:3.4802 train_time:223724ms step_avg:240.82ms
step:930/1695 train_loss:3.4161 train_time:223977ms step_avg:240.84ms
step:931/1695 train_loss:3.6551 train_time:224233ms step_avg:240.85ms
step:932/1695 train_loss:3.6190 train_time:224484ms step_avg:240.86ms
step:933/1695 train_loss:3.5473 train_time:224739ms step_avg:240.88ms
step:934/1695 train_loss:3.5562 train_time:224990ms step_avg:240.89ms
step:935/1695 train_loss:3.4629 train_time:225251ms step_avg:240.91ms
step:936/1695 train_loss:3.4546 train_time:225498ms step_avg:240.92ms
step:937/1695 train_loss:3.5901 train_time:225754ms step_avg:240.93ms
step:938/1695 train_loss:3.4464 train_time:226008ms step_avg:240.95ms
step:939/1695 train_loss:3.6083 train_time:226261ms step_avg:240.96ms
step:940/1695 train_loss:3.6005 train_time:226514ms step_avg:240.97ms
step:941/1695 train_loss:3.5513 train_time:226768ms step_avg:240.99ms
step:942/1695 train_loss:3.6913 train_time:227020ms step_avg:241.00ms
step:943/1695 train_loss:3.7103 train_time:227277ms step_avg:241.01ms
step:944/1695 train_loss:3.5856 train_time:227528ms step_avg:241.03ms
step:945/1695 train_loss:3.7660 train_time:227780ms step_avg:241.04ms
step:946/1695 train_loss:3.5113 train_time:228033ms step_avg:241.05ms
step:947/1695 train_loss:4.4991 train_time:228291ms step_avg:241.07ms
step:948/1695 train_loss:3.4848 train_time:228541ms step_avg:241.08ms
step:949/1695 train_loss:3.7836 train_time:228798ms step_avg:241.09ms
step:950/1695 train_loss:3.3019 train_time:229052ms step_avg:241.11ms
step:951/1695 train_loss:3.6267 train_time:229304ms step_avg:241.12ms
step:952/1695 train_loss:3.5142 train_time:229556ms step_avg:241.13ms
step:953/1695 train_loss:3.5430 train_time:229806ms step_avg:241.14ms
step:954/1695 train_loss:3.5839 train_time:230058ms step_avg:241.15ms
step:955/1695 train_loss:3.5530 train_time:230314ms step_avg:241.17ms
step:956/1695 train_loss:3.4359 train_time:230565ms step_avg:241.18ms
step:957/1695 train_loss:3.6139 train_time:230820ms step_avg:241.19ms
step:958/1695 train_loss:3.3110 train_time:231072ms step_avg:241.20ms
step:959/1695 train_loss:3.5027 train_time:231323ms step_avg:241.21ms
step:960/1695 train_loss:3.3810 train_time:231578ms step_avg:241.23ms
step:961/1695 train_loss:3.6562 train_time:231831ms step_avg:241.24ms
step:962/1695 train_loss:3.4946 train_time:232086ms step_avg:241.25ms
step:963/1695 train_loss:3.6133 train_time:232337ms step_avg:241.26ms
step:964/1695 train_loss:3.4972 train_time:232593ms step_avg:241.28ms
step:965/1695 train_loss:3.6413 train_time:232846ms step_avg:241.29ms
step:966/1695 train_loss:3.4028 train_time:233098ms step_avg:241.30ms
step:967/1695 train_loss:3.5447 train_time:233352ms step_avg:241.31ms
step:968/1695 train_loss:3.6510 train_time:233610ms step_avg:241.33ms
step:969/1695 train_loss:3.4024 train_time:233862ms step_avg:241.34ms
step:970/1695 train_loss:3.5647 train_time:234111ms step_avg:241.35ms
step:971/1695 train_loss:3.5442 train_time:234364ms step_avg:241.36ms
step:972/1695 train_loss:3.5716 train_time:234617ms step_avg:241.38ms
step:973/1695 train_loss:3.3914 train_time:234869ms step_avg:241.39ms
step:974/1695 train_loss:3.4170 train_time:235120ms step_avg:241.40ms
step:975/1695 train_loss:3.5268 train_time:235371ms step_avg:241.41ms
step:976/1695 train_loss:3.4682 train_time:235625ms step_avg:241.42ms
step:977/1695 train_loss:3.5392 train_time:235877ms step_avg:241.43ms
step:978/1695 train_loss:3.5308 train_time:236131ms step_avg:241.44ms
step:979/1695 train_loss:3.3508 train_time:236381ms step_avg:241.45ms
step:980/1695 train_loss:3.4063 train_time:236678ms step_avg:241.51ms
step:981/1695 train_loss:3.4461 train_time:236928ms step_avg:241.52ms
step:982/1695 train_loss:3.3469 train_time:237179ms step_avg:241.53ms
step:983/1695 train_loss:3.4589 train_time:237434ms step_avg:241.54ms
step:984/1695 train_loss:3.4643 train_time:237687ms step_avg:241.55ms
step:985/1695 train_loss:3.5603 train_time:237940ms step_avg:241.56ms
step:986/1695 train_loss:3.5413 train_time:238193ms step_avg:241.58ms
step:987/1695 train_loss:3.4182 train_time:238448ms step_avg:241.59ms
step:988/1695 train_loss:3.7244 train_time:238701ms step_avg:241.60ms
step:989/1695 train_loss:3.4735 train_time:238950ms step_avg:241.61ms
step:990/1695 train_loss:3.3798 train_time:239203ms step_avg:241.62ms
step:991/1695 train_loss:3.5927 train_time:239454ms step_avg:241.63ms
step:992/1695 train_loss:3.2711 train_time:239708ms step_avg:241.64ms
step:993/1695 train_loss:3.6141 train_time:239961ms step_avg:241.65ms
step:994/1695 train_loss:3.5188 train_time:240213ms step_avg:241.66ms
step:995/1695 train_loss:3.5754 train_time:240464ms step_avg:241.67ms
step:996/1695 train_loss:3.3831 train_time:240722ms step_avg:241.69ms
step:997/1695 train_loss:3.4994 train_time:240974ms step_avg:241.70ms
step:998/1695 train_loss:3.5050 train_time:241225ms step_avg:241.71ms
step:999/1695 train_loss:3.4644 train_time:241478ms step_avg:241.72ms
step:1000/1695 train_loss:3.5299 train_time:241736ms step_avg:241.74ms
step:1000/1695 val_loss:3.4879 train_time:241743ms step_avg:241.74ms
step:1001/1695 train_loss:3.6065 train_time:241991ms step_avg:241.75ms
step:1002/1695 train_loss:3.4374 train_time:242243ms step_avg:241.76ms
step:1003/1695 train_loss:3.5959 train_time:242495ms step_avg:241.77ms
step:1004/1695 train_loss:3.3585 train_time:242750ms step_avg:241.78ms
step:1005/1695 train_loss:3.6055 train_time:243003ms step_avg:241.79ms
step:1006/1695 train_loss:3.4960 train_time:243255ms step_avg:241.80ms
step:1007/1695 train_loss:3.5736 train_time:243508ms step_avg:241.81ms
step:1008/1695 train_loss:3.4598 train_time:243759ms step_avg:241.82ms
step:1009/1695 train_loss:3.4839 train_time:244013ms step_avg:241.84ms
step:1010/1695 train_loss:3.4489 train_time:244265ms step_avg:241.85ms
step:1011/1695 train_loss:3.4898 train_time:244517ms step_avg:241.86ms
step:1012/1695 train_loss:3.3609 train_time:244774ms step_avg:241.87ms
step:1013/1695 train_loss:3.5507 train_time:245028ms step_avg:241.88ms
step:1014/1695 train_loss:3.5201 train_time:245280ms step_avg:241.89ms
step:1015/1695 train_loss:3.3994 train_time:245535ms step_avg:241.91ms
step:1016/1695 train_loss:3.4758 train_time:245788ms step_avg:241.92ms
step:1017/1695 train_loss:3.4746 train_time:246041ms step_avg:241.93ms
step:1018/1695 train_loss:3.4712 train_time:246296ms step_avg:241.94ms
step:1019/1695 train_loss:3.8007 train_time:246548ms step_avg:241.95ms
step:1020/1695 train_loss:3.4656 train_time:246802ms step_avg:241.96ms
step:1021/1695 train_loss:3.5300 train_time:247055ms step_avg:241.97ms
step:1022/1695 train_loss:3.6144 train_time:247310ms step_avg:241.99ms
step:1023/1695 train_loss:3.5332 train_time:247560ms step_avg:241.99ms
step:1024/1695 train_loss:3.6393 train_time:247822ms step_avg:242.01ms
step:1025/1695 train_loss:3.4542 train_time:248076ms step_avg:242.03ms
step:1026/1695 train_loss:3.4448 train_time:248331ms step_avg:242.04ms
step:1027/1695 train_loss:3.1683 train_time:248587ms step_avg:242.05ms
step:1028/1695 train_loss:3.4155 train_time:248839ms step_avg:242.06ms
step:1029/1695 train_loss:3.4909 train_time:249096ms step_avg:242.08ms
step:1030/1695 train_loss:3.3068 train_time:249350ms step_avg:242.09ms
step:1031/1695 train_loss:3.5691 train_time:249604ms step_avg:242.10ms
step:1032/1695 train_loss:3.5733 train_time:249856ms step_avg:242.11ms
step:1033/1695 train_loss:3.3133 train_time:250112ms step_avg:242.12ms
step:1034/1695 train_loss:3.4943 train_time:250361ms step_avg:242.13ms
step:1035/1695 train_loss:3.5391 train_time:250614ms step_avg:242.14ms
step:1036/1695 train_loss:3.5605 train_time:250867ms step_avg:242.15ms
step:1037/1695 train_loss:3.5290 train_time:251120ms step_avg:242.16ms
step:1038/1695 train_loss:3.3733 train_time:251375ms step_avg:242.17ms
step:1039/1695 train_loss:3.7324 train_time:251631ms step_avg:242.19ms
step:1040/1695 train_loss:3.4850 train_time:251883ms step_avg:242.19ms
step:1041/1695 train_loss:3.5314 train_time:252134ms step_avg:242.20ms
step:1042/1695 train_loss:3.5080 train_time:252388ms step_avg:242.22ms
step:1043/1695 train_loss:3.5137 train_time:252641ms step_avg:242.23ms
step:1044/1695 train_loss:3.6196 train_time:252895ms step_avg:242.24ms
step:1045/1695 train_loss:3.4985 train_time:253144ms step_avg:242.24ms
step:1046/1695 train_loss:3.4890 train_time:253401ms step_avg:242.26ms
step:1047/1695 train_loss:3.6509 train_time:253652ms step_avg:242.27ms
step:1048/1695 train_loss:3.3456 train_time:253905ms step_avg:242.28ms
step:1049/1695 train_loss:3.4038 train_time:254159ms step_avg:242.29ms
step:1050/1695 train_loss:3.3818 train_time:254417ms step_avg:242.30ms
step:1051/1695 train_loss:3.6484 train_time:254669ms step_avg:242.31ms
step:1052/1695 train_loss:3.4755 train_time:254922ms step_avg:242.32ms
step:1053/1695 train_loss:3.4857 train_time:255176ms step_avg:242.33ms
step:1054/1695 train_loss:3.5323 train_time:255429ms step_avg:242.34ms
step:1055/1695 train_loss:3.7851 train_time:255683ms step_avg:242.35ms
step:1056/1695 train_loss:3.4502 train_time:255940ms step_avg:242.37ms
step:1057/1695 train_loss:3.4348 train_time:256191ms step_avg:242.38ms
step:1058/1695 train_loss:3.5288 train_time:256446ms step_avg:242.39ms
step:1059/1695 train_loss:3.4650 train_time:256701ms step_avg:242.40ms
step:1060/1695 train_loss:3.4158 train_time:256955ms step_avg:242.41ms
step:1061/1695 train_loss:3.3161 train_time:257205ms step_avg:242.42ms
step:1062/1695 train_loss:3.4380 train_time:257459ms step_avg:242.43ms
step:1063/1695 train_loss:3.3950 train_time:257709ms step_avg:242.44ms
step:1064/1695 train_loss:3.5554 train_time:257965ms step_avg:242.45ms
step:1065/1695 train_loss:3.3431 train_time:258218ms step_avg:242.46ms
step:1066/1695 train_loss:3.4519 train_time:258471ms step_avg:242.47ms
step:1067/1695 train_loss:3.4479 train_time:258727ms step_avg:242.48ms
step:1068/1695 train_loss:3.4603 train_time:258983ms step_avg:242.49ms
step:1069/1695 train_loss:3.4859 train_time:259233ms step_avg:242.50ms
step:1070/1695 train_loss:3.4617 train_time:259490ms step_avg:242.51ms
step:1071/1695 train_loss:3.6396 train_time:259742ms step_avg:242.52ms
step:1072/1695 train_loss:3.4371 train_time:260001ms step_avg:242.54ms
step:1073/1695 train_loss:3.5892 train_time:260254ms step_avg:242.55ms
step:1074/1695 train_loss:3.4894 train_time:260510ms step_avg:242.56ms
step:1075/1695 train_loss:3.5573 train_time:260761ms step_avg:242.57ms
step:1076/1695 train_loss:3.4610 train_time:261012ms step_avg:242.58ms
step:1077/1695 train_loss:3.6147 train_time:261266ms step_avg:242.59ms
step:1078/1695 train_loss:3.4135 train_time:261519ms step_avg:242.60ms
step:1079/1695 train_loss:3.5898 train_time:261774ms step_avg:242.61ms
step:1080/1695 train_loss:3.4410 train_time:262023ms step_avg:242.61ms
step:1081/1695 train_loss:3.3961 train_time:262278ms step_avg:242.63ms
step:1082/1695 train_loss:3.3914 train_time:262533ms step_avg:242.64ms
step:1083/1695 train_loss:3.3299 train_time:262783ms step_avg:242.64ms
step:1084/1695 train_loss:3.5138 train_time:263041ms step_avg:242.66ms
step:1085/1695 train_loss:3.5772 train_time:263294ms step_avg:242.67ms
step:1086/1695 train_loss:3.4557 train_time:263547ms step_avg:242.68ms
step:1087/1695 train_loss:3.7022 train_time:263798ms step_avg:242.68ms
step:1088/1695 train_loss:3.5382 train_time:264052ms step_avg:242.69ms
step:1089/1695 train_loss:3.3401 train_time:264306ms step_avg:242.70ms
step:1090/1695 train_loss:3.4632 train_time:264560ms step_avg:242.72ms
step:1091/1695 train_loss:3.3733 train_time:264812ms step_avg:242.72ms
step:1092/1695 train_loss:3.3644 train_time:265068ms step_avg:242.74ms
step:1093/1695 train_loss:3.6266 train_time:265323ms step_avg:242.75ms
step:1094/1695 train_loss:3.4138 train_time:265574ms step_avg:242.76ms
step:1095/1695 train_loss:3.5136 train_time:265826ms step_avg:242.76ms
step:1096/1695 train_loss:3.3560 train_time:266087ms step_avg:242.78ms
step:1097/1695 train_loss:3.4576 train_time:266335ms step_avg:242.78ms
step:1098/1695 train_loss:3.5138 train_time:266592ms step_avg:242.80ms
step:1099/1695 train_loss:3.7159 train_time:266845ms step_avg:242.81ms
step:1100/1695 train_loss:3.5817 train_time:267094ms step_avg:242.81ms
step:1101/1695 train_loss:3.5066 train_time:267347ms step_avg:242.82ms
step:1102/1695 train_loss:3.5412 train_time:267601ms step_avg:242.83ms
step:1103/1695 train_loss:3.4330 train_time:267853ms step_avg:242.84ms
step:1104/1695 train_loss:3.5372 train_time:268106ms step_avg:242.85ms
step:1105/1695 train_loss:3.1689 train_time:268363ms step_avg:242.86ms
step:1106/1695 train_loss:3.4018 train_time:268613ms step_avg:242.87ms
step:1107/1695 train_loss:3.4337 train_time:268871ms step_avg:242.88ms
step:1108/1695 train_loss:3.5620 train_time:269123ms step_avg:242.89ms
step:1109/1695 train_loss:3.3203 train_time:269373ms step_avg:242.90ms
step:1110/1695 train_loss:3.2399 train_time:269628ms step_avg:242.91ms
step:1111/1695 train_loss:3.5774 train_time:269881ms step_avg:242.92ms
step:1112/1695 train_loss:3.4034 train_time:270133ms step_avg:242.93ms
step:1113/1695 train_loss:3.4926 train_time:270388ms step_avg:242.94ms
step:1114/1695 train_loss:3.4556 train_time:270643ms step_avg:242.95ms
step:1115/1695 train_loss:3.4168 train_time:270897ms step_avg:242.96ms
step:1116/1695 train_loss:3.5665 train_time:271154ms step_avg:242.97ms
step:1117/1695 train_loss:3.4034 train_time:271406ms step_avg:242.98ms
step:1118/1695 train_loss:3.4150 train_time:271660ms step_avg:242.99ms
step:1119/1695 train_loss:3.4895 train_time:271912ms step_avg:243.00ms
step:1120/1695 train_loss:3.5904 train_time:272169ms step_avg:243.01ms
step:1121/1695 train_loss:3.5663 train_time:272427ms step_avg:243.02ms
step:1122/1695 train_loss:3.4639 train_time:272679ms step_avg:243.03ms
step:1123/1695 train_loss:3.2483 train_time:272935ms step_avg:243.04ms
step:1124/1695 train_loss:3.2891 train_time:273191ms step_avg:243.05ms
step:1125/1695 train_loss:3.5164 train_time:273442ms step_avg:243.06ms
step:1125/1695 val_loss:3.4367 train_time:273447ms step_avg:243.06ms
step:1126/1695 train_loss:3.3290 train_time:273699ms step_avg:243.07ms
step:1127/1695 train_loss:3.4972 train_time:273953ms step_avg:243.08ms
step:1128/1695 train_loss:3.5393 train_time:274203ms step_avg:243.09ms
step:1129/1695 train_loss:3.2324 train_time:274458ms step_avg:243.10ms
step:1130/1695 train_loss:4.0163 train_time:274713ms step_avg:243.11ms
step:1131/1695 train_loss:3.3675 train_time:274964ms step_avg:243.12ms
step:1132/1695 train_loss:3.3415 train_time:275224ms step_avg:243.13ms
step:1133/1695 train_loss:3.4120 train_time:275481ms step_avg:243.14ms
step:1134/1695 train_loss:3.6932 train_time:275741ms step_avg:243.16ms
step:1135/1695 train_loss:3.4526 train_time:275997ms step_avg:243.17ms
step:1136/1695 train_loss:3.4283 train_time:276252ms step_avg:243.18ms
step:1137/1695 train_loss:3.4160 train_time:276509ms step_avg:243.19ms
step:1138/1695 train_loss:3.6909 train_time:276764ms step_avg:243.20ms
step:1139/1695 train_loss:3.0960 train_time:277023ms step_avg:243.22ms
step:1140/1695 train_loss:3.4645 train_time:277284ms step_avg:243.23ms
step:1141/1695 train_loss:3.4879 train_time:277542ms step_avg:243.24ms
step:1142/1695 train_loss:3.4573 train_time:277798ms step_avg:243.26ms
step:1143/1695 train_loss:3.6180 train_time:278055ms step_avg:243.27ms
step:1144/1695 train_loss:3.3384 train_time:278312ms step_avg:243.28ms
step:1145/1695 train_loss:3.3732 train_time:278569ms step_avg:243.29ms
step:1146/1695 train_loss:3.5249 train_time:278824ms step_avg:243.30ms
step:1147/1695 train_loss:3.3347 train_time:279080ms step_avg:243.31ms
step:1148/1695 train_loss:3.3048 train_time:279336ms step_avg:243.32ms
step:1149/1695 train_loss:3.3759 train_time:279593ms step_avg:243.34ms
step:1150/1695 train_loss:3.2885 train_time:279853ms step_avg:243.35ms
step:1151/1695 train_loss:3.3331 train_time:280110ms step_avg:243.36ms
step:1152/1695 train_loss:3.4489 train_time:280369ms step_avg:243.38ms
step:1153/1695 train_loss:3.6159 train_time:280624ms step_avg:243.39ms
step:1154/1695 train_loss:3.3700 train_time:280881ms step_avg:243.40ms
step:1155/1695 train_loss:3.4076 train_time:281137ms step_avg:243.41ms
step:1156/1695 train_loss:3.4040 train_time:281399ms step_avg:243.43ms
step:1157/1695 train_loss:3.5933 train_time:281654ms step_avg:243.43ms
step:1158/1695 train_loss:3.3502 train_time:281915ms step_avg:243.45ms
step:1159/1695 train_loss:3.5656 train_time:282169ms step_avg:243.46ms
step:1160/1695 train_loss:3.3210 train_time:282426ms step_avg:243.47ms
step:1161/1695 train_loss:3.5415 train_time:282684ms step_avg:243.48ms
step:1162/1695 train_loss:3.4553 train_time:282940ms step_avg:243.49ms
step:1163/1695 train_loss:3.5956 train_time:283209ms step_avg:243.52ms
step:1164/1695 train_loss:3.3271 train_time:283468ms step_avg:243.53ms
step:1165/1695 train_loss:3.2932 train_time:283722ms step_avg:243.54ms
step:1166/1695 train_loss:3.4106 train_time:283978ms step_avg:243.55ms
step:1167/1695 train_loss:3.7663 train_time:284242ms step_avg:243.57ms
step:1168/1695 train_loss:3.4261 train_time:284499ms step_avg:243.58ms
step:1169/1695 train_loss:3.4869 train_time:284759ms step_avg:243.59ms
step:1170/1695 train_loss:3.5122 train_time:285011ms step_avg:243.60ms
step:1171/1695 train_loss:3.3703 train_time:285268ms step_avg:243.61ms
step:1172/1695 train_loss:3.4456 train_time:285531ms step_avg:243.63ms
step:1173/1695 train_loss:3.3684 train_time:285788ms step_avg:243.64ms
step:1174/1695 train_loss:3.3056 train_time:286048ms step_avg:243.65ms
step:1175/1695 train_loss:3.3679 train_time:286306ms step_avg:243.66ms
step:1176/1695 train_loss:3.3414 train_time:286562ms step_avg:243.68ms
step:1177/1695 train_loss:3.3954 train_time:286819ms step_avg:243.69ms
step:1178/1695 train_loss:3.4810 train_time:287080ms step_avg:243.70ms
step:1179/1695 train_loss:3.5167 train_time:287345ms step_avg:243.72ms
step:1180/1695 train_loss:3.6117 train_time:287608ms step_avg:243.74ms
step:1181/1695 train_loss:3.3507 train_time:287859ms step_avg:243.74ms
step:1182/1695 train_loss:3.3598 train_time:288119ms step_avg:243.76ms
step:1183/1695 train_loss:5.1111 train_time:288386ms step_avg:243.77ms
step:1184/1695 train_loss:3.3059 train_time:288644ms step_avg:243.79ms
step:1185/1695 train_loss:3.5491 train_time:288897ms step_avg:243.79ms
step:1186/1695 train_loss:3.4098 train_time:289156ms step_avg:243.81ms
step:1187/1695 train_loss:3.4847 train_time:289406ms step_avg:243.81ms
step:1188/1695 train_loss:3.5414 train_time:289669ms step_avg:243.83ms
step:1189/1695 train_loss:3.4168 train_time:289924ms step_avg:243.84ms
step:1190/1695 train_loss:3.1945 train_time:290185ms step_avg:243.85ms
step:1191/1695 train_loss:3.3243 train_time:290437ms step_avg:243.86ms
step:1192/1695 train_loss:3.5228 train_time:290697ms step_avg:243.87ms
step:1193/1695 train_loss:3.2508 train_time:290954ms step_avg:243.88ms
step:1194/1695 train_loss:3.5975 train_time:291207ms step_avg:243.89ms
step:1195/1695 train_loss:3.2803 train_time:291467ms step_avg:243.91ms
step:1196/1695 train_loss:3.5346 train_time:291719ms step_avg:243.91ms
step:1197/1695 train_loss:3.3653 train_time:291980ms step_avg:243.93ms
step:1198/1695 train_loss:3.3951 train_time:292238ms step_avg:243.94ms
step:1199/1695 train_loss:3.2558 train_time:292498ms step_avg:243.95ms
step:1200/1695 train_loss:3.4780 train_time:292752ms step_avg:243.96ms
step:1201/1695 train_loss:3.5383 train_time:293011ms step_avg:243.97ms
step:1202/1695 train_loss:3.5173 train_time:293267ms step_avg:243.98ms
step:1203/1695 train_loss:3.4273 train_time:293530ms step_avg:244.00ms
step:1204/1695 train_loss:3.6272 train_time:293787ms step_avg:244.01ms
step:1205/1695 train_loss:3.4747 train_time:294044ms step_avg:244.02ms
step:1206/1695 train_loss:3.4683 train_time:294299ms step_avg:244.03ms
step:1207/1695 train_loss:3.3930 train_time:294558ms step_avg:244.04ms
step:1208/1695 train_loss:3.2024 train_time:294816ms step_avg:244.05ms
step:1209/1695 train_loss:3.3566 train_time:295075ms step_avg:244.07ms
step:1210/1695 train_loss:3.5496 train_time:295336ms step_avg:244.08ms
step:1211/1695 train_loss:3.4831 train_time:295593ms step_avg:244.09ms
step:1212/1695 train_loss:3.4206 train_time:295847ms step_avg:244.10ms
step:1213/1695 train_loss:3.3804 train_time:296102ms step_avg:244.11ms
step:1214/1695 train_loss:3.3857 train_time:296359ms step_avg:244.12ms
step:1215/1695 train_loss:3.5803 train_time:296613ms step_avg:244.13ms
step:1216/1695 train_loss:3.6773 train_time:296881ms step_avg:244.15ms
step:1217/1695 train_loss:3.7242 train_time:297141ms step_avg:244.16ms
step:1218/1695 train_loss:3.3990 train_time:297398ms step_avg:244.17ms
step:1219/1695 train_loss:4.8059 train_time:297659ms step_avg:244.18ms
step:1220/1695 train_loss:3.3894 train_time:297916ms step_avg:244.19ms
step:1221/1695 train_loss:3.7572 train_time:298172ms step_avg:244.20ms
step:1222/1695 train_loss:3.3726 train_time:298430ms step_avg:244.21ms
step:1223/1695 train_loss:3.2778 train_time:298685ms step_avg:244.22ms
step:1224/1695 train_loss:3.6912 train_time:298945ms step_avg:244.24ms
step:1225/1695 train_loss:3.3569 train_time:299242ms step_avg:244.28ms
step:1226/1695 train_loss:3.4682 train_time:299497ms step_avg:244.29ms
step:1227/1695 train_loss:3.3016 train_time:299754ms step_avg:244.30ms
step:1228/1695 train_loss:3.3569 train_time:300010ms step_avg:244.31ms
step:1229/1695 train_loss:3.3667 train_time:300266ms step_avg:244.32ms
step:1230/1695 train_loss:3.4219 train_time:300520ms step_avg:244.33ms
step:1231/1695 train_loss:3.5806 train_time:300782ms step_avg:244.34ms
step:1232/1695 train_loss:3.2420 train_time:301038ms step_avg:244.35ms
step:1233/1695 train_loss:3.3782 train_time:301295ms step_avg:244.36ms
step:1234/1695 train_loss:3.4722 train_time:301553ms step_avg:244.37ms
step:1235/1695 train_loss:3.1872 train_time:301813ms step_avg:244.38ms
step:1236/1695 train_loss:3.5284 train_time:302072ms step_avg:244.40ms
step:1237/1695 train_loss:3.5705 train_time:302331ms step_avg:244.41ms
step:1238/1695 train_loss:3.4181 train_time:302590ms step_avg:244.42ms
step:1239/1695 train_loss:3.4816 train_time:302849ms step_avg:244.43ms
step:1240/1695 train_loss:3.3836 train_time:303105ms step_avg:244.44ms
step:1241/1695 train_loss:3.3687 train_time:303367ms step_avg:244.45ms
step:1242/1695 train_loss:3.4009 train_time:303632ms step_avg:244.47ms
step:1243/1695 train_loss:3.3598 train_time:303886ms step_avg:244.48ms
step:1244/1695 train_loss:3.4497 train_time:304141ms step_avg:244.49ms
step:1245/1695 train_loss:3.3899 train_time:304396ms step_avg:244.49ms
step:1246/1695 train_loss:3.5190 train_time:304655ms step_avg:244.51ms
step:1247/1695 train_loss:3.5010 train_time:304915ms step_avg:244.52ms
step:1248/1695 train_loss:3.3187 train_time:305175ms step_avg:244.53ms
step:1249/1695 train_loss:3.3815 train_time:305430ms step_avg:244.54ms
step:1250/1695 train_loss:3.2868 train_time:305688ms step_avg:244.55ms
step:1250/1695 val_loss:3.3920 train_time:305693ms step_avg:244.55ms
step:1251/1695 train_loss:3.4902 train_time:305947ms step_avg:244.56ms
step:1252/1695 train_loss:3.3187 train_time:306202ms step_avg:244.57ms
step:1253/1695 train_loss:3.5729 train_time:306461ms step_avg:244.58ms
step:1254/1695 train_loss:3.4096 train_time:306716ms step_avg:244.59ms
step:1255/1695 train_loss:3.2711 train_time:306973ms step_avg:244.60ms
step:1256/1695 train_loss:3.3723 train_time:307231ms step_avg:244.61ms
step:1257/1695 train_loss:3.8977 train_time:307490ms step_avg:244.62ms
step:1258/1695 train_loss:3.4199 train_time:307748ms step_avg:244.63ms
step:1259/1695 train_loss:3.3818 train_time:308001ms step_avg:244.64ms
step:1260/1695 train_loss:3.3670 train_time:308262ms step_avg:244.65ms
step:1261/1695 train_loss:3.2762 train_time:308515ms step_avg:244.66ms
step:1262/1695 train_loss:3.6100 train_time:308776ms step_avg:244.67ms
step:1263/1695 train_loss:3.3770 train_time:309032ms step_avg:244.68ms
step:1264/1695 train_loss:3.5395 train_time:309285ms step_avg:244.69ms
step:1265/1695 train_loss:3.4786 train_time:309543ms step_avg:244.70ms
step:1266/1695 train_loss:3.5449 train_time:309795ms step_avg:244.70ms
step:1267/1695 train_loss:3.4422 train_time:310057ms step_avg:244.72ms
step:1268/1695 train_loss:3.4672 train_time:310317ms step_avg:244.73ms
step:1269/1695 train_loss:3.3163 train_time:310572ms step_avg:244.74ms
step:1270/1695 train_loss:3.2973 train_time:310821ms step_avg:244.74ms
step:1271/1695 train_loss:3.4081 train_time:311085ms step_avg:244.76ms
step:1272/1695 train_loss:3.5273 train_time:311344ms step_avg:244.77ms
step:1273/1695 train_loss:3.3806 train_time:311600ms step_avg:244.78ms
step:1274/1695 train_loss:3.2538 train_time:311860ms step_avg:244.79ms
step:1275/1695 train_loss:3.5665 train_time:312111ms step_avg:244.79ms
step:1276/1695 train_loss:3.3928 train_time:312376ms step_avg:244.81ms
step:1277/1695 train_loss:3.5025 train_time:312631ms step_avg:244.82ms
step:1278/1695 train_loss:3.2207 train_time:312895ms step_avg:244.83ms
step:1279/1695 train_loss:3.4113 train_time:313151ms step_avg:244.84ms
step:1280/1695 train_loss:3.2991 train_time:313411ms step_avg:244.85ms
step:1281/1695 train_loss:3.3713 train_time:313667ms step_avg:244.86ms
step:1282/1695 train_loss:3.2801 train_time:313927ms step_avg:244.87ms
step:1283/1695 train_loss:3.6218 train_time:314184ms step_avg:244.88ms
step:1284/1695 train_loss:3.3814 train_time:314441ms step_avg:244.89ms
step:1285/1695 train_loss:3.4112 train_time:314697ms step_avg:244.90ms
step:1286/1695 train_loss:3.4895 train_time:314950ms step_avg:244.91ms
step:1287/1695 train_loss:3.3222 train_time:315209ms step_avg:244.92ms
step:1288/1695 train_loss:3.3067 train_time:315465ms step_avg:244.93ms
step:1289/1695 train_loss:3.4660 train_time:315723ms step_avg:244.94ms
step:1290/1695 train_loss:3.4874 train_time:315981ms step_avg:244.95ms
step:1291/1695 train_loss:3.3665 train_time:316239ms step_avg:244.96ms
step:1292/1695 train_loss:3.4080 train_time:316500ms step_avg:244.97ms
step:1293/1695 train_loss:3.4871 train_time:316764ms step_avg:244.98ms
step:1294/1695 train_loss:3.3031 train_time:317023ms step_avg:244.99ms
step:1295/1695 train_loss:3.4508 train_time:317283ms step_avg:245.01ms
step:1296/1695 train_loss:3.5404 train_time:317540ms step_avg:245.02ms
step:1297/1695 train_loss:3.4648 train_time:317795ms step_avg:245.02ms
step:1298/1695 train_loss:3.3503 train_time:318052ms step_avg:245.03ms
step:1299/1695 train_loss:3.3694 train_time:318308ms step_avg:245.04ms
step:1300/1695 train_loss:3.3739 train_time:318568ms step_avg:245.05ms
step:1301/1695 train_loss:3.4763 train_time:318833ms step_avg:245.07ms
step:1302/1695 train_loss:3.4281 train_time:319085ms step_avg:245.07ms
step:1303/1695 train_loss:3.3049 train_time:319341ms step_avg:245.08ms
step:1304/1695 train_loss:3.3393 train_time:319606ms step_avg:245.10ms
step:1305/1695 train_loss:3.3875 train_time:319859ms step_avg:245.10ms
step:1306/1695 train_loss:3.3285 train_time:320114ms step_avg:245.11ms
step:1307/1695 train_loss:3.5324 train_time:320374ms step_avg:245.12ms
step:1308/1695 train_loss:3.6533 train_time:320627ms step_avg:245.13ms
step:1309/1695 train_loss:3.3177 train_time:320890ms step_avg:245.14ms
step:1310/1695 train_loss:3.3555 train_time:321148ms step_avg:245.15ms
step:1311/1695 train_loss:3.2941 train_time:321410ms step_avg:245.16ms
step:1312/1695 train_loss:3.5332 train_time:321667ms step_avg:245.17ms
step:1313/1695 train_loss:3.4136 train_time:321927ms step_avg:245.18ms
step:1314/1695 train_loss:3.3329 train_time:322182ms step_avg:245.19ms
step:1315/1695 train_loss:3.4809 train_time:322439ms step_avg:245.20ms
step:1316/1695 train_loss:3.4454 train_time:322697ms step_avg:245.21ms
step:1317/1695 train_loss:3.3745 train_time:322950ms step_avg:245.22ms
step:1318/1695 train_loss:3.3830 train_time:323207ms step_avg:245.23ms
step:1319/1695 train_loss:3.3831 train_time:323467ms step_avg:245.24ms
step:1320/1695 train_loss:3.1382 train_time:323731ms step_avg:245.25ms
step:1321/1695 train_loss:3.2290 train_time:323989ms step_avg:245.26ms
step:1322/1695 train_loss:3.2927 train_time:324253ms step_avg:245.27ms
step:1323/1695 train_loss:3.3780 train_time:324507ms step_avg:245.28ms
step:1324/1695 train_loss:3.3956 train_time:324764ms step_avg:245.29ms
step:1325/1695 train_loss:3.2753 train_time:325031ms step_avg:245.31ms
step:1326/1695 train_loss:3.6900 train_time:325292ms step_avg:245.32ms
step:1327/1695 train_loss:3.5012 train_time:325549ms step_avg:245.33ms
step:1328/1695 train_loss:3.4191 train_time:325805ms step_avg:245.34ms
step:1329/1695 train_loss:3.5081 train_time:326061ms step_avg:245.34ms
step:1330/1695 train_loss:3.3506 train_time:326321ms step_avg:245.35ms
step:1331/1695 train_loss:3.3776 train_time:326579ms step_avg:245.36ms
step:1332/1695 train_loss:3.2227 train_time:326833ms step_avg:245.37ms
step:1333/1695 train_loss:3.6914 train_time:327098ms step_avg:245.38ms
step:1334/1695 train_loss:3.3898 train_time:327350ms step_avg:245.39ms
step:1335/1695 train_loss:3.4659 train_time:327616ms step_avg:245.41ms
step:1336/1695 train_loss:3.4411 train_time:327874ms step_avg:245.41ms
step:1337/1695 train_loss:3.3010 train_time:328133ms step_avg:245.42ms
step:1338/1695 train_loss:3.4541 train_time:328391ms step_avg:245.43ms
step:1339/1695 train_loss:3.4406 train_time:328650ms step_avg:245.44ms
step:1340/1695 train_loss:3.5196 train_time:328911ms step_avg:245.46ms
step:1341/1695 train_loss:3.2997 train_time:329175ms step_avg:245.47ms
step:1342/1695 train_loss:3.1238 train_time:329434ms step_avg:245.48ms
step:1343/1695 train_loss:3.4651 train_time:329689ms step_avg:245.49ms
step:1344/1695 train_loss:3.4295 train_time:329956ms step_avg:245.50ms
step:1345/1695 train_loss:3.4123 train_time:330216ms step_avg:245.51ms
step:1346/1695 train_loss:3.3862 train_time:330484ms step_avg:245.53ms
step:1347/1695 train_loss:3.2725 train_time:330742ms step_avg:245.54ms
step:1348/1695 train_loss:3.4482 train_time:331001ms step_avg:245.55ms
step:1349/1695 train_loss:3.4956 train_time:331260ms step_avg:245.56ms
step:1350/1695 train_loss:3.4080 train_time:331522ms step_avg:245.57ms
step:1351/1695 train_loss:3.3334 train_time:331780ms step_avg:245.58ms
step:1352/1695 train_loss:3.3329 train_time:332046ms step_avg:245.60ms
step:1353/1695 train_loss:3.3580 train_time:332302ms step_avg:245.60ms
step:1354/1695 train_loss:3.3521 train_time:332560ms step_avg:245.61ms
step:1355/1695 train_loss:3.3157 train_time:332822ms step_avg:245.62ms
step:1356/1695 train_loss:3.2799 train_time:333081ms step_avg:245.64ms
step:1357/1695 train_loss:3.3189 train_time:333336ms step_avg:245.64ms
step:1358/1695 train_loss:3.3537 train_time:333592ms step_avg:245.65ms
step:1359/1695 train_loss:3.1547 train_time:333855ms step_avg:245.66ms
step:1360/1695 train_loss:3.5361 train_time:334110ms step_avg:245.67ms
step:1361/1695 train_loss:3.4113 train_time:334367ms step_avg:245.68ms
step:1362/1695 train_loss:3.2106 train_time:334624ms step_avg:245.69ms
step:1363/1695 train_loss:3.2273 train_time:334890ms step_avg:245.70ms
step:1364/1695 train_loss:3.2551 train_time:335150ms step_avg:245.71ms
step:1365/1695 train_loss:3.5428 train_time:335412ms step_avg:245.72ms
step:1366/1695 train_loss:3.2617 train_time:335673ms step_avg:245.73ms
step:1367/1695 train_loss:3.4934 train_time:335926ms step_avg:245.74ms
step:1368/1695 train_loss:3.3433 train_time:336190ms step_avg:245.75ms
step:1369/1695 train_loss:3.3552 train_time:336446ms step_avg:245.76ms
step:1370/1695 train_loss:3.4095 train_time:336703ms step_avg:245.77ms
step:1371/1695 train_loss:3.2769 train_time:336964ms step_avg:245.78ms
step:1372/1695 train_loss:3.3956 train_time:337225ms step_avg:245.79ms
step:1373/1695 train_loss:3.2859 train_time:337481ms step_avg:245.80ms
step:1374/1695 train_loss:3.3085 train_time:337742ms step_avg:245.81ms
step:1375/1695 train_loss:3.3562 train_time:338000ms step_avg:245.82ms
step:1375/1695 val_loss:3.3521 train_time:338010ms step_avg:245.83ms
step:1376/1695 train_loss:3.3382 train_time:338261ms step_avg:245.83ms
step:1377/1695 train_loss:3.5652 train_time:338526ms step_avg:245.84ms
step:1378/1695 train_loss:3.3715 train_time:338782ms step_avg:245.85ms
step:1379/1695 train_loss:3.5220 train_time:339038ms step_avg:245.86ms
step:1380/1695 train_loss:3.3904 train_time:339306ms step_avg:245.87ms
step:1381/1695 train_loss:3.3227 train_time:339564ms step_avg:245.88ms
step:1382/1695 train_loss:3.3031 train_time:339821ms step_avg:245.89ms
step:1383/1695 train_loss:3.2171 train_time:340081ms step_avg:245.90ms
step:1384/1695 train_loss:3.5560 train_time:340344ms step_avg:245.91ms
step:1385/1695 train_loss:3.2851 train_time:340600ms step_avg:245.92ms
step:1386/1695 train_loss:3.3960 train_time:340856ms step_avg:245.93ms
step:1387/1695 train_loss:3.3531 train_time:341120ms step_avg:245.94ms
step:1388/1695 train_loss:3.3378 train_time:341379ms step_avg:245.95ms
step:1389/1695 train_loss:3.4143 train_time:341640ms step_avg:245.96ms
step:1390/1695 train_loss:3.3065 train_time:341897ms step_avg:245.97ms
step:1391/1695 train_loss:3.4174 train_time:342162ms step_avg:245.98ms
step:1392/1695 train_loss:3.4967 train_time:342423ms step_avg:245.99ms
step:1393/1695 train_loss:3.2995 train_time:342689ms step_avg:246.01ms
step:1394/1695 train_loss:3.4564 train_time:342947ms step_avg:246.02ms
step:1395/1695 train_loss:3.2624 train_time:343210ms step_avg:246.03ms
step:1396/1695 train_loss:3.3195 train_time:343471ms step_avg:246.04ms
step:1397/1695 train_loss:3.3116 train_time:343738ms step_avg:246.05ms
step:1398/1695 train_loss:3.3549 train_time:343999ms step_avg:246.06ms
step:1399/1695 train_loss:3.4210 train_time:344265ms step_avg:246.08ms
step:1400/1695 train_loss:3.4086 train_time:344524ms step_avg:246.09ms
step:1401/1695 train_loss:3.3746 train_time:344786ms step_avg:246.10ms
step:1402/1695 train_loss:3.3531 train_time:345045ms step_avg:246.11ms
step:1403/1695 train_loss:3.2789 train_time:345309ms step_avg:246.12ms
step:1404/1695 train_loss:3.2749 train_time:345573ms step_avg:246.13ms
step:1405/1695 train_loss:3.3882 train_time:345841ms step_avg:246.15ms
step:1406/1695 train_loss:3.4135 train_time:346099ms step_avg:246.16ms
step:1407/1695 train_loss:3.4150 train_time:346356ms step_avg:246.17ms
step:1408/1695 train_loss:3.3784 train_time:346621ms step_avg:246.18ms
step:1409/1695 train_loss:3.0306 train_time:346891ms step_avg:246.20ms
step:1410/1695 train_loss:3.4903 train_time:347153ms step_avg:246.21ms
step:1411/1695 train_loss:3.2937 train_time:347412ms step_avg:246.22ms
step:1412/1695 train_loss:3.2310 train_time:347681ms step_avg:246.23ms
step:1413/1695 train_loss:3.4125 train_time:347945ms step_avg:246.25ms
step:1414/1695 train_loss:3.4494 train_time:348202ms step_avg:246.25ms
step:1415/1695 train_loss:3.2729 train_time:348464ms step_avg:246.26ms
step:1416/1695 train_loss:3.4660 train_time:348727ms step_avg:246.28ms
step:1417/1695 train_loss:3.2969 train_time:348986ms step_avg:246.28ms
step:1418/1695 train_loss:3.2659 train_time:349243ms step_avg:246.29ms
step:1419/1695 train_loss:3.6049 train_time:349507ms step_avg:246.31ms
step:1420/1695 train_loss:3.3773 train_time:349760ms step_avg:246.31ms
step:1421/1695 train_loss:3.3687 train_time:350026ms step_avg:246.32ms
step:1422/1695 train_loss:3.3326 train_time:350284ms step_avg:246.33ms
step:1423/1695 train_loss:3.4070 train_time:350547ms step_avg:246.34ms
step:1424/1695 train_loss:3.4717 train_time:350811ms step_avg:246.36ms
step:1425/1695 train_loss:3.2885 train_time:351072ms step_avg:246.37ms
step:1426/1695 train_loss:3.2195 train_time:351335ms step_avg:246.38ms
step:1427/1695 train_loss:3.3890 train_time:351595ms step_avg:246.39ms
step:1428/1695 train_loss:3.3611 train_time:351860ms step_avg:246.40ms
step:1429/1695 train_loss:3.2596 train_time:352120ms step_avg:246.41ms
step:1430/1695 train_loss:3.3222 train_time:352387ms step_avg:246.42ms
step:1431/1695 train_loss:3.4412 train_time:352646ms step_avg:246.43ms
step:1432/1695 train_loss:3.4740 train_time:352906ms step_avg:246.44ms
step:1433/1695 train_loss:3.4565 train_time:353163ms step_avg:246.45ms
step:1434/1695 train_loss:3.3424 train_time:353423ms step_avg:246.46ms
step:1435/1695 train_loss:3.3039 train_time:353688ms step_avg:246.47ms
step:1436/1695 train_loss:3.3401 train_time:353945ms step_avg:246.48ms
step:1437/1695 train_loss:3.5371 train_time:354215ms step_avg:246.50ms
step:1438/1695 train_loss:3.2584 train_time:354468ms step_avg:246.50ms
step:1439/1695 train_loss:3.2703 train_time:354742ms step_avg:246.52ms
step:1440/1695 train_loss:3.2760 train_time:355009ms step_avg:246.53ms
step:1441/1695 train_loss:3.4648 train_time:355276ms step_avg:246.55ms
step:1442/1695 train_loss:3.3065 train_time:355534ms step_avg:246.56ms
step:1443/1695 train_loss:3.4792 train_time:355796ms step_avg:246.57ms
step:1444/1695 train_loss:3.4618 train_time:356050ms step_avg:246.57ms
step:1445/1695 train_loss:3.4513 train_time:356317ms step_avg:246.59ms
step:1446/1695 train_loss:3.1788 train_time:356574ms step_avg:246.59ms
step:1447/1695 train_loss:3.4343 train_time:356835ms step_avg:246.60ms
step:1448/1695 train_loss:3.2765 train_time:357105ms step_avg:246.62ms
step:1449/1695 train_loss:3.3729 train_time:357363ms step_avg:246.63ms
step:1450/1695 train_loss:3.4672 train_time:357633ms step_avg:246.64ms
step:1451/1695 train_loss:3.1610 train_time:357895ms step_avg:246.65ms
step:1452/1695 train_loss:3.3500 train_time:358150ms step_avg:246.66ms
step:1453/1695 train_loss:3.3862 train_time:358411ms step_avg:246.67ms
step:1454/1695 train_loss:3.3145 train_time:358682ms step_avg:246.69ms
step:1455/1695 train_loss:3.3549 train_time:358943ms step_avg:246.70ms
step:1456/1695 train_loss:3.4036 train_time:359199ms step_avg:246.70ms
step:1457/1695 train_loss:3.2945 train_time:359462ms step_avg:246.71ms
step:1458/1695 train_loss:3.3610 train_time:359723ms step_avg:246.72ms
step:1459/1695 train_loss:3.3805 train_time:359988ms step_avg:246.74ms
step:1460/1695 train_loss:3.3298 train_time:360248ms step_avg:246.75ms
step:1461/1695 train_loss:3.3585 train_time:360513ms step_avg:246.76ms
step:1462/1695 train_loss:3.1391 train_time:360775ms step_avg:246.77ms
step:1463/1695 train_loss:3.6504 train_time:361035ms step_avg:246.78ms
step:1464/1695 train_loss:3.4094 train_time:361290ms step_avg:246.78ms
step:1465/1695 train_loss:3.2531 train_time:361557ms step_avg:246.80ms
step:1466/1695 train_loss:3.2195 train_time:361816ms step_avg:246.81ms
step:1467/1695 train_loss:3.3169 train_time:362072ms step_avg:246.81ms
step:1468/1695 train_loss:3.1623 train_time:362336ms step_avg:246.82ms
step:1469/1695 train_loss:3.5359 train_time:362640ms step_avg:246.86ms
step:1470/1695 train_loss:3.5233 train_time:362901ms step_avg:246.87ms
step:1471/1695 train_loss:3.3872 train_time:363161ms step_avg:246.88ms
step:1472/1695 train_loss:3.4011 train_time:363416ms step_avg:246.89ms
step:1473/1695 train_loss:3.4501 train_time:363679ms step_avg:246.90ms
step:1474/1695 train_loss:3.3230 train_time:363943ms step_avg:246.91ms
step:1475/1695 train_loss:3.5422 train_time:364199ms step_avg:246.91ms
step:1476/1695 train_loss:3.5026 train_time:364468ms step_avg:246.93ms
step:1477/1695 train_loss:3.2823 train_time:364726ms step_avg:246.94ms
step:1478/1695 train_loss:3.4543 train_time:364996ms step_avg:246.95ms
step:1479/1695 train_loss:3.2706 train_time:365250ms step_avg:246.96ms
step:1480/1695 train_loss:3.3568 train_time:365514ms step_avg:246.97ms
step:1481/1695 train_loss:3.4217 train_time:365778ms step_avg:246.98ms
step:1482/1695 train_loss:3.2822 train_time:366048ms step_avg:247.00ms
step:1483/1695 train_loss:3.2103 train_time:366307ms step_avg:247.00ms
step:1484/1695 train_loss:3.3704 train_time:366570ms step_avg:247.01ms
step:1485/1695 train_loss:3.2411 train_time:366840ms step_avg:247.03ms
step:1486/1695 train_loss:3.1538 train_time:367100ms step_avg:247.04ms
step:1487/1695 train_loss:3.1761 train_time:367363ms step_avg:247.05ms
step:1488/1695 train_loss:3.3792 train_time:367625ms step_avg:247.06ms
step:1489/1695 train_loss:3.2516 train_time:367886ms step_avg:247.07ms
step:1490/1695 train_loss:3.2811 train_time:368151ms step_avg:247.08ms
step:1491/1695 train_loss:3.4053 train_time:368408ms step_avg:247.09ms
step:1492/1695 train_loss:3.3560 train_time:368674ms step_avg:247.10ms
step:1493/1695 train_loss:3.4276 train_time:368936ms step_avg:247.11ms
step:1494/1695 train_loss:3.2614 train_time:369196ms step_avg:247.12ms
step:1495/1695 train_loss:3.3806 train_time:369453ms step_avg:247.13ms
step:1496/1695 train_loss:3.2850 train_time:369717ms step_avg:247.14ms
step:1497/1695 train_loss:3.3938 train_time:369975ms step_avg:247.14ms
step:1498/1695 train_loss:3.3181 train_time:370238ms step_avg:247.15ms
step:1499/1695 train_loss:3.2264 train_time:370499ms step_avg:247.16ms
step:1500/1695 train_loss:3.2405 train_time:370760ms step_avg:247.17ms
step:1500/1695 val_loss:3.3169 train_time:370765ms step_avg:247.18ms
step:1501/1695 train_loss:3.3129 train_time:371019ms step_avg:247.18ms
step:1502/1695 train_loss:3.3250 train_time:371282ms step_avg:247.19ms
step:1503/1695 train_loss:3.5823 train_time:371541ms step_avg:247.20ms
step:1504/1695 train_loss:3.4247 train_time:371799ms step_avg:247.21ms
step:1505/1695 train_loss:3.3503 train_time:372062ms step_avg:247.22ms
step:1506/1695 train_loss:3.3389 train_time:372320ms step_avg:247.22ms
step:1507/1695 train_loss:3.4565 train_time:372582ms step_avg:247.23ms
step:1508/1695 train_loss:3.5734 train_time:372847ms step_avg:247.25ms
step:1509/1695 train_loss:3.2918 train_time:373106ms step_avg:247.25ms
step:1510/1695 train_loss:3.3549 train_time:373369ms step_avg:247.26ms
step:1511/1695 train_loss:3.4485 train_time:373642ms step_avg:247.28ms
step:1512/1695 train_loss:3.2455 train_time:373904ms step_avg:247.29ms
step:1513/1695 train_loss:3.2058 train_time:374166ms step_avg:247.30ms
step:1514/1695 train_loss:3.4203 train_time:374422ms step_avg:247.31ms
step:1515/1695 train_loss:3.2190 train_time:374696ms step_avg:247.32ms
step:1516/1695 train_loss:3.3120 train_time:374955ms step_avg:247.33ms
step:1517/1695 train_loss:3.2889 train_time:375215ms step_avg:247.34ms
step:1518/1695 train_loss:3.5321 train_time:375480ms step_avg:247.35ms
step:1519/1695 train_loss:3.3300 train_time:375752ms step_avg:247.37ms
step:1520/1695 train_loss:3.1624 train_time:376012ms step_avg:247.38ms
step:1521/1695 train_loss:3.1709 train_time:376272ms step_avg:247.38ms
step:1522/1695 train_loss:3.2955 train_time:376530ms step_avg:247.39ms
step:1523/1695 train_loss:3.3127 train_time:376792ms step_avg:247.40ms
step:1524/1695 train_loss:3.3954 train_time:377059ms step_avg:247.41ms
step:1525/1695 train_loss:3.3553 train_time:377328ms step_avg:247.43ms
step:1526/1695 train_loss:3.2994 train_time:377586ms step_avg:247.43ms
step:1527/1695 train_loss:3.1453 train_time:377853ms step_avg:247.45ms
step:1528/1695 train_loss:3.3431 train_time:378132ms step_avg:247.47ms
step:1529/1695 train_loss:3.5177 train_time:378392ms step_avg:247.48ms
step:1530/1695 train_loss:3.3659 train_time:378660ms step_avg:247.49ms
step:1531/1695 train_loss:3.2503 train_time:378917ms step_avg:247.50ms
step:1532/1695 train_loss:3.3353 train_time:379176ms step_avg:247.50ms
step:1533/1695 train_loss:3.4456 train_time:379441ms step_avg:247.52ms
step:1534/1695 train_loss:3.6987 train_time:379704ms step_avg:247.53ms
step:1535/1695 train_loss:3.3123 train_time:379961ms step_avg:247.53ms
step:1536/1695 train_loss:3.3276 train_time:380223ms step_avg:247.54ms
step:1537/1695 train_loss:3.4373 train_time:380487ms step_avg:247.55ms
step:1538/1695 train_loss:3.2057 train_time:380746ms step_avg:247.56ms
step:1539/1695 train_loss:3.3043 train_time:381012ms step_avg:247.57ms
step:1540/1695 train_loss:3.6005 train_time:381280ms step_avg:247.58ms
step:1541/1695 train_loss:4.7744 train_time:381549ms step_avg:247.60ms
step:1542/1695 train_loss:3.2569 train_time:381810ms step_avg:247.61ms
step:1543/1695 train_loss:3.3520 train_time:382069ms step_avg:247.61ms
step:1544/1695 train_loss:3.4579 train_time:382331ms step_avg:247.62ms
step:1545/1695 train_loss:3.2828 train_time:382585ms step_avg:247.63ms
step:1546/1695 train_loss:3.4904 train_time:382851ms step_avg:247.64ms
step:1547/1695 train_loss:3.2150 train_time:383113ms step_avg:247.65ms
step:1548/1695 train_loss:3.4548 train_time:383384ms step_avg:247.66ms
step:1549/1695 train_loss:3.1701 train_time:383642ms step_avg:247.67ms
step:1550/1695 train_loss:3.3973 train_time:383902ms step_avg:247.68ms
step:1551/1695 train_loss:3.2919 train_time:384169ms step_avg:247.69ms
step:1552/1695 train_loss:3.5008 train_time:384444ms step_avg:247.71ms
step:1553/1695 train_loss:3.3463 train_time:384700ms step_avg:247.71ms
step:1554/1695 train_loss:3.5313 train_time:384959ms step_avg:247.72ms
step:1555/1695 train_loss:3.3232 train_time:385219ms step_avg:247.73ms
step:1556/1695 train_loss:3.4250 train_time:385483ms step_avg:247.74ms
step:1557/1695 train_loss:3.3907 train_time:385753ms step_avg:247.75ms
step:1558/1695 train_loss:3.3048 train_time:386016ms step_avg:247.76ms
step:1559/1695 train_loss:3.1460 train_time:386283ms step_avg:247.78ms
step:1560/1695 train_loss:3.3677 train_time:386542ms step_avg:247.78ms
step:1561/1695 train_loss:3.3414 train_time:386801ms step_avg:247.79ms
step:1562/1695 train_loss:3.3805 train_time:387068ms step_avg:247.80ms
step:1563/1695 train_loss:3.4059 train_time:387345ms step_avg:247.82ms
step:1564/1695 train_loss:3.1588 train_time:387601ms step_avg:247.83ms
step:1565/1695 train_loss:3.3072 train_time:387860ms step_avg:247.83ms
step:1566/1695 train_loss:3.3286 train_time:388124ms step_avg:247.84ms
step:1567/1695 train_loss:3.2308 train_time:388385ms step_avg:247.85ms
step:1568/1695 train_loss:3.2922 train_time:388642ms step_avg:247.86ms
step:1569/1695 train_loss:3.1682 train_time:388903ms step_avg:247.87ms
step:1570/1695 train_loss:3.3712 train_time:389167ms step_avg:247.88ms
step:1571/1695 train_loss:3.2928 train_time:389425ms step_avg:247.88ms
step:1572/1695 train_loss:3.2887 train_time:389687ms step_avg:247.89ms
step:1573/1695 train_loss:3.2398 train_time:389945ms step_avg:247.90ms
step:1574/1695 train_loss:3.2125 train_time:390208ms step_avg:247.91ms
step:1575/1695 train_loss:3.3089 train_time:390475ms step_avg:247.92ms
step:1576/1695 train_loss:3.3866 train_time:390747ms step_avg:247.94ms
step:1577/1695 train_loss:3.3577 train_time:391002ms step_avg:247.94ms
step:1578/1695 train_loss:3.2488 train_time:391268ms step_avg:247.95ms
step:1579/1695 train_loss:3.3751 train_time:391526ms step_avg:247.96ms
step:1580/1695 train_loss:3.2888 train_time:391797ms step_avg:247.97ms
step:1581/1695 train_loss:3.4347 train_time:392056ms step_avg:247.98ms
step:1582/1695 train_loss:3.2110 train_time:392313ms step_avg:247.99ms
step:1583/1695 train_loss:3.3899 train_time:392581ms step_avg:248.00ms
step:1584/1695 train_loss:3.2645 train_time:392846ms step_avg:248.01ms
step:1585/1695 train_loss:3.4319 train_time:393109ms step_avg:248.02ms
step:1586/1695 train_loss:3.4883 train_time:393376ms step_avg:248.03ms
step:1587/1695 train_loss:3.2021 train_time:393633ms step_avg:248.04ms
step:1588/1695 train_loss:3.3019 train_time:393899ms step_avg:248.05ms
step:1589/1695 train_loss:3.3035 train_time:394161ms step_avg:248.06ms
step:1590/1695 train_loss:3.2228 train_time:394420ms step_avg:248.06ms
step:1591/1695 train_loss:3.2615 train_time:394685ms step_avg:248.07ms
step:1592/1695 train_loss:3.2006 train_time:394943ms step_avg:248.08ms
step:1593/1695 train_loss:3.1676 train_time:395207ms step_avg:248.09ms
step:1594/1695 train_loss:3.3614 train_time:395490ms step_avg:248.11ms
step:1595/1695 train_loss:3.2826 train_time:395751ms step_avg:248.12ms
step:1596/1695 train_loss:3.2474 train_time:396007ms step_avg:248.12ms
step:1597/1695 train_loss:3.0395 train_time:396274ms step_avg:248.14ms
step:1598/1695 train_loss:3.5263 train_time:396534ms step_avg:248.14ms
step:1599/1695 train_loss:3.4526 train_time:396793ms step_avg:248.15ms
step:1600/1695 train_loss:3.3102 train_time:397059ms step_avg:248.16ms
step:1601/1695 train_loss:3.3477 train_time:397318ms step_avg:248.17ms
step:1602/1695 train_loss:3.3359 train_time:397586ms step_avg:248.18ms
step:1603/1695 train_loss:3.3245 train_time:397849ms step_avg:248.19ms
step:1604/1695 train_loss:3.1978 train_time:398106ms step_avg:248.20ms
step:1605/1695 train_loss:3.3740 train_time:398370ms step_avg:248.21ms
step:1606/1695 train_loss:3.2624 train_time:398635ms step_avg:248.22ms
step:1607/1695 train_loss:3.2928 train_time:398891ms step_avg:248.22ms
step:1608/1695 train_loss:3.4293 train_time:399154ms step_avg:248.23ms
step:1609/1695 train_loss:3.3995 train_time:399415ms step_avg:248.24ms
step:1610/1695 train_loss:3.4603 train_time:399681ms step_avg:248.25ms
step:1611/1695 train_loss:3.2288 train_time:399941ms step_avg:248.26ms
step:1612/1695 train_loss:3.2466 train_time:400207ms step_avg:248.27ms
step:1613/1695 train_loss:3.4030 train_time:400464ms step_avg:248.27ms
step:1614/1695 train_loss:3.3875 train_time:400725ms step_avg:248.28ms
step:1615/1695 train_loss:3.3745 train_time:400985ms step_avg:248.29ms
step:1616/1695 train_loss:3.2959 train_time:401249ms step_avg:248.30ms
step:1617/1695 train_loss:3.3525 train_time:401511ms step_avg:248.31ms
step:1618/1695 train_loss:3.3457 train_time:401770ms step_avg:248.31ms
step:1619/1695 train_loss:3.3211 train_time:402034ms step_avg:248.32ms
step:1620/1695 train_loss:3.1860 train_time:402303ms step_avg:248.34ms
step:1621/1695 train_loss:3.3522 train_time:402557ms step_avg:248.34ms
step:1622/1695 train_loss:3.2816 train_time:402826ms step_avg:248.35ms
step:1623/1695 train_loss:3.3215 train_time:403083ms step_avg:248.36ms
step:1624/1695 train_loss:3.4883 train_time:403359ms step_avg:248.37ms
step:1625/1695 train_loss:3.2753 train_time:403618ms step_avg:248.38ms
step:1625/1695 val_loss:3.2880 train_time:403631ms step_avg:248.39ms
step:1626/1695 train_loss:3.3501 train_time:403890ms step_avg:248.40ms
step:1627/1695 train_loss:3.3384 train_time:404145ms step_avg:248.40ms
step:1628/1695 train_loss:3.2984 train_time:404412ms step_avg:248.41ms
step:1629/1695 train_loss:3.2964 train_time:404675ms step_avg:248.42ms
step:1630/1695 train_loss:3.3902 train_time:404931ms step_avg:248.42ms
step:1631/1695 train_loss:3.3433 train_time:405202ms step_avg:248.44ms
step:1632/1695 train_loss:3.3661 train_time:405459ms step_avg:248.44ms
step:1633/1695 train_loss:3.3595 train_time:405722ms step_avg:248.45ms
step:1634/1695 train_loss:3.3143 train_time:405995ms step_avg:248.47ms
step:1635/1695 train_loss:3.2618 train_time:406255ms step_avg:248.47ms
step:1636/1695 train_loss:3.3503 train_time:406521ms step_avg:248.48ms
step:1637/1695 train_loss:3.2617 train_time:406784ms step_avg:248.49ms
step:1638/1695 train_loss:3.2769 train_time:407042ms step_avg:248.50ms
step:1639/1695 train_loss:3.5036 train_time:407308ms step_avg:248.51ms
step:1640/1695 train_loss:3.4159 train_time:407569ms step_avg:248.52ms
step:1641/1695 train_loss:3.3949 train_time:407828ms step_avg:248.52ms
step:1642/1695 train_loss:3.3176 train_time:408100ms step_avg:248.54ms
step:1643/1695 train_loss:3.2439 train_time:408360ms step_avg:248.55ms
step:1644/1695 train_loss:3.2498 train_time:408633ms step_avg:248.56ms
step:1645/1695 train_loss:3.3148 train_time:408891ms step_avg:248.57ms
step:1646/1695 train_loss:3.3262 train_time:409154ms step_avg:248.57ms
step:1647/1695 train_loss:3.3007 train_time:409429ms step_avg:248.59ms
step:1648/1695 train_loss:3.2595 train_time:409699ms step_avg:248.60ms
step:1649/1695 train_loss:3.3206 train_time:409960ms step_avg:248.61ms
step:1650/1695 train_loss:3.5765 train_time:410218ms step_avg:248.62ms
step:1651/1695 train_loss:3.4600 train_time:410483ms step_avg:248.63ms
step:1652/1695 train_loss:3.1835 train_time:410752ms step_avg:248.64ms
step:1653/1695 train_loss:3.2617 train_time:411014ms step_avg:248.65ms
step:1654/1695 train_loss:3.3287 train_time:411276ms step_avg:248.66ms
step:1655/1695 train_loss:3.2584 train_time:411544ms step_avg:248.67ms
step:1656/1695 train_loss:3.4647 train_time:411811ms step_avg:248.68ms
step:1657/1695 train_loss:3.5425 train_time:412069ms step_avg:248.68ms
step:1658/1695 train_loss:3.2650 train_time:412330ms step_avg:248.69ms
step:1659/1695 train_loss:3.1948 train_time:412610ms step_avg:248.71ms
step:1660/1695 train_loss:3.4181 train_time:412876ms step_avg:248.72ms
step:1661/1695 train_loss:3.2633 train_time:413158ms step_avg:248.74ms
step:1662/1695 train_loss:3.3292 train_time:413416ms step_avg:248.75ms
step:1663/1695 train_loss:2.9477 train_time:413682ms step_avg:248.76ms
step:1664/1695 train_loss:3.4325 train_time:413961ms step_avg:248.77ms
step:1665/1695 train_loss:3.4563 train_time:414220ms step_avg:248.78ms
step:1666/1695 train_loss:3.3338 train_time:414483ms step_avg:248.79ms
step:1667/1695 train_loss:3.2387 train_time:414754ms step_avg:248.80ms
step:1668/1695 train_loss:3.4559 train_time:415028ms step_avg:248.82ms
step:1669/1695 train_loss:3.1257 train_time:415302ms step_avg:248.83ms
step:1670/1695 train_loss:3.5621 train_time:415561ms step_avg:248.84ms
step:1671/1695 train_loss:3.2785 train_time:415824ms step_avg:248.85ms
step:1672/1695 train_loss:3.4785 train_time:416092ms step_avg:248.86ms
step:1673/1695 train_loss:3.2105 train_time:416355ms step_avg:248.87ms
step:1674/1695 train_loss:3.3001 train_time:416618ms step_avg:248.88ms
step:1675/1695 train_loss:3.3153 train_time:416884ms step_avg:248.89ms
step:1676/1695 train_loss:3.1605 train_time:417156ms step_avg:248.90ms
step:1677/1695 train_loss:3.6638 train_time:417423ms step_avg:248.91ms
step:1678/1695 train_loss:3.2355 train_time:417689ms step_avg:248.92ms
step:1679/1695 train_loss:3.3262 train_time:417952ms step_avg:248.93ms
step:1680/1695 train_loss:3.2211 train_time:418211ms step_avg:248.94ms
step:1681/1695 train_loss:3.0632 train_time:418480ms step_avg:248.95ms
step:1682/1695 train_loss:3.2960 train_time:418755ms step_avg:248.96ms
step:1683/1695 train_loss:3.2071 train_time:419018ms step_avg:248.97ms
step:1684/1695 train_loss:3.2445 train_time:419287ms step_avg:248.98ms
step:1685/1695 train_loss:3.2723 train_time:419559ms step_avg:249.00ms
step:1686/1695 train_loss:3.2891 train_time:419818ms step_avg:249.00ms
step:1687/1695 train_loss:3.2872 train_time:420084ms step_avg:249.01ms
step:1688/1695 train_loss:3.2464 train_time:420343ms step_avg:249.02ms
step:1689/1695 train_loss:3.3216 train_time:420605ms step_avg:249.03ms
step:1690/1695 train_loss:3.3862 train_time:420873ms step_avg:249.04ms
step:1691/1695 train_loss:3.2682 train_time:421132ms step_avg:249.04ms
step:1692/1695 train_loss:3.1648 train_time:421399ms step_avg:249.05ms
step:1693/1695 train_loss:3.2795 train_time:421674ms step_avg:249.07ms
step:1694/1695 train_loss:3.2727 train_time:421931ms step_avg:249.07ms
step:1695/1695 train_loss:3.3780 train_time:422193ms step_avg:249.08ms
step:1695/1695 val_loss:3.2750 train_time:422213ms step_avg:249.09ms
peak memory allocated: 33622 MiB reserved: 50258 MiB
