W1009 09:26:26.294000 35370 site-packages/torch/distributed/run.py:852] 
W1009 09:26:26.294000 35370 site-packages/torch/distributed/run.py:852] *****************************************
W1009 09:26:26.294000 35370 site-packages/torch/distributed/run.py:852] Setting OMP_NUM_THREADS environment variable for each process to be 1 in default, to avoid your system being overloaded, please further tune the variable for optimal performance in your application as needed. 
W1009 09:26:26.294000 35370 site-packages/torch/distributed/run.py:852] *****************************************
logs/69c479df-512b-410a-a49a-77a36b91bda8.txt
step:0/1695 val_loss:10.8258 train_time:0ms step_avg:0.02ms
step:1/1695 train_loss:10.8258 train_time:270ms step_avg:270.26ms
step:2/1695 train_loss:10.1673 train_time:487ms step_avg:243.70ms
step:3/1695 train_loss:8.2055 train_time:716ms step_avg:238.65ms
step:4/1695 train_loss:7.4964 train_time:944ms step_avg:235.94ms
step:5/1695 train_loss:7.0531 train_time:1174ms step_avg:234.76ms
step:6/1695 train_loss:7.1965 train_time:1403ms step_avg:233.91ms
step:7/1695 train_loss:6.5334 train_time:1631ms step_avg:233.04ms
step:8/1695 train_loss:6.5346 train_time:1861ms step_avg:232.65ms
step:9/1695 train_loss:6.4597 train_time:2090ms step_avg:232.25ms
step:10/1695 train_loss:6.3891 train_time:2321ms step_avg:232.08ms
step:11/1695 train_loss:6.4171 train_time:2550ms step_avg:231.83ms
step:12/1695 train_loss:6.5241 train_time:2780ms step_avg:231.68ms
step:13/1695 train_loss:6.3605 train_time:3009ms step_avg:231.45ms
step:14/1695 train_loss:6.1799 train_time:3237ms step_avg:231.22ms
step:15/1695 train_loss:6.2545 train_time:3468ms step_avg:231.23ms
step:16/1695 train_loss:6.0546 train_time:3697ms step_avg:231.05ms
step:17/1695 train_loss:6.1333 train_time:3925ms step_avg:230.90ms
step:18/1695 train_loss:5.9841 train_time:4155ms step_avg:230.85ms
step:19/1695 train_loss:5.9537 train_time:4385ms step_avg:230.79ms
step:20/1695 train_loss:5.7825 train_time:4614ms step_avg:230.72ms
step:21/1695 train_loss:5.6864 train_time:4843ms step_avg:230.62ms
step:22/1695 train_loss:5.5918 train_time:5072ms step_avg:230.55ms
step:23/1695 train_loss:5.8811 train_time:5302ms step_avg:230.53ms
step:24/1695 train_loss:5.6995 train_time:5533ms step_avg:230.54ms
step:25/1695 train_loss:5.6933 train_time:5761ms step_avg:230.44ms
step:26/1695 train_loss:5.6462 train_time:5990ms step_avg:230.40ms
step:27/1695 train_loss:5.7163 train_time:6221ms step_avg:230.41ms
step:28/1695 train_loss:5.6591 train_time:6449ms step_avg:230.33ms
step:29/1695 train_loss:5.4904 train_time:6679ms step_avg:230.30ms
step:30/1695 train_loss:5.4608 train_time:6909ms step_avg:230.31ms
step:31/1695 train_loss:5.5895 train_time:7138ms step_avg:230.27ms
step:32/1695 train_loss:5.6120 train_time:7368ms step_avg:230.26ms
step:33/1695 train_loss:5.5045 train_time:7598ms step_avg:230.23ms
step:34/1695 train_loss:5.4682 train_time:7827ms step_avg:230.20ms
step:35/1695 train_loss:5.3298 train_time:8057ms step_avg:230.20ms
step:36/1695 train_loss:5.3110 train_time:8287ms step_avg:230.20ms
step:37/1695 train_loss:5.4274 train_time:8516ms step_avg:230.16ms
step:38/1695 train_loss:5.4079 train_time:8747ms step_avg:230.18ms
step:39/1695 train_loss:5.4482 train_time:8977ms step_avg:230.17ms
step:40/1695 train_loss:5.4385 train_time:9206ms step_avg:230.16ms
step:41/1695 train_loss:5.3367 train_time:9436ms step_avg:230.15ms
step:42/1695 train_loss:5.3230 train_time:9666ms step_avg:230.13ms
step:43/1695 train_loss:5.1653 train_time:9895ms step_avg:230.11ms
step:44/1695 train_loss:5.1903 train_time:10125ms step_avg:230.12ms
step:45/1695 train_loss:5.4172 train_time:10357ms step_avg:230.14ms
step:46/1695 train_loss:5.1614 train_time:10586ms step_avg:230.14ms
step:47/1695 train_loss:5.2101 train_time:10817ms step_avg:230.16ms
step:48/1695 train_loss:5.1768 train_time:11046ms step_avg:230.13ms
step:49/1695 train_loss:5.0612 train_time:11275ms step_avg:230.11ms
step:50/1695 train_loss:5.2697 train_time:11506ms step_avg:230.12ms
step:51/1695 train_loss:5.1985 train_time:11735ms step_avg:230.11ms
step:52/1695 train_loss:5.0771 train_time:11965ms step_avg:230.09ms
step:53/1695 train_loss:5.0706 train_time:12196ms step_avg:230.11ms
step:54/1695 train_loss:5.2017 train_time:12425ms step_avg:230.10ms
step:55/1695 train_loss:5.0428 train_time:12654ms step_avg:230.06ms
step:56/1695 train_loss:5.3050 train_time:12884ms step_avg:230.08ms
step:57/1695 train_loss:5.0700 train_time:13114ms step_avg:230.07ms
step:58/1695 train_loss:5.1041 train_time:13344ms step_avg:230.07ms
step:59/1695 train_loss:4.9582 train_time:13576ms step_avg:230.10ms
step:60/1695 train_loss:5.0291 train_time:13805ms step_avg:230.08ms
step:61/1695 train_loss:5.0821 train_time:14035ms step_avg:230.08ms
step:62/1695 train_loss:5.0363 train_time:14265ms step_avg:230.09ms
step:63/1695 train_loss:5.0778 train_time:14497ms step_avg:230.11ms
step:64/1695 train_loss:4.9562 train_time:14726ms step_avg:230.09ms
step:65/1695 train_loss:5.0764 train_time:14956ms step_avg:230.10ms
step:66/1695 train_loss:5.0542 train_time:15185ms step_avg:230.08ms
step:67/1695 train_loss:4.8594 train_time:15415ms step_avg:230.07ms
step:68/1695 train_loss:5.3138 train_time:15645ms step_avg:230.07ms
step:69/1695 train_loss:4.7886 train_time:15875ms step_avg:230.08ms
step:70/1695 train_loss:5.0141 train_time:16107ms step_avg:230.10ms
step:71/1695 train_loss:5.0125 train_time:16337ms step_avg:230.10ms
step:72/1695 train_loss:5.0104 train_time:16566ms step_avg:230.08ms
step:73/1695 train_loss:4.9508 train_time:16798ms step_avg:230.10ms
step:74/1695 train_loss:5.1709 train_time:17027ms step_avg:230.09ms
step:75/1695 train_loss:4.8907 train_time:17257ms step_avg:230.09ms
step:76/1695 train_loss:4.8437 train_time:17488ms step_avg:230.11ms
step:77/1695 train_loss:5.0320 train_time:17719ms step_avg:230.12ms
step:78/1695 train_loss:4.8752 train_time:17946ms step_avg:230.08ms
step:79/1695 train_loss:4.8561 train_time:18179ms step_avg:230.12ms
step:80/1695 train_loss:4.8255 train_time:18408ms step_avg:230.10ms
step:81/1695 train_loss:4.7510 train_time:18636ms step_avg:230.08ms
step:82/1695 train_loss:4.9240 train_time:18868ms step_avg:230.09ms
step:83/1695 train_loss:4.9424 train_time:19097ms step_avg:230.08ms
step:84/1695 train_loss:4.6432 train_time:19327ms step_avg:230.09ms
step:85/1695 train_loss:4.8050 train_time:19558ms step_avg:230.10ms
step:86/1695 train_loss:4.6667 train_time:19788ms step_avg:230.09ms
step:87/1695 train_loss:4.7590 train_time:20017ms step_avg:230.08ms
step:88/1695 train_loss:4.8598 train_time:20249ms step_avg:230.10ms
step:89/1695 train_loss:4.9090 train_time:20479ms step_avg:230.10ms
step:90/1695 train_loss:4.8233 train_time:20708ms step_avg:230.09ms
step:91/1695 train_loss:4.8297 train_time:20939ms step_avg:230.10ms
step:92/1695 train_loss:4.7502 train_time:21169ms step_avg:230.10ms
step:93/1695 train_loss:4.8454 train_time:21399ms step_avg:230.10ms
step:94/1695 train_loss:4.7884 train_time:21630ms step_avg:230.10ms
step:95/1695 train_loss:4.6354 train_time:21861ms step_avg:230.11ms
step:96/1695 train_loss:4.7238 train_time:22090ms step_avg:230.11ms
step:97/1695 train_loss:4.8109 train_time:22320ms step_avg:230.11ms
step:98/1695 train_loss:4.7976 train_time:22552ms step_avg:230.12ms
step:99/1695 train_loss:4.6800 train_time:22781ms step_avg:230.12ms
step:100/1695 train_loss:4.7777 train_time:23012ms step_avg:230.12ms
step:101/1695 train_loss:4.8223 train_time:23242ms step_avg:230.12ms
step:102/1695 train_loss:4.7863 train_time:23471ms step_avg:230.11ms
step:103/1695 train_loss:4.7641 train_time:23703ms step_avg:230.13ms
step:104/1695 train_loss:4.7473 train_time:23933ms step_avg:230.13ms
step:105/1695 train_loss:4.7053 train_time:24162ms step_avg:230.12ms
step:106/1695 train_loss:4.6766 train_time:24394ms step_avg:230.13ms
step:107/1695 train_loss:4.7088 train_time:24623ms step_avg:230.13ms
step:108/1695 train_loss:4.6486 train_time:24853ms step_avg:230.12ms
step:109/1695 train_loss:5.0567 train_time:25086ms step_avg:230.15ms
step:110/1695 train_loss:4.7759 train_time:25314ms step_avg:230.13ms
step:111/1695 train_loss:4.6420 train_time:25544ms step_avg:230.12ms
step:112/1695 train_loss:4.5672 train_time:25775ms step_avg:230.13ms
step:113/1695 train_loss:4.6174 train_time:26005ms step_avg:230.13ms
step:114/1695 train_loss:4.7522 train_time:26235ms step_avg:230.14ms
step:115/1695 train_loss:4.6633 train_time:26466ms step_avg:230.14ms
step:116/1695 train_loss:4.6074 train_time:26697ms step_avg:230.15ms
step:117/1695 train_loss:4.5430 train_time:26929ms step_avg:230.16ms
step:118/1695 train_loss:4.6704 train_time:27158ms step_avg:230.15ms
step:119/1695 train_loss:4.7968 train_time:27389ms step_avg:230.16ms
step:120/1695 train_loss:4.6174 train_time:27619ms step_avg:230.16ms
step:121/1695 train_loss:4.6452 train_time:27849ms step_avg:230.16ms
step:122/1695 train_loss:4.5193 train_time:28081ms step_avg:230.17ms
step:123/1695 train_loss:4.6891 train_time:28311ms step_avg:230.17ms
step:124/1695 train_loss:4.3578 train_time:28543ms step_avg:230.19ms
step:125/1695 train_loss:4.5154 train_time:28776ms step_avg:230.20ms
step:125/1695 val_loss:4.6088 train_time:28785ms step_avg:230.28ms
step:126/1695 train_loss:4.7717 train_time:29010ms step_avg:230.24ms
step:127/1695 train_loss:4.5628 train_time:29245ms step_avg:230.28ms
step:128/1695 train_loss:4.5772 train_time:29477ms step_avg:230.29ms
step:129/1695 train_loss:4.6091 train_time:29711ms step_avg:230.32ms
step:130/1695 train_loss:4.4640 train_time:29942ms step_avg:230.33ms
step:131/1695 train_loss:4.4435 train_time:30176ms step_avg:230.35ms
step:132/1695 train_loss:4.6540 train_time:30407ms step_avg:230.36ms
step:133/1695 train_loss:4.5633 train_time:30640ms step_avg:230.38ms
step:134/1695 train_loss:4.4071 train_time:30873ms step_avg:230.39ms
step:135/1695 train_loss:4.4607 train_time:31106ms step_avg:230.41ms
step:136/1695 train_loss:4.3765 train_time:31337ms step_avg:230.42ms
step:137/1695 train_loss:4.5110 train_time:31569ms step_avg:230.43ms
step:138/1695 train_loss:4.3184 train_time:31803ms step_avg:230.45ms
step:139/1695 train_loss:4.1748 train_time:32036ms step_avg:230.47ms
step:140/1695 train_loss:4.2248 train_time:32268ms step_avg:230.49ms
step:141/1695 train_loss:4.4964 train_time:32501ms step_avg:230.51ms
step:142/1695 train_loss:4.5727 train_time:32732ms step_avg:230.51ms
step:143/1695 train_loss:4.7798 train_time:32965ms step_avg:230.53ms
step:144/1695 train_loss:4.3892 train_time:33197ms step_avg:230.54ms
step:145/1695 train_loss:4.6953 train_time:33431ms step_avg:230.56ms
step:146/1695 train_loss:4.4944 train_time:33662ms step_avg:230.56ms
step:147/1695 train_loss:4.2851 train_time:33895ms step_avg:230.58ms
step:148/1695 train_loss:4.3440 train_time:34127ms step_avg:230.59ms
step:149/1695 train_loss:4.3166 train_time:34361ms step_avg:230.61ms
step:150/1695 train_loss:4.3929 train_time:34593ms step_avg:230.62ms
step:151/1695 train_loss:4.3286 train_time:34827ms step_avg:230.64ms
step:152/1695 train_loss:4.3699 train_time:35058ms step_avg:230.64ms
step:153/1695 train_loss:4.4209 train_time:35293ms step_avg:230.67ms
step:154/1695 train_loss:4.3985 train_time:35526ms step_avg:230.69ms
step:155/1695 train_loss:4.3268 train_time:35758ms step_avg:230.70ms
step:156/1695 train_loss:4.3080 train_time:35991ms step_avg:230.71ms
step:157/1695 train_loss:4.3825 train_time:36224ms step_avg:230.73ms
step:158/1695 train_loss:4.3890 train_time:36455ms step_avg:230.73ms
step:159/1695 train_loss:4.3494 train_time:36690ms step_avg:230.75ms
step:160/1695 train_loss:4.5326 train_time:36920ms step_avg:230.75ms
step:161/1695 train_loss:4.3154 train_time:37155ms step_avg:230.78ms
step:162/1695 train_loss:4.1994 train_time:37387ms step_avg:230.78ms
step:163/1695 train_loss:4.3616 train_time:37622ms step_avg:230.81ms
step:164/1695 train_loss:4.3650 train_time:37852ms step_avg:230.81ms
step:165/1695 train_loss:4.3545 train_time:38086ms step_avg:230.82ms
step:166/1695 train_loss:4.3372 train_time:38318ms step_avg:230.83ms
step:167/1695 train_loss:4.3567 train_time:38552ms step_avg:230.85ms
step:168/1695 train_loss:4.2080 train_time:38784ms step_avg:230.86ms
step:169/1695 train_loss:4.1524 train_time:39016ms step_avg:230.87ms
step:170/1695 train_loss:4.3511 train_time:39248ms step_avg:230.87ms
step:171/1695 train_loss:4.1855 train_time:39481ms step_avg:230.88ms
step:172/1695 train_loss:4.2362 train_time:39712ms step_avg:230.89ms
step:173/1695 train_loss:4.1319 train_time:39946ms step_avg:230.90ms
step:174/1695 train_loss:4.2723 train_time:40177ms step_avg:230.90ms
step:175/1695 train_loss:4.1876 train_time:40411ms step_avg:230.92ms
step:176/1695 train_loss:4.3597 train_time:40643ms step_avg:230.93ms
step:177/1695 train_loss:4.2624 train_time:40876ms step_avg:230.94ms
step:178/1695 train_loss:4.1424 train_time:41107ms step_avg:230.94ms
step:179/1695 train_loss:4.2676 train_time:41341ms step_avg:230.96ms
step:180/1695 train_loss:4.1639 train_time:41572ms step_avg:230.96ms
step:181/1695 train_loss:4.1937 train_time:41807ms step_avg:230.98ms
step:182/1695 train_loss:4.2532 train_time:42039ms step_avg:230.98ms
step:183/1695 train_loss:4.3339 train_time:42273ms step_avg:231.00ms
step:184/1695 train_loss:4.3218 train_time:42504ms step_avg:231.00ms
step:185/1695 train_loss:4.0802 train_time:42737ms step_avg:231.01ms
step:186/1695 train_loss:4.3229 train_time:42969ms step_avg:231.01ms
step:187/1695 train_loss:4.1993 train_time:43201ms step_avg:231.02ms
step:188/1695 train_loss:4.1789 train_time:43434ms step_avg:231.03ms
step:189/1695 train_loss:4.1347 train_time:43667ms step_avg:231.04ms
step:190/1695 train_loss:4.1798 train_time:43899ms step_avg:231.05ms
step:191/1695 train_loss:4.1745 train_time:44131ms step_avg:231.05ms
step:192/1695 train_loss:4.1850 train_time:44363ms step_avg:231.06ms
step:193/1695 train_loss:4.0144 train_time:44596ms step_avg:231.07ms
step:194/1695 train_loss:4.5307 train_time:44829ms step_avg:231.07ms
step:195/1695 train_loss:4.1635 train_time:45061ms step_avg:231.08ms
step:196/1695 train_loss:4.1578 train_time:45294ms step_avg:231.09ms
step:197/1695 train_loss:4.1711 train_time:45527ms step_avg:231.10ms
step:198/1695 train_loss:4.0790 train_time:45760ms step_avg:231.11ms
step:199/1695 train_loss:4.1050 train_time:45991ms step_avg:231.11ms
step:200/1695 train_loss:4.2523 train_time:46225ms step_avg:231.12ms
step:201/1695 train_loss:4.1318 train_time:46458ms step_avg:231.13ms
step:202/1695 train_loss:4.2036 train_time:46690ms step_avg:231.14ms
step:203/1695 train_loss:3.9876 train_time:46922ms step_avg:231.14ms
step:204/1695 train_loss:4.1246 train_time:47155ms step_avg:231.15ms
step:205/1695 train_loss:4.2967 train_time:47388ms step_avg:231.16ms
step:206/1695 train_loss:4.2742 train_time:47620ms step_avg:231.16ms
step:207/1695 train_loss:4.1306 train_time:47854ms step_avg:231.18ms
step:208/1695 train_loss:4.1599 train_time:48086ms step_avg:231.18ms
step:209/1695 train_loss:4.3346 train_time:48317ms step_avg:231.18ms
step:210/1695 train_loss:4.0801 train_time:48549ms step_avg:231.19ms
step:211/1695 train_loss:4.0475 train_time:48782ms step_avg:231.20ms
step:212/1695 train_loss:4.0855 train_time:49018ms step_avg:231.22ms
step:213/1695 train_loss:3.9761 train_time:49250ms step_avg:231.22ms
step:214/1695 train_loss:4.1406 train_time:49483ms step_avg:231.23ms
step:215/1695 train_loss:4.1315 train_time:49715ms step_avg:231.23ms
step:216/1695 train_loss:4.1247 train_time:49949ms step_avg:231.24ms
step:217/1695 train_loss:4.1522 train_time:50181ms step_avg:231.25ms
step:218/1695 train_loss:4.0135 train_time:50414ms step_avg:231.26ms
step:219/1695 train_loss:4.0461 train_time:50646ms step_avg:231.26ms
step:220/1695 train_loss:4.4732 train_time:50879ms step_avg:231.27ms
step:221/1695 train_loss:4.1785 train_time:51112ms step_avg:231.28ms
step:222/1695 train_loss:4.0564 train_time:51345ms step_avg:231.28ms
step:223/1695 train_loss:4.3822 train_time:51577ms step_avg:231.29ms
step:224/1695 train_loss:4.0812 train_time:51811ms step_avg:231.30ms
step:225/1695 train_loss:4.0336 train_time:52043ms step_avg:231.30ms
step:226/1695 train_loss:4.1087 train_time:52275ms step_avg:231.31ms
step:227/1695 train_loss:4.3158 train_time:52508ms step_avg:231.31ms
step:228/1695 train_loss:4.1473 train_time:52741ms step_avg:231.32ms
step:229/1695 train_loss:4.0519 train_time:52973ms step_avg:231.32ms
step:230/1695 train_loss:4.1125 train_time:53207ms step_avg:231.33ms
step:231/1695 train_loss:4.1951 train_time:53439ms step_avg:231.34ms
step:232/1695 train_loss:4.1835 train_time:53672ms step_avg:231.35ms
step:233/1695 train_loss:4.2013 train_time:53904ms step_avg:231.35ms
step:234/1695 train_loss:4.0363 train_time:54137ms step_avg:231.36ms
step:235/1695 train_loss:4.2097 train_time:54370ms step_avg:231.36ms
step:236/1695 train_loss:4.1869 train_time:54602ms step_avg:231.37ms
step:237/1695 train_loss:3.9826 train_time:54834ms step_avg:231.37ms
step:238/1695 train_loss:4.1708 train_time:55069ms step_avg:231.38ms
step:239/1695 train_loss:4.1819 train_time:55300ms step_avg:231.38ms
step:240/1695 train_loss:4.1161 train_time:55533ms step_avg:231.39ms
step:241/1695 train_loss:4.0514 train_time:55767ms step_avg:231.40ms
step:242/1695 train_loss:4.1436 train_time:55999ms step_avg:231.40ms
step:243/1695 train_loss:4.3508 train_time:56231ms step_avg:231.40ms
step:244/1695 train_loss:4.2645 train_time:56464ms step_avg:231.41ms
step:245/1695 train_loss:4.1123 train_time:56699ms step_avg:231.42ms
step:246/1695 train_loss:3.9635 train_time:56974ms step_avg:231.60ms
step:247/1695 train_loss:4.1602 train_time:57207ms step_avg:231.61ms
step:248/1695 train_loss:4.0728 train_time:57441ms step_avg:231.62ms
step:249/1695 train_loss:4.0633 train_time:57672ms step_avg:231.62ms
step:250/1695 train_loss:4.0808 train_time:57905ms step_avg:231.62ms
step:250/1695 val_loss:4.0825 train_time:57913ms step_avg:231.65ms
step:251/1695 train_loss:4.3647 train_time:58141ms step_avg:231.64ms
step:252/1695 train_loss:4.0985 train_time:58374ms step_avg:231.64ms
step:253/1695 train_loss:4.0557 train_time:58607ms step_avg:231.65ms
step:254/1695 train_loss:4.1559 train_time:58843ms step_avg:231.66ms
step:255/1695 train_loss:4.1343 train_time:59076ms step_avg:231.67ms
step:256/1695 train_loss:4.1601 train_time:59310ms step_avg:231.68ms
step:257/1695 train_loss:4.0668 train_time:59543ms step_avg:231.68ms
step:258/1695 train_loss:3.9559 train_time:59778ms step_avg:231.70ms
step:259/1695 train_loss:4.0451 train_time:60012ms step_avg:231.71ms
step:260/1695 train_loss:3.9760 train_time:60246ms step_avg:231.72ms
step:261/1695 train_loss:4.0205 train_time:60481ms step_avg:231.73ms
step:262/1695 train_loss:3.9477 train_time:60716ms step_avg:231.74ms
step:263/1695 train_loss:4.0549 train_time:60951ms step_avg:231.75ms
step:264/1695 train_loss:4.0152 train_time:61185ms step_avg:231.76ms
step:265/1695 train_loss:4.1354 train_time:61420ms step_avg:231.77ms
step:266/1695 train_loss:3.9466 train_time:61654ms step_avg:231.78ms
step:267/1695 train_loss:4.0244 train_time:61889ms step_avg:231.79ms
step:268/1695 train_loss:4.0504 train_time:62124ms step_avg:231.81ms
step:269/1695 train_loss:3.9860 train_time:62357ms step_avg:231.81ms
step:270/1695 train_loss:3.9255 train_time:62592ms step_avg:231.82ms
step:271/1695 train_loss:4.1656 train_time:62826ms step_avg:231.83ms
step:272/1695 train_loss:3.9324 train_time:63060ms step_avg:231.84ms
step:273/1695 train_loss:3.9799 train_time:63295ms step_avg:231.85ms
step:274/1695 train_loss:4.0860 train_time:63529ms step_avg:231.86ms
step:275/1695 train_loss:4.0178 train_time:63764ms step_avg:231.87ms
step:276/1695 train_loss:4.0779 train_time:63999ms step_avg:231.88ms
step:277/1695 train_loss:4.0909 train_time:64232ms step_avg:231.88ms
step:278/1695 train_loss:4.0471 train_time:64468ms step_avg:231.90ms
step:279/1695 train_loss:3.9596 train_time:64701ms step_avg:231.90ms
step:280/1695 train_loss:3.9296 train_time:64936ms step_avg:231.91ms
step:281/1695 train_loss:3.9519 train_time:65170ms step_avg:231.92ms
step:282/1695 train_loss:3.9978 train_time:65405ms step_avg:231.93ms
step:283/1695 train_loss:4.0459 train_time:65640ms step_avg:231.94ms
step:284/1695 train_loss:3.9501 train_time:65874ms step_avg:231.95ms
step:285/1695 train_loss:4.0087 train_time:66107ms step_avg:231.95ms
step:286/1695 train_loss:4.0624 train_time:66340ms step_avg:231.96ms
step:287/1695 train_loss:3.8848 train_time:66576ms step_avg:231.97ms
step:288/1695 train_loss:4.2969 train_time:66809ms step_avg:231.98ms
step:289/1695 train_loss:3.8904 train_time:67044ms step_avg:231.99ms
step:290/1695 train_loss:3.8295 train_time:67278ms step_avg:231.99ms
step:291/1695 train_loss:3.9329 train_time:67512ms step_avg:232.00ms
step:292/1695 train_loss:3.9018 train_time:67747ms step_avg:232.01ms
step:293/1695 train_loss:4.0594 train_time:67982ms step_avg:232.02ms
step:294/1695 train_loss:3.9913 train_time:68216ms step_avg:232.03ms
step:295/1695 train_loss:4.0092 train_time:68450ms step_avg:232.04ms
step:296/1695 train_loss:4.0898 train_time:68685ms step_avg:232.04ms
step:297/1695 train_loss:4.0167 train_time:68919ms step_avg:232.05ms
step:298/1695 train_loss:3.8695 train_time:69153ms step_avg:232.06ms
step:299/1695 train_loss:3.9233 train_time:69388ms step_avg:232.07ms
step:300/1695 train_loss:4.0209 train_time:69623ms step_avg:232.08ms
step:301/1695 train_loss:3.9137 train_time:69856ms step_avg:232.08ms
step:302/1695 train_loss:4.0968 train_time:70092ms step_avg:232.09ms
step:303/1695 train_loss:4.0140 train_time:70326ms step_avg:232.10ms
step:304/1695 train_loss:4.1871 train_time:70560ms step_avg:232.11ms
step:305/1695 train_loss:4.0197 train_time:70795ms step_avg:232.11ms
step:306/1695 train_loss:4.7695 train_time:71030ms step_avg:232.12ms
step:307/1695 train_loss:4.1144 train_time:71264ms step_avg:232.13ms
step:308/1695 train_loss:3.9649 train_time:71500ms step_avg:232.14ms
step:309/1695 train_loss:3.9020 train_time:71734ms step_avg:232.15ms
step:310/1695 train_loss:3.8879 train_time:71967ms step_avg:232.15ms
step:311/1695 train_loss:4.0743 train_time:72202ms step_avg:232.16ms
step:312/1695 train_loss:4.2381 train_time:72436ms step_avg:232.17ms
step:313/1695 train_loss:4.1452 train_time:72670ms step_avg:232.17ms
step:314/1695 train_loss:4.0429 train_time:72905ms step_avg:232.18ms
step:315/1695 train_loss:3.9833 train_time:73138ms step_avg:232.18ms
step:316/1695 train_loss:3.8711 train_time:73374ms step_avg:232.20ms
step:317/1695 train_loss:4.1130 train_time:73606ms step_avg:232.20ms
step:318/1695 train_loss:4.2263 train_time:73842ms step_avg:232.21ms
step:319/1695 train_loss:3.8936 train_time:74076ms step_avg:232.21ms
step:320/1695 train_loss:3.9191 train_time:74311ms step_avg:232.22ms
step:321/1695 train_loss:3.7716 train_time:74544ms step_avg:232.23ms
step:322/1695 train_loss:3.9924 train_time:74780ms step_avg:232.24ms
step:323/1695 train_loss:3.9148 train_time:75014ms step_avg:232.24ms
step:324/1695 train_loss:4.1008 train_time:75247ms step_avg:232.24ms
step:325/1695 train_loss:4.1643 train_time:75481ms step_avg:232.25ms
step:326/1695 train_loss:3.9067 train_time:75715ms step_avg:232.25ms
step:327/1695 train_loss:4.0839 train_time:75949ms step_avg:232.26ms
step:328/1695 train_loss:3.9963 train_time:76183ms step_avg:232.26ms
step:329/1695 train_loss:3.9685 train_time:76418ms step_avg:232.27ms
step:330/1695 train_loss:3.9317 train_time:76651ms step_avg:232.27ms
step:331/1695 train_loss:3.9847 train_time:76885ms step_avg:232.28ms
step:332/1695 train_loss:3.9713 train_time:77119ms step_avg:232.29ms
step:333/1695 train_loss:4.2270 train_time:77353ms step_avg:232.29ms
step:334/1695 train_loss:4.0484 train_time:77589ms step_avg:232.30ms
step:335/1695 train_loss:3.8002 train_time:77822ms step_avg:232.31ms
step:336/1695 train_loss:3.8738 train_time:78057ms step_avg:232.31ms
step:337/1695 train_loss:3.9408 train_time:78290ms step_avg:232.32ms
step:338/1695 train_loss:4.0095 train_time:78525ms step_avg:232.32ms
step:339/1695 train_loss:3.9487 train_time:78758ms step_avg:232.32ms
step:340/1695 train_loss:3.9262 train_time:78992ms step_avg:232.33ms
step:341/1695 train_loss:4.4381 train_time:79228ms step_avg:232.34ms
step:342/1695 train_loss:3.7684 train_time:79461ms step_avg:232.34ms
step:343/1695 train_loss:3.9220 train_time:79697ms step_avg:232.35ms
step:344/1695 train_loss:3.8301 train_time:79931ms step_avg:232.36ms
step:345/1695 train_loss:3.9520 train_time:80165ms step_avg:232.36ms
step:346/1695 train_loss:3.8164 train_time:80399ms step_avg:232.37ms
step:347/1695 train_loss:4.0373 train_time:80634ms step_avg:232.37ms
step:348/1695 train_loss:4.0877 train_time:80868ms step_avg:232.38ms
step:349/1695 train_loss:3.9053 train_time:81103ms step_avg:232.39ms
step:350/1695 train_loss:3.9557 train_time:81337ms step_avg:232.39ms
step:351/1695 train_loss:3.8958 train_time:81570ms step_avg:232.39ms
step:352/1695 train_loss:3.8671 train_time:81807ms step_avg:232.41ms
step:353/1695 train_loss:3.8991 train_time:82040ms step_avg:232.41ms
step:354/1695 train_loss:3.6199 train_time:82275ms step_avg:232.42ms
step:355/1695 train_loss:3.7667 train_time:82509ms step_avg:232.42ms
step:356/1695 train_loss:3.9481 train_time:82743ms step_avg:232.43ms
step:357/1695 train_loss:3.9566 train_time:82977ms step_avg:232.43ms
step:358/1695 train_loss:3.8854 train_time:83211ms step_avg:232.43ms
step:359/1695 train_loss:4.1302 train_time:83447ms step_avg:232.44ms
step:360/1695 train_loss:3.6171 train_time:83679ms step_avg:232.44ms
step:361/1695 train_loss:3.9090 train_time:83916ms step_avg:232.45ms
step:362/1695 train_loss:3.9653 train_time:84149ms step_avg:232.45ms
step:363/1695 train_loss:3.8245 train_time:84383ms step_avg:232.46ms
step:364/1695 train_loss:3.8514 train_time:84616ms step_avg:232.46ms
step:365/1695 train_loss:3.9529 train_time:84852ms step_avg:232.47ms
step:366/1695 train_loss:3.7776 train_time:85086ms step_avg:232.47ms
step:367/1695 train_loss:3.9621 train_time:85321ms step_avg:232.48ms
step:368/1695 train_loss:3.8446 train_time:85555ms step_avg:232.49ms
step:369/1695 train_loss:3.8262 train_time:85789ms step_avg:232.49ms
step:370/1695 train_loss:3.8215 train_time:86023ms step_avg:232.49ms
step:371/1695 train_loss:3.9140 train_time:86258ms step_avg:232.50ms
step:372/1695 train_loss:3.9120 train_time:86491ms step_avg:232.50ms
step:373/1695 train_loss:4.0734 train_time:86726ms step_avg:232.51ms
step:374/1695 train_loss:3.9072 train_time:86960ms step_avg:232.51ms
step:375/1695 train_loss:3.8426 train_time:87195ms step_avg:232.52ms
step:375/1695 val_loss:3.8808 train_time:87203ms step_avg:232.54ms
step:376/1695 train_loss:3.8718 train_time:87434ms step_avg:232.54ms
step:377/1695 train_loss:4.0259 train_time:87667ms step_avg:232.54ms
step:378/1695 train_loss:3.8286 train_time:87909ms step_avg:232.56ms
step:379/1695 train_loss:3.8103 train_time:88148ms step_avg:232.58ms
step:380/1695 train_loss:3.8965 train_time:88389ms step_avg:232.60ms
step:381/1695 train_loss:4.0678 train_time:88631ms step_avg:232.63ms
step:382/1695 train_loss:3.9176 train_time:88870ms step_avg:232.64ms
step:383/1695 train_loss:3.9186 train_time:89112ms step_avg:232.67ms
step:384/1695 train_loss:3.9394 train_time:89354ms step_avg:232.69ms
step:385/1695 train_loss:3.9041 train_time:89595ms step_avg:232.71ms
step:386/1695 train_loss:3.9339 train_time:89836ms step_avg:232.74ms
step:387/1695 train_loss:3.8440 train_time:90075ms step_avg:232.75ms
step:388/1695 train_loss:3.8991 train_time:90316ms step_avg:232.77ms
step:389/1695 train_loss:3.9168 train_time:90556ms step_avg:232.79ms
step:390/1695 train_loss:3.8190 train_time:90797ms step_avg:232.81ms
step:391/1695 train_loss:3.8127 train_time:91038ms step_avg:232.83ms
step:392/1695 train_loss:3.7708 train_time:91279ms step_avg:232.85ms
step:393/1695 train_loss:3.8512 train_time:91521ms step_avg:232.88ms
step:394/1695 train_loss:3.9574 train_time:91762ms step_avg:232.90ms
step:395/1695 train_loss:3.8573 train_time:92003ms step_avg:232.92ms
step:396/1695 train_loss:3.9941 train_time:92243ms step_avg:232.94ms
step:397/1695 train_loss:4.0479 train_time:92485ms step_avg:232.96ms
step:398/1695 train_loss:3.6887 train_time:92725ms step_avg:232.98ms
step:399/1695 train_loss:3.8085 train_time:92965ms step_avg:233.00ms
step:400/1695 train_loss:3.9431 train_time:93207ms step_avg:233.02ms
step:401/1695 train_loss:3.9333 train_time:93447ms step_avg:233.04ms
step:402/1695 train_loss:3.9423 train_time:93688ms step_avg:233.06ms
step:403/1695 train_loss:3.7389 train_time:93930ms step_avg:233.08ms
step:404/1695 train_loss:3.8392 train_time:94171ms step_avg:233.10ms
step:405/1695 train_loss:3.8505 train_time:94413ms step_avg:233.12ms
step:406/1695 train_loss:3.7415 train_time:94652ms step_avg:233.13ms
step:407/1695 train_loss:3.8949 train_time:94893ms step_avg:233.15ms
step:408/1695 train_loss:3.7817 train_time:95133ms step_avg:233.17ms
step:409/1695 train_loss:3.8284 train_time:95374ms step_avg:233.19ms
step:410/1695 train_loss:3.8138 train_time:95615ms step_avg:233.21ms
step:411/1695 train_loss:3.8663 train_time:95857ms step_avg:233.23ms
step:412/1695 train_loss:3.6802 train_time:96098ms step_avg:233.25ms
step:413/1695 train_loss:3.8530 train_time:96340ms step_avg:233.27ms
step:414/1695 train_loss:3.9326 train_time:96580ms step_avg:233.28ms
step:415/1695 train_loss:3.8986 train_time:96822ms step_avg:233.31ms
step:416/1695 train_loss:3.7018 train_time:97062ms step_avg:233.32ms
step:417/1695 train_loss:3.7603 train_time:97303ms step_avg:233.34ms
step:418/1695 train_loss:4.0886 train_time:97544ms step_avg:233.36ms
step:419/1695 train_loss:3.7151 train_time:97785ms step_avg:233.38ms
step:420/1695 train_loss:3.8251 train_time:98026ms step_avg:233.39ms
step:421/1695 train_loss:3.7272 train_time:98266ms step_avg:233.41ms
step:422/1695 train_loss:3.7944 train_time:98508ms step_avg:233.43ms
step:423/1695 train_loss:3.8950 train_time:98750ms step_avg:233.45ms
step:424/1695 train_loss:3.8783 train_time:98992ms step_avg:233.47ms
step:425/1695 train_loss:3.7425 train_time:99232ms step_avg:233.49ms
step:426/1695 train_loss:3.7518 train_time:99472ms step_avg:233.50ms
step:427/1695 train_loss:3.7861 train_time:99714ms step_avg:233.52ms
step:428/1695 train_loss:3.7471 train_time:99955ms step_avg:233.54ms
step:429/1695 train_loss:3.8476 train_time:100195ms step_avg:233.56ms
step:430/1695 train_loss:3.5905 train_time:100436ms step_avg:233.57ms
step:431/1695 train_loss:3.7621 train_time:100677ms step_avg:233.59ms
step:432/1695 train_loss:3.9063 train_time:100918ms step_avg:233.61ms
step:433/1695 train_loss:3.8313 train_time:101160ms step_avg:233.63ms
step:434/1695 train_loss:3.8826 train_time:101401ms step_avg:233.64ms
step:435/1695 train_loss:3.6230 train_time:101641ms step_avg:233.66ms
step:436/1695 train_loss:3.7720 train_time:101883ms step_avg:233.68ms
step:437/1695 train_loss:3.8166 train_time:102123ms step_avg:233.69ms
step:438/1695 train_loss:3.6772 train_time:102365ms step_avg:233.71ms
step:439/1695 train_loss:3.8249 train_time:102607ms step_avg:233.73ms
step:440/1695 train_loss:3.8975 train_time:102846ms step_avg:233.74ms
step:441/1695 train_loss:3.8761 train_time:103088ms step_avg:233.76ms
step:442/1695 train_loss:3.9139 train_time:103328ms step_avg:233.77ms
step:443/1695 train_loss:3.7650 train_time:103571ms step_avg:233.80ms
step:444/1695 train_loss:3.7310 train_time:103811ms step_avg:233.81ms
step:445/1695 train_loss:3.6833 train_time:104052ms step_avg:233.83ms
step:446/1695 train_loss:3.7583 train_time:104293ms step_avg:233.84ms
step:447/1695 train_loss:3.8144 train_time:104533ms step_avg:233.86ms
step:448/1695 train_loss:3.7909 train_time:104775ms step_avg:233.87ms
step:449/1695 train_loss:3.8319 train_time:105017ms step_avg:233.89ms
step:450/1695 train_loss:3.8641 train_time:105258ms step_avg:233.91ms
step:451/1695 train_loss:3.8806 train_time:105500ms step_avg:233.93ms
step:452/1695 train_loss:3.7071 train_time:105741ms step_avg:233.94ms
step:453/1695 train_loss:3.6960 train_time:105981ms step_avg:233.95ms
step:454/1695 train_loss:3.7177 train_time:106223ms step_avg:233.97ms
step:455/1695 train_loss:3.7265 train_time:106464ms step_avg:233.99ms
step:456/1695 train_loss:3.7578 train_time:106703ms step_avg:234.00ms
step:457/1695 train_loss:3.7522 train_time:106945ms step_avg:234.02ms
step:458/1695 train_loss:3.7897 train_time:107186ms step_avg:234.03ms
step:459/1695 train_loss:3.8111 train_time:107426ms step_avg:234.04ms
step:460/1695 train_loss:3.7305 train_time:107667ms step_avg:234.06ms
step:461/1695 train_loss:3.8072 train_time:107908ms step_avg:234.07ms
step:462/1695 train_loss:4.0603 train_time:108149ms step_avg:234.09ms
step:463/1695 train_loss:3.8960 train_time:108389ms step_avg:234.10ms
step:464/1695 train_loss:3.7132 train_time:108630ms step_avg:234.12ms
step:465/1695 train_loss:4.0245 train_time:108873ms step_avg:234.13ms
step:466/1695 train_loss:3.8528 train_time:109113ms step_avg:234.15ms
step:467/1695 train_loss:3.8598 train_time:109355ms step_avg:234.16ms
step:468/1695 train_loss:3.6669 train_time:109596ms step_avg:234.18ms
step:469/1695 train_loss:3.8125 train_time:109836ms step_avg:234.19ms
step:470/1695 train_loss:3.7204 train_time:110076ms step_avg:234.20ms
step:471/1695 train_loss:3.7305 train_time:110316ms step_avg:234.22ms
step:472/1695 train_loss:4.1573 train_time:110558ms step_avg:234.23ms
step:473/1695 train_loss:3.6550 train_time:110800ms step_avg:234.25ms
step:474/1695 train_loss:3.8777 train_time:111041ms step_avg:234.26ms
step:475/1695 train_loss:3.7536 train_time:111281ms step_avg:234.27ms
step:476/1695 train_loss:3.5834 train_time:111523ms step_avg:234.29ms
step:477/1695 train_loss:3.7633 train_time:111763ms step_avg:234.30ms
step:478/1695 train_loss:3.5818 train_time:112004ms step_avg:234.32ms
step:479/1695 train_loss:3.8404 train_time:112244ms step_avg:234.33ms
step:480/1695 train_loss:3.6726 train_time:112485ms step_avg:234.34ms
step:481/1695 train_loss:3.7682 train_time:112724ms step_avg:234.35ms
step:482/1695 train_loss:3.7151 train_time:112965ms step_avg:234.37ms
step:483/1695 train_loss:3.8837 train_time:113206ms step_avg:234.38ms
step:484/1695 train_loss:3.6659 train_time:113446ms step_avg:234.39ms
step:485/1695 train_loss:3.8185 train_time:113687ms step_avg:234.41ms
step:486/1695 train_loss:4.1335 train_time:113928ms step_avg:234.42ms
step:487/1695 train_loss:3.7904 train_time:114170ms step_avg:234.43ms
step:488/1695 train_loss:3.9107 train_time:114410ms step_avg:234.45ms
step:489/1695 train_loss:3.8208 train_time:114652ms step_avg:234.46ms
step:490/1695 train_loss:3.8533 train_time:114892ms step_avg:234.47ms
step:491/1695 train_loss:3.8279 train_time:115176ms step_avg:234.57ms
step:492/1695 train_loss:3.6201 train_time:115417ms step_avg:234.59ms
step:493/1695 train_loss:3.7552 train_time:115658ms step_avg:234.60ms
step:494/1695 train_loss:3.8137 train_time:115899ms step_avg:234.61ms
step:495/1695 train_loss:3.6964 train_time:116141ms step_avg:234.63ms
step:496/1695 train_loss:3.7309 train_time:116381ms step_avg:234.64ms
step:497/1695 train_loss:3.7580 train_time:116622ms step_avg:234.65ms
step:498/1695 train_loss:3.6482 train_time:116863ms step_avg:234.66ms
step:499/1695 train_loss:3.7083 train_time:117104ms step_avg:234.68ms
step:500/1695 train_loss:3.7843 train_time:117346ms step_avg:234.69ms
step:500/1695 val_loss:3.7360 train_time:117354ms step_avg:234.71ms
step:501/1695 train_loss:3.9183 train_time:117590ms step_avg:234.71ms
step:502/1695 train_loss:3.6628 train_time:117832ms step_avg:234.72ms
step:503/1695 train_loss:3.7516 train_time:118073ms step_avg:234.74ms
step:504/1695 train_loss:3.6548 train_time:118314ms step_avg:234.75ms
step:505/1695 train_loss:3.8066 train_time:118557ms step_avg:234.77ms
step:506/1695 train_loss:3.7892 train_time:118798ms step_avg:234.78ms
step:507/1695 train_loss:3.7490 train_time:119041ms step_avg:234.79ms
step:508/1695 train_loss:3.8905 train_time:119284ms step_avg:234.81ms
step:509/1695 train_loss:3.6020 train_time:119525ms step_avg:234.82ms
step:510/1695 train_loss:3.7271 train_time:119768ms step_avg:234.84ms
step:511/1695 train_loss:3.5929 train_time:120012ms step_avg:234.86ms
step:512/1695 train_loss:3.8477 train_time:120254ms step_avg:234.87ms
step:513/1695 train_loss:3.6245 train_time:120497ms step_avg:234.89ms
step:514/1695 train_loss:3.6686 train_time:120738ms step_avg:234.90ms
step:515/1695 train_loss:3.7982 train_time:120981ms step_avg:234.91ms
step:516/1695 train_loss:3.6049 train_time:121223ms step_avg:234.93ms
step:517/1695 train_loss:3.8331 train_time:121468ms step_avg:234.95ms
step:518/1695 train_loss:3.7401 train_time:121711ms step_avg:234.96ms
step:519/1695 train_loss:3.6939 train_time:121954ms step_avg:234.98ms
step:520/1695 train_loss:3.7905 train_time:122196ms step_avg:234.99ms
step:521/1695 train_loss:3.6435 train_time:122439ms step_avg:235.01ms
step:522/1695 train_loss:3.5836 train_time:122682ms step_avg:235.02ms
step:523/1695 train_loss:3.8400 train_time:122923ms step_avg:235.04ms
step:524/1695 train_loss:3.6774 train_time:123165ms step_avg:235.05ms
step:525/1695 train_loss:3.6938 train_time:123407ms step_avg:235.06ms
step:526/1695 train_loss:3.6607 train_time:123648ms step_avg:235.07ms
step:527/1695 train_loss:3.7408 train_time:123890ms step_avg:235.08ms
step:528/1695 train_loss:3.7153 train_time:124132ms step_avg:235.10ms
step:529/1695 train_loss:3.7238 train_time:124376ms step_avg:235.12ms
step:530/1695 train_loss:3.7475 train_time:124616ms step_avg:235.13ms
step:531/1695 train_loss:3.7530 train_time:124858ms step_avg:235.14ms
step:532/1695 train_loss:3.7419 train_time:125101ms step_avg:235.15ms
step:533/1695 train_loss:3.7812 train_time:125342ms step_avg:235.16ms
step:534/1695 train_loss:3.8283 train_time:125587ms step_avg:235.18ms
step:535/1695 train_loss:3.7211 train_time:125828ms step_avg:235.19ms
step:536/1695 train_loss:3.8779 train_time:126070ms step_avg:235.20ms
step:537/1695 train_loss:3.7609 train_time:126311ms step_avg:235.22ms
step:538/1695 train_loss:3.5721 train_time:126554ms step_avg:235.23ms
step:539/1695 train_loss:3.8064 train_time:126797ms step_avg:235.24ms
step:540/1695 train_loss:3.7741 train_time:127039ms step_avg:235.26ms
step:541/1695 train_loss:3.4091 train_time:127283ms step_avg:235.27ms
step:542/1695 train_loss:3.7403 train_time:127525ms step_avg:235.29ms
step:543/1695 train_loss:3.7011 train_time:127767ms step_avg:235.30ms
step:544/1695 train_loss:3.7648 train_time:128009ms step_avg:235.31ms
step:545/1695 train_loss:3.8018 train_time:128253ms step_avg:235.33ms
step:546/1695 train_loss:3.6679 train_time:128492ms step_avg:235.33ms
step:547/1695 train_loss:3.5542 train_time:128733ms step_avg:235.34ms
step:548/1695 train_loss:3.6946 train_time:128975ms step_avg:235.36ms
step:549/1695 train_loss:3.5973 train_time:129217ms step_avg:235.37ms
step:550/1695 train_loss:3.6362 train_time:129460ms step_avg:235.38ms
step:551/1695 train_loss:3.6347 train_time:129702ms step_avg:235.39ms
step:552/1695 train_loss:3.6267 train_time:129943ms step_avg:235.40ms
step:553/1695 train_loss:3.6954 train_time:130185ms step_avg:235.42ms
step:554/1695 train_loss:3.7083 train_time:130428ms step_avg:235.43ms
step:555/1695 train_loss:3.6092 train_time:130669ms step_avg:235.44ms
step:556/1695 train_loss:3.8292 train_time:130911ms step_avg:235.45ms
step:557/1695 train_loss:3.7856 train_time:131152ms step_avg:235.46ms
step:558/1695 train_loss:3.6068 train_time:131394ms step_avg:235.47ms
step:559/1695 train_loss:3.7770 train_time:131636ms step_avg:235.48ms
step:560/1695 train_loss:3.6348 train_time:131878ms step_avg:235.50ms
step:561/1695 train_loss:3.7991 train_time:132121ms step_avg:235.51ms
step:562/1695 train_loss:3.8542 train_time:132362ms step_avg:235.52ms
step:563/1695 train_loss:3.7452 train_time:132604ms step_avg:235.53ms
step:564/1695 train_loss:3.6825 train_time:132845ms step_avg:235.54ms
step:565/1695 train_loss:3.7803 train_time:133088ms step_avg:235.55ms
step:566/1695 train_loss:3.7309 train_time:133329ms step_avg:235.56ms
step:567/1695 train_loss:3.6635 train_time:133572ms step_avg:235.58ms
step:568/1695 train_loss:3.7782 train_time:133813ms step_avg:235.59ms
step:569/1695 train_loss:3.5544 train_time:134055ms step_avg:235.60ms
step:570/1695 train_loss:3.7800 train_time:134298ms step_avg:235.61ms
step:571/1695 train_loss:3.5993 train_time:134539ms step_avg:235.62ms
step:572/1695 train_loss:3.6849 train_time:134782ms step_avg:235.63ms
step:573/1695 train_loss:4.0039 train_time:135025ms step_avg:235.65ms
step:574/1695 train_loss:3.8090 train_time:135264ms step_avg:235.65ms
step:575/1695 train_loss:3.7748 train_time:135506ms step_avg:235.66ms
step:576/1695 train_loss:3.5960 train_time:135748ms step_avg:235.67ms
step:577/1695 train_loss:3.6341 train_time:135992ms step_avg:235.69ms
step:578/1695 train_loss:3.7709 train_time:136234ms step_avg:235.70ms
step:579/1695 train_loss:3.7623 train_time:136476ms step_avg:235.71ms
step:580/1695 train_loss:3.6013 train_time:136720ms step_avg:235.72ms
step:581/1695 train_loss:3.8270 train_time:136960ms step_avg:235.73ms
step:582/1695 train_loss:3.6966 train_time:137207ms step_avg:235.75ms
step:583/1695 train_loss:3.6872 train_time:137449ms step_avg:235.76ms
step:584/1695 train_loss:3.5884 train_time:137692ms step_avg:235.77ms
step:585/1695 train_loss:3.9893 train_time:137934ms step_avg:235.79ms
step:586/1695 train_loss:3.6271 train_time:138177ms step_avg:235.80ms
step:587/1695 train_loss:3.5591 train_time:138418ms step_avg:235.81ms
step:588/1695 train_loss:3.6790 train_time:138661ms step_avg:235.82ms
step:589/1695 train_loss:3.6730 train_time:138904ms step_avg:235.83ms
step:590/1695 train_loss:3.6314 train_time:139146ms step_avg:235.84ms
step:591/1695 train_loss:3.6887 train_time:139387ms step_avg:235.85ms
step:592/1695 train_loss:3.5924 train_time:139629ms step_avg:235.86ms
step:593/1695 train_loss:3.7212 train_time:139871ms step_avg:235.87ms
step:594/1695 train_loss:3.5743 train_time:140114ms step_avg:235.88ms
step:595/1695 train_loss:3.5990 train_time:140355ms step_avg:235.89ms
step:596/1695 train_loss:3.5735 train_time:140597ms step_avg:235.90ms
step:597/1695 train_loss:3.6185 train_time:140839ms step_avg:235.91ms
step:598/1695 train_loss:3.6982 train_time:141080ms step_avg:235.92ms
step:599/1695 train_loss:3.7543 train_time:141322ms step_avg:235.93ms
step:600/1695 train_loss:3.7639 train_time:141564ms step_avg:235.94ms
step:601/1695 train_loss:3.7307 train_time:141806ms step_avg:235.95ms
step:602/1695 train_loss:3.6678 train_time:142049ms step_avg:235.96ms
step:603/1695 train_loss:3.6033 train_time:142291ms step_avg:235.97ms
step:604/1695 train_loss:3.8622 train_time:142532ms step_avg:235.98ms
step:605/1695 train_loss:3.6607 train_time:142774ms step_avg:235.99ms
step:606/1695 train_loss:3.7979 train_time:143016ms step_avg:236.00ms
step:607/1695 train_loss:3.4993 train_time:143258ms step_avg:236.01ms
step:608/1695 train_loss:3.6364 train_time:143500ms step_avg:236.02ms
step:609/1695 train_loss:3.5463 train_time:143742ms step_avg:236.03ms
step:610/1695 train_loss:3.8371 train_time:143984ms step_avg:236.04ms
step:611/1695 train_loss:3.5029 train_time:144225ms step_avg:236.05ms
step:612/1695 train_loss:3.6937 train_time:144467ms step_avg:236.06ms
step:613/1695 train_loss:3.7272 train_time:144710ms step_avg:236.07ms
step:614/1695 train_loss:3.7970 train_time:144952ms step_avg:236.08ms
step:615/1695 train_loss:3.6797 train_time:145194ms step_avg:236.09ms
step:616/1695 train_loss:3.7471 train_time:145436ms step_avg:236.10ms
step:617/1695 train_loss:3.8130 train_time:145679ms step_avg:236.11ms
step:618/1695 train_loss:3.5695 train_time:145921ms step_avg:236.12ms
step:619/1695 train_loss:4.0017 train_time:146162ms step_avg:236.13ms
step:620/1695 train_loss:3.6732 train_time:146404ms step_avg:236.14ms
step:621/1695 train_loss:3.5882 train_time:146647ms step_avg:236.15ms
step:622/1695 train_loss:3.6202 train_time:146890ms step_avg:236.16ms
step:623/1695 train_loss:3.9217 train_time:147133ms step_avg:236.17ms
step:624/1695 train_loss:3.5744 train_time:147374ms step_avg:236.18ms
step:625/1695 train_loss:3.7942 train_time:147616ms step_avg:236.19ms
step:625/1695 val_loss:3.6520 train_time:147619ms step_avg:236.19ms
step:626/1695 train_loss:3.5273 train_time:147861ms step_avg:236.20ms
step:627/1695 train_loss:3.6893 train_time:148103ms step_avg:236.21ms
step:628/1695 train_loss:3.7158 train_time:148345ms step_avg:236.22ms
step:629/1695 train_loss:3.5632 train_time:148593ms step_avg:236.24ms
step:630/1695 train_loss:3.6728 train_time:148839ms step_avg:236.25ms
step:631/1695 train_loss:3.7627 train_time:149085ms step_avg:236.27ms
step:632/1695 train_loss:3.4505 train_time:149334ms step_avg:236.29ms
step:633/1695 train_loss:3.7076 train_time:149582ms step_avg:236.31ms
step:634/1695 train_loss:3.6125 train_time:149828ms step_avg:236.32ms
step:635/1695 train_loss:3.7091 train_time:150076ms step_avg:236.34ms
step:636/1695 train_loss:3.6199 train_time:150323ms step_avg:236.36ms
step:637/1695 train_loss:3.6315 train_time:150570ms step_avg:236.37ms
step:638/1695 train_loss:3.6796 train_time:150816ms step_avg:236.39ms
step:639/1695 train_loss:3.5225 train_time:151065ms step_avg:236.41ms
step:640/1695 train_loss:3.6198 train_time:151310ms step_avg:236.42ms
step:641/1695 train_loss:3.5804 train_time:151559ms step_avg:236.44ms
step:642/1695 train_loss:4.0295 train_time:151806ms step_avg:236.46ms
step:643/1695 train_loss:3.5871 train_time:152054ms step_avg:236.48ms
step:644/1695 train_loss:3.6327 train_time:152301ms step_avg:236.49ms
step:645/1695 train_loss:3.8116 train_time:152548ms step_avg:236.51ms
step:646/1695 train_loss:3.6619 train_time:152796ms step_avg:236.53ms
step:647/1695 train_loss:3.6134 train_time:153043ms step_avg:236.54ms
step:648/1695 train_loss:3.6483 train_time:153292ms step_avg:236.56ms
step:649/1695 train_loss:3.6485 train_time:153538ms step_avg:236.58ms
step:650/1695 train_loss:3.6336 train_time:153786ms step_avg:236.59ms
step:651/1695 train_loss:3.4610 train_time:154033ms step_avg:236.61ms
step:652/1695 train_loss:3.6416 train_time:154280ms step_avg:236.63ms
step:653/1695 train_loss:3.6944 train_time:154528ms step_avg:236.64ms
step:654/1695 train_loss:3.4919 train_time:154775ms step_avg:236.66ms
step:655/1695 train_loss:3.6283 train_time:155024ms step_avg:236.68ms
step:656/1695 train_loss:3.6280 train_time:155270ms step_avg:236.69ms
step:657/1695 train_loss:3.7183 train_time:155517ms step_avg:236.71ms
step:658/1695 train_loss:3.5184 train_time:155764ms step_avg:236.72ms
step:659/1695 train_loss:3.6160 train_time:156012ms step_avg:236.74ms
step:660/1695 train_loss:3.5546 train_time:156259ms step_avg:236.76ms
step:661/1695 train_loss:3.6781 train_time:156506ms step_avg:236.77ms
step:662/1695 train_loss:3.6299 train_time:156752ms step_avg:236.79ms
step:663/1695 train_loss:3.6624 train_time:157000ms step_avg:236.80ms
step:664/1695 train_loss:3.9018 train_time:157247ms step_avg:236.82ms
step:665/1695 train_loss:3.6222 train_time:157494ms step_avg:236.83ms
step:666/1695 train_loss:3.7243 train_time:157741ms step_avg:236.85ms
step:667/1695 train_loss:3.5538 train_time:157989ms step_avg:236.86ms
step:668/1695 train_loss:3.7889 train_time:158236ms step_avg:236.88ms
step:669/1695 train_loss:3.6604 train_time:158483ms step_avg:236.90ms
step:670/1695 train_loss:3.8013 train_time:158730ms step_avg:236.91ms
step:671/1695 train_loss:3.5234 train_time:158978ms step_avg:236.93ms
step:672/1695 train_loss:3.6558 train_time:159225ms step_avg:236.94ms
step:673/1695 train_loss:3.6190 train_time:159472ms step_avg:236.96ms
step:674/1695 train_loss:3.7326 train_time:159718ms step_avg:236.97ms
step:675/1695 train_loss:3.5543 train_time:159966ms step_avg:236.99ms
step:676/1695 train_loss:3.6904 train_time:160214ms step_avg:237.00ms
step:677/1695 train_loss:3.5598 train_time:160461ms step_avg:237.02ms
step:678/1695 train_loss:3.6122 train_time:160708ms step_avg:237.03ms
step:679/1695 train_loss:3.5820 train_time:160955ms step_avg:237.05ms
step:680/1695 train_loss:3.5381 train_time:161203ms step_avg:237.06ms
step:681/1695 train_loss:3.6284 train_time:161451ms step_avg:237.08ms
step:682/1695 train_loss:3.6575 train_time:161699ms step_avg:237.10ms
step:683/1695 train_loss:3.6157 train_time:161945ms step_avg:237.11ms
step:684/1695 train_loss:3.5463 train_time:162193ms step_avg:237.12ms
step:685/1695 train_loss:3.8646 train_time:162440ms step_avg:237.14ms
step:686/1695 train_loss:3.3573 train_time:162689ms step_avg:237.16ms
step:687/1695 train_loss:3.6691 train_time:162934ms step_avg:237.17ms
step:688/1695 train_loss:3.4958 train_time:163183ms step_avg:237.18ms
step:689/1695 train_loss:3.6636 train_time:163430ms step_avg:237.20ms
step:690/1695 train_loss:3.6282 train_time:163677ms step_avg:237.21ms
step:691/1695 train_loss:3.8158 train_time:163925ms step_avg:237.23ms
step:692/1695 train_loss:3.5692 train_time:164171ms step_avg:237.24ms
step:693/1695 train_loss:3.0626 train_time:164421ms step_avg:237.26ms
step:694/1695 train_loss:3.5651 train_time:164668ms step_avg:237.27ms
step:695/1695 train_loss:3.6796 train_time:164916ms step_avg:237.29ms
step:696/1695 train_loss:3.6028 train_time:165162ms step_avg:237.30ms
step:697/1695 train_loss:3.5620 train_time:165408ms step_avg:237.31ms
step:698/1695 train_loss:3.8769 train_time:165654ms step_avg:237.33ms
step:699/1695 train_loss:3.6387 train_time:165904ms step_avg:237.34ms
step:700/1695 train_loss:3.6631 train_time:166151ms step_avg:237.36ms
step:701/1695 train_loss:3.5430 train_time:166399ms step_avg:237.37ms
step:702/1695 train_loss:3.7196 train_time:166647ms step_avg:237.39ms
step:703/1695 train_loss:3.5687 train_time:166894ms step_avg:237.40ms
step:704/1695 train_loss:3.5032 train_time:167145ms step_avg:237.42ms
step:705/1695 train_loss:3.6627 train_time:167392ms step_avg:237.43ms
step:706/1695 train_loss:3.8861 train_time:167638ms step_avg:237.45ms
step:707/1695 train_loss:3.4669 train_time:167887ms step_avg:237.46ms
step:708/1695 train_loss:3.7144 train_time:168133ms step_avg:237.48ms
step:709/1695 train_loss:3.4501 train_time:168381ms step_avg:237.49ms
step:710/1695 train_loss:3.6275 train_time:168628ms step_avg:237.50ms
step:711/1695 train_loss:3.5980 train_time:168874ms step_avg:237.52ms
step:712/1695 train_loss:3.5303 train_time:169124ms step_avg:237.53ms
step:713/1695 train_loss:3.6214 train_time:169370ms step_avg:237.55ms
step:714/1695 train_loss:3.6409 train_time:169618ms step_avg:237.56ms
step:715/1695 train_loss:3.5655 train_time:169865ms step_avg:237.57ms
step:716/1695 train_loss:3.6086 train_time:170112ms step_avg:237.59ms
step:717/1695 train_loss:3.6338 train_time:170358ms step_avg:237.60ms
step:718/1695 train_loss:3.5084 train_time:170606ms step_avg:237.61ms
step:719/1695 train_loss:3.6163 train_time:170854ms step_avg:237.63ms
step:720/1695 train_loss:3.5683 train_time:171101ms step_avg:237.64ms
step:721/1695 train_loss:3.5611 train_time:171349ms step_avg:237.66ms
step:722/1695 train_loss:3.8895 train_time:171596ms step_avg:237.67ms
step:723/1695 train_loss:3.6247 train_time:171843ms step_avg:237.68ms
step:724/1695 train_loss:3.7548 train_time:172089ms step_avg:237.69ms
step:725/1695 train_loss:3.5825 train_time:172337ms step_avg:237.71ms
step:726/1695 train_loss:3.5665 train_time:172585ms step_avg:237.72ms
step:727/1695 train_loss:3.3325 train_time:172833ms step_avg:237.73ms
step:728/1695 train_loss:3.6183 train_time:173080ms step_avg:237.75ms
step:729/1695 train_loss:3.6161 train_time:173327ms step_avg:237.76ms
step:730/1695 train_loss:3.5197 train_time:173575ms step_avg:237.77ms
step:731/1695 train_loss:3.5818 train_time:173823ms step_avg:237.79ms
step:732/1695 train_loss:3.6834 train_time:174070ms step_avg:237.80ms
step:733/1695 train_loss:3.6312 train_time:174318ms step_avg:237.81ms
step:734/1695 train_loss:3.5869 train_time:174566ms step_avg:237.83ms
step:735/1695 train_loss:3.4295 train_time:174814ms step_avg:237.84ms
step:736/1695 train_loss:3.6935 train_time:175103ms step_avg:237.91ms
step:737/1695 train_loss:3.6044 train_time:175350ms step_avg:237.92ms
step:738/1695 train_loss:3.5273 train_time:175597ms step_avg:237.94ms
step:739/1695 train_loss:3.6321 train_time:175845ms step_avg:237.95ms
step:740/1695 train_loss:3.6855 train_time:176091ms step_avg:237.96ms
step:741/1695 train_loss:3.5530 train_time:176340ms step_avg:237.98ms
step:742/1695 train_loss:3.6871 train_time:176587ms step_avg:237.99ms
step:743/1695 train_loss:3.7654 train_time:176835ms step_avg:238.00ms
step:744/1695 train_loss:3.5837 train_time:177081ms step_avg:238.01ms
step:745/1695 train_loss:3.5451 train_time:177328ms step_avg:238.02ms
step:746/1695 train_loss:3.8048 train_time:177577ms step_avg:238.04ms
step:747/1695 train_loss:3.5772 train_time:177824ms step_avg:238.05ms
step:748/1695 train_loss:3.7808 train_time:178071ms step_avg:238.06ms
step:749/1695 train_loss:3.5619 train_time:178319ms step_avg:238.08ms
step:750/1695 train_loss:3.6162 train_time:178567ms step_avg:238.09ms
step:750/1695 val_loss:3.5898 train_time:178572ms step_avg:238.10ms
step:751/1695 train_loss:3.6319 train_time:178815ms step_avg:238.10ms
step:752/1695 train_loss:3.6400 train_time:179062ms step_avg:238.11ms
step:753/1695 train_loss:3.5929 train_time:179308ms step_avg:238.13ms
step:754/1695 train_loss:3.5116 train_time:179556ms step_avg:238.14ms
step:755/1695 train_loss:3.5783 train_time:179805ms step_avg:238.15ms
step:756/1695 train_loss:4.5172 train_time:180053ms step_avg:238.17ms
step:757/1695 train_loss:3.5403 train_time:180301ms step_avg:238.18ms
step:758/1695 train_loss:3.6628 train_time:180549ms step_avg:238.19ms
step:759/1695 train_loss:3.5214 train_time:180800ms step_avg:238.21ms
step:760/1695 train_loss:3.5704 train_time:181047ms step_avg:238.22ms
step:761/1695 train_loss:3.5907 train_time:181297ms step_avg:238.23ms
step:762/1695 train_loss:3.4036 train_time:181545ms step_avg:238.25ms
step:763/1695 train_loss:3.6852 train_time:181793ms step_avg:238.26ms
step:764/1695 train_loss:3.6788 train_time:182041ms step_avg:238.27ms
step:765/1695 train_loss:3.4668 train_time:182289ms step_avg:238.29ms
step:766/1695 train_loss:3.5315 train_time:182541ms step_avg:238.30ms
step:767/1695 train_loss:4.0401 train_time:182790ms step_avg:238.32ms
step:768/1695 train_loss:3.5569 train_time:183037ms step_avg:238.33ms
step:769/1695 train_loss:3.5431 train_time:183286ms step_avg:238.34ms
step:770/1695 train_loss:3.4955 train_time:183534ms step_avg:238.36ms
step:771/1695 train_loss:3.6351 train_time:183782ms step_avg:238.37ms
step:772/1695 train_loss:3.6134 train_time:184033ms step_avg:238.38ms
step:773/1695 train_loss:3.5105 train_time:184282ms step_avg:238.40ms
step:774/1695 train_loss:3.5979 train_time:184529ms step_avg:238.41ms
step:775/1695 train_loss:3.5302 train_time:184778ms step_avg:238.42ms
step:776/1695 train_loss:3.6586 train_time:185025ms step_avg:238.43ms
step:777/1695 train_loss:3.5033 train_time:185275ms step_avg:238.45ms
step:778/1695 train_loss:3.6549 train_time:185522ms step_avg:238.46ms
step:779/1695 train_loss:3.4464 train_time:185770ms step_avg:238.47ms
step:780/1695 train_loss:3.5828 train_time:186019ms step_avg:238.49ms
step:781/1695 train_loss:3.6277 train_time:186267ms step_avg:238.50ms
step:782/1695 train_loss:3.6171 train_time:186517ms step_avg:238.51ms
step:783/1695 train_loss:3.4075 train_time:186766ms step_avg:238.53ms
step:784/1695 train_loss:3.5552 train_time:187014ms step_avg:238.54ms
step:785/1695 train_loss:3.6012 train_time:187264ms step_avg:238.55ms
step:786/1695 train_loss:3.5668 train_time:187512ms step_avg:238.56ms
step:787/1695 train_loss:3.4545 train_time:187759ms step_avg:238.58ms
step:788/1695 train_loss:3.5234 train_time:188008ms step_avg:238.59ms
step:789/1695 train_loss:3.6563 train_time:188259ms step_avg:238.60ms
step:790/1695 train_loss:3.4584 train_time:188505ms step_avg:238.61ms
step:791/1695 train_loss:3.5662 train_time:188753ms step_avg:238.63ms
step:792/1695 train_loss:3.5912 train_time:189001ms step_avg:238.64ms
step:793/1695 train_loss:3.6182 train_time:189248ms step_avg:238.65ms
step:794/1695 train_loss:3.4801 train_time:189497ms step_avg:238.66ms
step:795/1695 train_loss:3.5588 train_time:189744ms step_avg:238.67ms
step:796/1695 train_loss:3.7026 train_time:189996ms step_avg:238.69ms
step:797/1695 train_loss:3.6686 train_time:190243ms step_avg:238.70ms
step:798/1695 train_loss:3.5237 train_time:190492ms step_avg:238.71ms
step:799/1695 train_loss:3.6643 train_time:190740ms step_avg:238.72ms
step:800/1695 train_loss:3.5870 train_time:190987ms step_avg:238.73ms
step:801/1695 train_loss:3.6129 train_time:191236ms step_avg:238.75ms
step:802/1695 train_loss:3.5210 train_time:191485ms step_avg:238.76ms
step:803/1695 train_loss:3.4461 train_time:191731ms step_avg:238.77ms
step:804/1695 train_loss:3.7465 train_time:191982ms step_avg:238.78ms
step:805/1695 train_loss:3.5309 train_time:192229ms step_avg:238.79ms
step:806/1695 train_loss:3.6612 train_time:192478ms step_avg:238.81ms
step:807/1695 train_loss:3.5289 train_time:192725ms step_avg:238.82ms
step:808/1695 train_loss:3.4762 train_time:192973ms step_avg:238.83ms
step:809/1695 train_loss:3.7321 train_time:193221ms step_avg:238.84ms
step:810/1695 train_loss:3.7093 train_time:193470ms step_avg:238.85ms
step:811/1695 train_loss:3.5478 train_time:193718ms step_avg:238.86ms
step:812/1695 train_loss:3.6508 train_time:193967ms step_avg:238.88ms
step:813/1695 train_loss:3.5887 train_time:194214ms step_avg:238.89ms
step:814/1695 train_loss:3.5997 train_time:194462ms step_avg:238.90ms
step:815/1695 train_loss:3.6077 train_time:194708ms step_avg:238.91ms
step:816/1695 train_loss:3.5766 train_time:194958ms step_avg:238.92ms
step:817/1695 train_loss:3.4293 train_time:195207ms step_avg:238.93ms
step:818/1695 train_loss:3.5970 train_time:195453ms step_avg:238.94ms
step:819/1695 train_loss:3.6714 train_time:195702ms step_avg:238.95ms
step:820/1695 train_loss:3.7117 train_time:195950ms step_avg:238.96ms
step:821/1695 train_loss:3.6338 train_time:196198ms step_avg:238.97ms
step:822/1695 train_loss:3.6260 train_time:196446ms step_avg:238.99ms
step:823/1695 train_loss:3.6984 train_time:196693ms step_avg:238.99ms
step:824/1695 train_loss:3.7694 train_time:196942ms step_avg:239.01ms
step:825/1695 train_loss:3.6022 train_time:197189ms step_avg:239.02ms
step:826/1695 train_loss:3.5880 train_time:197439ms step_avg:239.03ms
step:827/1695 train_loss:3.7140 train_time:197688ms step_avg:239.04ms
step:828/1695 train_loss:3.6258 train_time:197937ms step_avg:239.05ms
step:829/1695 train_loss:3.6231 train_time:198187ms step_avg:239.07ms
step:830/1695 train_loss:3.5627 train_time:198434ms step_avg:239.08ms
step:831/1695 train_loss:3.7211 train_time:198683ms step_avg:239.09ms
step:832/1695 train_loss:3.7907 train_time:198930ms step_avg:239.10ms
step:833/1695 train_loss:3.6015 train_time:199178ms step_avg:239.11ms
step:834/1695 train_loss:3.6609 train_time:199426ms step_avg:239.12ms
step:835/1695 train_loss:3.5652 train_time:199674ms step_avg:239.13ms
step:836/1695 train_loss:3.6201 train_time:199922ms step_avg:239.14ms
step:837/1695 train_loss:3.6542 train_time:200175ms step_avg:239.16ms
step:838/1695 train_loss:3.6037 train_time:200421ms step_avg:239.17ms
step:839/1695 train_loss:3.3875 train_time:200671ms step_avg:239.18ms
step:840/1695 train_loss:3.2751 train_time:200920ms step_avg:239.19ms
step:841/1695 train_loss:3.4709 train_time:201167ms step_avg:239.20ms
step:842/1695 train_loss:3.5366 train_time:201415ms step_avg:239.21ms
step:843/1695 train_loss:3.6717 train_time:201664ms step_avg:239.22ms
step:844/1695 train_loss:3.5863 train_time:201912ms step_avg:239.23ms
step:845/1695 train_loss:3.5418 train_time:202161ms step_avg:239.24ms
step:846/1695 train_loss:3.5683 train_time:202408ms step_avg:239.25ms
step:847/1695 train_loss:3.5586 train_time:202658ms step_avg:239.27ms
step:848/1695 train_loss:3.6025 train_time:202905ms step_avg:239.27ms
step:849/1695 train_loss:3.7208 train_time:203154ms step_avg:239.29ms
step:850/1695 train_loss:3.6348 train_time:203403ms step_avg:239.30ms
step:851/1695 train_loss:3.6968 train_time:203649ms step_avg:239.31ms
step:852/1695 train_loss:3.6575 train_time:203898ms step_avg:239.32ms
step:853/1695 train_loss:3.6809 train_time:204146ms step_avg:239.33ms
step:854/1695 train_loss:3.6911 train_time:204392ms step_avg:239.33ms
step:855/1695 train_loss:3.5665 train_time:204640ms step_avg:239.34ms
step:856/1695 train_loss:3.5436 train_time:204889ms step_avg:239.36ms
step:857/1695 train_loss:3.5315 train_time:205137ms step_avg:239.37ms
step:858/1695 train_loss:3.6289 train_time:205386ms step_avg:239.38ms
step:859/1695 train_loss:3.4905 train_time:205631ms step_avg:239.38ms
step:860/1695 train_loss:3.5386 train_time:205882ms step_avg:239.40ms
step:861/1695 train_loss:3.6347 train_time:206128ms step_avg:239.41ms
step:862/1695 train_loss:3.5640 train_time:206374ms step_avg:239.41ms
step:863/1695 train_loss:3.4649 train_time:206623ms step_avg:239.42ms
step:864/1695 train_loss:3.7002 train_time:206873ms step_avg:239.44ms
step:865/1695 train_loss:3.4599 train_time:207120ms step_avg:239.45ms
step:866/1695 train_loss:3.5475 train_time:207368ms step_avg:239.45ms
step:867/1695 train_loss:3.6315 train_time:207616ms step_avg:239.46ms
step:868/1695 train_loss:3.9061 train_time:207865ms step_avg:239.48ms
step:869/1695 train_loss:3.4371 train_time:208112ms step_avg:239.48ms
step:870/1695 train_loss:3.5558 train_time:208358ms step_avg:239.49ms
step:871/1695 train_loss:3.5144 train_time:208609ms step_avg:239.51ms
step:872/1695 train_loss:3.4782 train_time:208856ms step_avg:239.51ms
step:873/1695 train_loss:3.5595 train_time:209105ms step_avg:239.52ms
step:874/1695 train_loss:3.5021 train_time:209354ms step_avg:239.54ms
step:875/1695 train_loss:3.5962 train_time:209602ms step_avg:239.55ms
step:875/1695 val_loss:3.5407 train_time:209609ms step_avg:239.55ms
step:876/1695 train_loss:3.5013 train_time:209852ms step_avg:239.56ms
step:877/1695 train_loss:3.5252 train_time:210101ms step_avg:239.57ms
step:878/1695 train_loss:3.5176 train_time:210350ms step_avg:239.58ms
step:879/1695 train_loss:3.4663 train_time:210598ms step_avg:239.59ms
step:880/1695 train_loss:3.4676 train_time:210848ms step_avg:239.60ms
step:881/1695 train_loss:3.5389 train_time:211102ms step_avg:239.62ms
step:882/1695 train_loss:3.5639 train_time:211357ms step_avg:239.63ms
step:883/1695 train_loss:3.2398 train_time:211610ms step_avg:239.65ms
step:884/1695 train_loss:3.6219 train_time:211860ms step_avg:239.66ms
step:885/1695 train_loss:3.5299 train_time:212116ms step_avg:239.68ms
step:886/1695 train_loss:3.6072 train_time:212369ms step_avg:239.69ms
step:887/1695 train_loss:3.4491 train_time:212624ms step_avg:239.71ms
step:888/1695 train_loss:3.6151 train_time:212874ms step_avg:239.72ms
step:889/1695 train_loss:3.5974 train_time:213133ms step_avg:239.74ms
step:890/1695 train_loss:3.5006 train_time:213382ms step_avg:239.75ms
step:891/1695 train_loss:3.3948 train_time:213636ms step_avg:239.77ms
step:892/1695 train_loss:3.5780 train_time:213886ms step_avg:239.78ms
step:893/1695 train_loss:3.2973 train_time:214141ms step_avg:239.80ms
step:894/1695 train_loss:3.4587 train_time:214391ms step_avg:239.81ms
step:895/1695 train_loss:3.5221 train_time:214647ms step_avg:239.83ms
step:896/1695 train_loss:3.6598 train_time:214896ms step_avg:239.84ms
step:897/1695 train_loss:3.2566 train_time:215150ms step_avg:239.86ms
step:898/1695 train_loss:3.5273 train_time:215400ms step_avg:239.87ms
step:899/1695 train_loss:3.5012 train_time:215651ms step_avg:239.88ms
step:900/1695 train_loss:3.5047 train_time:215903ms step_avg:239.89ms
step:901/1695 train_loss:3.3750 train_time:216159ms step_avg:239.91ms
step:902/1695 train_loss:3.5313 train_time:216412ms step_avg:239.93ms
step:903/1695 train_loss:3.5284 train_time:216665ms step_avg:239.94ms
step:904/1695 train_loss:3.6428 train_time:216918ms step_avg:239.95ms
step:905/1695 train_loss:3.5810 train_time:217169ms step_avg:239.97ms
step:906/1695 train_loss:3.5427 train_time:217422ms step_avg:239.98ms
step:907/1695 train_loss:3.4585 train_time:217675ms step_avg:239.99ms
step:908/1695 train_loss:3.6693 train_time:217926ms step_avg:240.01ms
step:909/1695 train_loss:3.6811 train_time:218178ms step_avg:240.02ms
step:910/1695 train_loss:3.5854 train_time:218428ms step_avg:240.03ms
step:911/1695 train_loss:3.4526 train_time:218680ms step_avg:240.04ms
step:912/1695 train_loss:3.5412 train_time:218933ms step_avg:240.06ms
step:913/1695 train_loss:3.4171 train_time:219185ms step_avg:240.07ms
step:914/1695 train_loss:3.5167 train_time:219439ms step_avg:240.09ms
step:915/1695 train_loss:3.6782 train_time:219692ms step_avg:240.10ms
step:916/1695 train_loss:3.5313 train_time:219944ms step_avg:240.11ms
step:917/1695 train_loss:3.5438 train_time:220197ms step_avg:240.13ms
step:918/1695 train_loss:3.5382 train_time:220449ms step_avg:240.14ms
step:919/1695 train_loss:3.5765 train_time:220705ms step_avg:240.16ms
step:920/1695 train_loss:3.6654 train_time:220960ms step_avg:240.17ms
step:921/1695 train_loss:3.4920 train_time:221212ms step_avg:240.19ms
step:922/1695 train_loss:3.6051 train_time:221463ms step_avg:240.20ms
step:923/1695 train_loss:3.6150 train_time:221718ms step_avg:240.21ms
step:924/1695 train_loss:3.6896 train_time:221967ms step_avg:240.22ms
step:925/1695 train_loss:3.4345 train_time:222219ms step_avg:240.24ms
step:926/1695 train_loss:3.6383 train_time:222472ms step_avg:240.25ms
step:927/1695 train_loss:3.4612 train_time:222724ms step_avg:240.26ms
step:928/1695 train_loss:3.4860 train_time:222977ms step_avg:240.28ms
step:929/1695 train_loss:3.4828 train_time:223229ms step_avg:240.29ms
step:930/1695 train_loss:3.4228 train_time:223481ms step_avg:240.30ms
step:931/1695 train_loss:3.6584 train_time:223737ms step_avg:240.32ms
step:932/1695 train_loss:3.6189 train_time:223988ms step_avg:240.33ms
step:933/1695 train_loss:3.5595 train_time:224241ms step_avg:240.34ms
step:934/1695 train_loss:3.5605 train_time:224492ms step_avg:240.36ms
step:935/1695 train_loss:3.4809 train_time:224753ms step_avg:240.38ms
step:936/1695 train_loss:3.4577 train_time:225003ms step_avg:240.39ms
step:937/1695 train_loss:3.6033 train_time:225257ms step_avg:240.40ms
step:938/1695 train_loss:3.4528 train_time:225514ms step_avg:240.42ms
step:939/1695 train_loss:3.6151 train_time:225765ms step_avg:240.43ms
step:940/1695 train_loss:3.6074 train_time:226019ms step_avg:240.45ms
step:941/1695 train_loss:3.5572 train_time:226273ms step_avg:240.46ms
step:942/1695 train_loss:3.7007 train_time:226524ms step_avg:240.47ms
step:943/1695 train_loss:3.7130 train_time:226781ms step_avg:240.49ms
step:944/1695 train_loss:3.5909 train_time:227031ms step_avg:240.50ms
step:945/1695 train_loss:3.7755 train_time:227282ms step_avg:240.51ms
step:946/1695 train_loss:3.5187 train_time:227535ms step_avg:240.52ms
step:947/1695 train_loss:4.5198 train_time:227793ms step_avg:240.54ms
step:948/1695 train_loss:3.4896 train_time:228044ms step_avg:240.55ms
step:949/1695 train_loss:3.7975 train_time:228299ms step_avg:240.57ms
step:950/1695 train_loss:3.3104 train_time:228555ms step_avg:240.58ms
step:951/1695 train_loss:3.6286 train_time:228807ms step_avg:240.60ms
step:952/1695 train_loss:3.5119 train_time:229057ms step_avg:240.61ms
step:953/1695 train_loss:3.5391 train_time:229310ms step_avg:240.62ms
step:954/1695 train_loss:3.5848 train_time:229560ms step_avg:240.63ms
step:955/1695 train_loss:3.5544 train_time:229816ms step_avg:240.64ms
step:956/1695 train_loss:3.4479 train_time:230067ms step_avg:240.66ms
step:957/1695 train_loss:3.6224 train_time:230322ms step_avg:240.67ms
step:958/1695 train_loss:3.3246 train_time:230575ms step_avg:240.68ms
step:959/1695 train_loss:3.5053 train_time:230825ms step_avg:240.69ms
step:960/1695 train_loss:3.3851 train_time:231081ms step_avg:240.71ms
step:961/1695 train_loss:3.6608 train_time:231332ms step_avg:240.72ms
step:962/1695 train_loss:3.5043 train_time:231587ms step_avg:240.73ms
step:963/1695 train_loss:3.6174 train_time:231839ms step_avg:240.75ms
step:964/1695 train_loss:3.5032 train_time:232094ms step_avg:240.76ms
step:965/1695 train_loss:3.6535 train_time:232346ms step_avg:240.77ms
step:966/1695 train_loss:3.4049 train_time:232597ms step_avg:240.78ms
step:967/1695 train_loss:3.5440 train_time:232850ms step_avg:240.80ms
step:968/1695 train_loss:3.6580 train_time:233108ms step_avg:240.81ms
step:969/1695 train_loss:3.4140 train_time:233360ms step_avg:240.83ms
step:970/1695 train_loss:3.5656 train_time:233610ms step_avg:240.84ms
step:971/1695 train_loss:3.5479 train_time:233861ms step_avg:240.85ms
step:972/1695 train_loss:3.5773 train_time:234115ms step_avg:240.86ms
step:973/1695 train_loss:3.4011 train_time:234367ms step_avg:240.87ms
step:974/1695 train_loss:3.4271 train_time:234618ms step_avg:240.88ms
step:975/1695 train_loss:3.5319 train_time:234867ms step_avg:240.89ms
step:976/1695 train_loss:3.4729 train_time:235123ms step_avg:240.90ms
step:977/1695 train_loss:3.5399 train_time:235373ms step_avg:240.91ms
step:978/1695 train_loss:3.5406 train_time:235628ms step_avg:240.93ms
step:979/1695 train_loss:3.3632 train_time:235877ms step_avg:240.94ms
step:980/1695 train_loss:3.4097 train_time:236174ms step_avg:240.99ms
step:981/1695 train_loss:3.4564 train_time:236427ms step_avg:241.01ms
step:982/1695 train_loss:3.3518 train_time:236676ms step_avg:241.01ms
step:983/1695 train_loss:3.4713 train_time:236930ms step_avg:241.03ms
step:984/1695 train_loss:3.4678 train_time:237183ms step_avg:241.04ms
step:985/1695 train_loss:3.5722 train_time:237433ms step_avg:241.05ms
step:986/1695 train_loss:3.5469 train_time:237687ms step_avg:241.06ms
step:987/1695 train_loss:3.4215 train_time:237942ms step_avg:241.08ms
step:988/1695 train_loss:3.7300 train_time:238193ms step_avg:241.09ms
step:989/1695 train_loss:3.4748 train_time:238442ms step_avg:241.09ms
step:990/1695 train_loss:3.3858 train_time:238695ms step_avg:241.11ms
step:991/1695 train_loss:3.5997 train_time:238947ms step_avg:241.12ms
step:992/1695 train_loss:3.2833 train_time:239199ms step_avg:241.13ms
step:993/1695 train_loss:3.6206 train_time:239454ms step_avg:241.14ms
step:994/1695 train_loss:3.5264 train_time:239704ms step_avg:241.15ms
step:995/1695 train_loss:3.5774 train_time:239956ms step_avg:241.16ms
step:996/1695 train_loss:3.3875 train_time:240212ms step_avg:241.18ms
step:997/1695 train_loss:3.4980 train_time:240465ms step_avg:241.19ms
step:998/1695 train_loss:3.5068 train_time:240717ms step_avg:241.20ms
step:999/1695 train_loss:3.4760 train_time:240970ms step_avg:241.21ms
step:1000/1695 train_loss:3.5346 train_time:241227ms step_avg:241.23ms
step:1000/1695 val_loss:3.4944 train_time:241235ms step_avg:241.24ms
step:1001/1695 train_loss:3.6106 train_time:241482ms step_avg:241.24ms
step:1002/1695 train_loss:3.4323 train_time:241735ms step_avg:241.25ms
step:1003/1695 train_loss:3.5948 train_time:241987ms step_avg:241.26ms
step:1004/1695 train_loss:3.3644 train_time:242243ms step_avg:241.28ms
step:1005/1695 train_loss:3.6122 train_time:242493ms step_avg:241.29ms
step:1006/1695 train_loss:3.5057 train_time:242746ms step_avg:241.30ms
step:1007/1695 train_loss:3.5861 train_time:242999ms step_avg:241.31ms
step:1008/1695 train_loss:3.4671 train_time:243251ms step_avg:241.32ms
step:1009/1695 train_loss:3.4891 train_time:243503ms step_avg:241.33ms
step:1010/1695 train_loss:3.4557 train_time:243756ms step_avg:241.34ms
step:1011/1695 train_loss:3.5011 train_time:244008ms step_avg:241.35ms
step:1012/1695 train_loss:3.3747 train_time:244268ms step_avg:241.37ms
step:1013/1695 train_loss:3.5538 train_time:244521ms step_avg:241.38ms
step:1014/1695 train_loss:3.5276 train_time:244773ms step_avg:241.39ms
step:1015/1695 train_loss:3.4046 train_time:245027ms step_avg:241.41ms
step:1016/1695 train_loss:3.4836 train_time:245279ms step_avg:241.42ms
step:1017/1695 train_loss:3.4775 train_time:245533ms step_avg:241.43ms
step:1018/1695 train_loss:3.4708 train_time:245787ms step_avg:241.44ms
step:1019/1695 train_loss:3.8114 train_time:246039ms step_avg:241.45ms
step:1020/1695 train_loss:3.4786 train_time:246293ms step_avg:241.46ms
step:1021/1695 train_loss:3.5349 train_time:246546ms step_avg:241.48ms
step:1022/1695 train_loss:3.6180 train_time:246800ms step_avg:241.49ms
step:1023/1695 train_loss:3.5380 train_time:247052ms step_avg:241.50ms
step:1024/1695 train_loss:3.6460 train_time:247313ms step_avg:241.52ms
step:1025/1695 train_loss:3.4526 train_time:247568ms step_avg:241.53ms
step:1026/1695 train_loss:3.4492 train_time:247821ms step_avg:241.54ms
step:1027/1695 train_loss:3.1877 train_time:248076ms step_avg:241.55ms
step:1028/1695 train_loss:3.4163 train_time:248327ms step_avg:241.56ms
step:1029/1695 train_loss:3.4962 train_time:248584ms step_avg:241.58ms
step:1030/1695 train_loss:3.3086 train_time:248839ms step_avg:241.59ms
step:1031/1695 train_loss:3.5712 train_time:249093ms step_avg:241.60ms
step:1032/1695 train_loss:3.5879 train_time:249345ms step_avg:241.61ms
step:1033/1695 train_loss:3.3218 train_time:249602ms step_avg:241.63ms
step:1034/1695 train_loss:3.4978 train_time:249852ms step_avg:241.64ms
step:1035/1695 train_loss:3.5433 train_time:250104ms step_avg:241.65ms
step:1036/1695 train_loss:3.5636 train_time:250356ms step_avg:241.66ms
step:1037/1695 train_loss:3.5286 train_time:250609ms step_avg:241.67ms
step:1038/1695 train_loss:3.3829 train_time:250864ms step_avg:241.68ms
step:1039/1695 train_loss:3.7459 train_time:251120ms step_avg:241.69ms
step:1040/1695 train_loss:3.4874 train_time:251372ms step_avg:241.70ms
step:1041/1695 train_loss:3.5374 train_time:251624ms step_avg:241.71ms
step:1042/1695 train_loss:3.5128 train_time:251877ms step_avg:241.72ms
step:1043/1695 train_loss:3.5242 train_time:252130ms step_avg:241.74ms
step:1044/1695 train_loss:3.6254 train_time:252383ms step_avg:241.75ms
step:1045/1695 train_loss:3.5079 train_time:252633ms step_avg:241.75ms
step:1046/1695 train_loss:3.4915 train_time:252889ms step_avg:241.77ms
step:1047/1695 train_loss:3.6525 train_time:253143ms step_avg:241.78ms
step:1048/1695 train_loss:3.3520 train_time:253396ms step_avg:241.79ms
step:1049/1695 train_loss:3.4009 train_time:253649ms step_avg:241.80ms
step:1050/1695 train_loss:3.3877 train_time:253904ms step_avg:241.81ms
step:1051/1695 train_loss:3.6501 train_time:254157ms step_avg:241.82ms
step:1052/1695 train_loss:3.4829 train_time:254410ms step_avg:241.84ms
step:1053/1695 train_loss:3.4955 train_time:254663ms step_avg:241.85ms
step:1054/1695 train_loss:3.5358 train_time:254915ms step_avg:241.85ms
step:1055/1695 train_loss:3.8055 train_time:255168ms step_avg:241.87ms
step:1056/1695 train_loss:3.4557 train_time:255425ms step_avg:241.88ms
step:1057/1695 train_loss:3.4378 train_time:255678ms step_avg:241.89ms
step:1058/1695 train_loss:3.5352 train_time:255933ms step_avg:241.90ms
step:1059/1695 train_loss:3.4735 train_time:256189ms step_avg:241.92ms
step:1060/1695 train_loss:3.4255 train_time:256441ms step_avg:241.93ms
step:1061/1695 train_loss:3.3222 train_time:256692ms step_avg:241.93ms
step:1062/1695 train_loss:3.4499 train_time:256945ms step_avg:241.94ms
step:1063/1695 train_loss:3.4036 train_time:257197ms step_avg:241.95ms
step:1064/1695 train_loss:3.5603 train_time:257451ms step_avg:241.97ms
step:1065/1695 train_loss:3.3473 train_time:257705ms step_avg:241.98ms
step:1066/1695 train_loss:3.4553 train_time:257957ms step_avg:241.99ms
step:1067/1695 train_loss:3.4615 train_time:258212ms step_avg:242.00ms
step:1068/1695 train_loss:3.4666 train_time:258467ms step_avg:242.01ms
step:1069/1695 train_loss:3.4842 train_time:258719ms step_avg:242.02ms
step:1070/1695 train_loss:3.4635 train_time:258975ms step_avg:242.03ms
step:1071/1695 train_loss:3.6503 train_time:259228ms step_avg:242.04ms
step:1072/1695 train_loss:3.4494 train_time:259489ms step_avg:242.06ms
step:1073/1695 train_loss:3.6018 train_time:259741ms step_avg:242.07ms
step:1074/1695 train_loss:3.4950 train_time:259998ms step_avg:242.08ms
step:1075/1695 train_loss:3.5636 train_time:260247ms step_avg:242.09ms
step:1076/1695 train_loss:3.4700 train_time:260501ms step_avg:242.10ms
step:1077/1695 train_loss:3.6175 train_time:260754ms step_avg:242.11ms
step:1078/1695 train_loss:3.4229 train_time:261008ms step_avg:242.12ms
step:1079/1695 train_loss:3.5957 train_time:261262ms step_avg:242.13ms
step:1080/1695 train_loss:3.4436 train_time:261513ms step_avg:242.14ms
step:1081/1695 train_loss:3.4019 train_time:261765ms step_avg:242.15ms
step:1082/1695 train_loss:3.3930 train_time:262020ms step_avg:242.16ms
step:1083/1695 train_loss:3.3419 train_time:262272ms step_avg:242.17ms
step:1084/1695 train_loss:3.5184 train_time:262528ms step_avg:242.18ms
step:1085/1695 train_loss:3.5783 train_time:262781ms step_avg:242.19ms
step:1086/1695 train_loss:3.4676 train_time:263035ms step_avg:242.21ms
step:1087/1695 train_loss:3.7156 train_time:263284ms step_avg:242.21ms
step:1088/1695 train_loss:3.5399 train_time:263540ms step_avg:242.22ms
step:1089/1695 train_loss:3.3458 train_time:263792ms step_avg:242.23ms
step:1090/1695 train_loss:3.4675 train_time:264047ms step_avg:242.24ms
step:1091/1695 train_loss:3.3767 train_time:264296ms step_avg:242.25ms
step:1092/1695 train_loss:3.3634 train_time:264552ms step_avg:242.26ms
step:1093/1695 train_loss:3.6318 train_time:264808ms step_avg:242.28ms
step:1094/1695 train_loss:3.4232 train_time:265059ms step_avg:242.28ms
step:1095/1695 train_loss:3.5140 train_time:265311ms step_avg:242.29ms
step:1096/1695 train_loss:3.3590 train_time:265570ms step_avg:242.31ms
step:1097/1695 train_loss:3.4619 train_time:265820ms step_avg:242.31ms
step:1098/1695 train_loss:3.5260 train_time:266077ms step_avg:242.33ms
step:1099/1695 train_loss:3.7259 train_time:266330ms step_avg:242.34ms
step:1100/1695 train_loss:3.5848 train_time:266580ms step_avg:242.35ms
step:1101/1695 train_loss:3.5102 train_time:266831ms step_avg:242.35ms
step:1102/1695 train_loss:3.5449 train_time:267086ms step_avg:242.36ms
step:1103/1695 train_loss:3.4383 train_time:267340ms step_avg:242.37ms
step:1104/1695 train_loss:3.5450 train_time:267592ms step_avg:242.38ms
step:1105/1695 train_loss:3.1794 train_time:267851ms step_avg:242.40ms
step:1106/1695 train_loss:3.4103 train_time:268099ms step_avg:242.40ms
step:1107/1695 train_loss:3.4445 train_time:268358ms step_avg:242.42ms
step:1108/1695 train_loss:3.5658 train_time:268608ms step_avg:242.43ms
step:1109/1695 train_loss:3.3293 train_time:268858ms step_avg:242.43ms
step:1110/1695 train_loss:3.2443 train_time:269114ms step_avg:242.44ms
step:1111/1695 train_loss:3.5831 train_time:269369ms step_avg:242.46ms
step:1112/1695 train_loss:3.4128 train_time:269619ms step_avg:242.46ms
step:1113/1695 train_loss:3.4958 train_time:269874ms step_avg:242.47ms
step:1114/1695 train_loss:3.4571 train_time:270129ms step_avg:242.49ms
step:1115/1695 train_loss:3.4257 train_time:270383ms step_avg:242.50ms
step:1116/1695 train_loss:3.5742 train_time:270638ms step_avg:242.51ms
step:1117/1695 train_loss:3.4130 train_time:270890ms step_avg:242.52ms
step:1118/1695 train_loss:3.4223 train_time:271144ms step_avg:242.53ms
step:1119/1695 train_loss:3.4972 train_time:271396ms step_avg:242.53ms
step:1120/1695 train_loss:3.5986 train_time:271652ms step_avg:242.55ms
step:1121/1695 train_loss:3.5665 train_time:271911ms step_avg:242.56ms
step:1122/1695 train_loss:3.4670 train_time:272162ms step_avg:242.57ms
step:1123/1695 train_loss:3.2574 train_time:272417ms step_avg:242.58ms
step:1124/1695 train_loss:3.2900 train_time:272674ms step_avg:242.59ms
step:1125/1695 train_loss:3.5301 train_time:272924ms step_avg:242.60ms
step:1125/1695 val_loss:3.4426 train_time:272930ms step_avg:242.60ms
step:1126/1695 train_loss:3.3333 train_time:273179ms step_avg:242.61ms
step:1127/1695 train_loss:3.5042 train_time:273434ms step_avg:242.62ms
step:1128/1695 train_loss:3.5525 train_time:273684ms step_avg:242.63ms
step:1129/1695 train_loss:3.2395 train_time:273939ms step_avg:242.64ms
step:1130/1695 train_loss:4.0241 train_time:274194ms step_avg:242.65ms
step:1131/1695 train_loss:3.3693 train_time:274445ms step_avg:242.66ms
step:1132/1695 train_loss:3.3428 train_time:274705ms step_avg:242.67ms
step:1133/1695 train_loss:3.4160 train_time:274963ms step_avg:242.69ms
step:1134/1695 train_loss:3.7014 train_time:275223ms step_avg:242.70ms
step:1135/1695 train_loss:3.4588 train_time:275478ms step_avg:242.71ms
step:1136/1695 train_loss:3.4344 train_time:275733ms step_avg:242.72ms
step:1137/1695 train_loss:3.4207 train_time:275991ms step_avg:242.74ms
step:1138/1695 train_loss:3.6975 train_time:276245ms step_avg:242.75ms
step:1139/1695 train_loss:3.1029 train_time:276505ms step_avg:242.76ms
step:1140/1695 train_loss:3.4676 train_time:276765ms step_avg:242.78ms
step:1141/1695 train_loss:3.4880 train_time:277022ms step_avg:242.79ms
step:1142/1695 train_loss:3.4670 train_time:277279ms step_avg:242.80ms
step:1143/1695 train_loss:3.6263 train_time:277535ms step_avg:242.81ms
step:1144/1695 train_loss:3.3455 train_time:277792ms step_avg:242.83ms
step:1145/1695 train_loss:3.3759 train_time:278049ms step_avg:242.84ms
step:1146/1695 train_loss:3.5268 train_time:278305ms step_avg:242.85ms
step:1147/1695 train_loss:3.3391 train_time:278561ms step_avg:242.86ms
step:1148/1695 train_loss:3.3108 train_time:278818ms step_avg:242.87ms
step:1149/1695 train_loss:3.3857 train_time:279076ms step_avg:242.89ms
step:1150/1695 train_loss:3.2948 train_time:279334ms step_avg:242.90ms
step:1151/1695 train_loss:3.3355 train_time:279591ms step_avg:242.91ms
step:1152/1695 train_loss:3.4592 train_time:279849ms step_avg:242.92ms
step:1153/1695 train_loss:3.6219 train_time:280104ms step_avg:242.93ms
step:1154/1695 train_loss:3.3753 train_time:280361ms step_avg:242.95ms
step:1155/1695 train_loss:3.4129 train_time:280617ms step_avg:242.96ms
step:1156/1695 train_loss:3.4065 train_time:280878ms step_avg:242.97ms
step:1157/1695 train_loss:3.5998 train_time:281133ms step_avg:242.98ms
step:1158/1695 train_loss:3.3526 train_time:281394ms step_avg:243.00ms
step:1159/1695 train_loss:3.5732 train_time:281647ms step_avg:243.01ms
step:1160/1695 train_loss:3.3173 train_time:281906ms step_avg:243.02ms
step:1161/1695 train_loss:3.5476 train_time:282162ms step_avg:243.03ms
step:1162/1695 train_loss:3.4545 train_time:282419ms step_avg:243.05ms
step:1163/1695 train_loss:3.6009 train_time:282685ms step_avg:243.07ms
step:1164/1695 train_loss:3.3318 train_time:282945ms step_avg:243.08ms
step:1165/1695 train_loss:3.2959 train_time:283200ms step_avg:243.09ms
step:1166/1695 train_loss:3.4236 train_time:283454ms step_avg:243.10ms
step:1167/1695 train_loss:3.7729 train_time:283716ms step_avg:243.12ms
step:1168/1695 train_loss:3.4293 train_time:283973ms step_avg:243.13ms
step:1169/1695 train_loss:3.5041 train_time:284234ms step_avg:243.14ms
step:1170/1695 train_loss:3.5184 train_time:284485ms step_avg:243.15ms
step:1171/1695 train_loss:3.3796 train_time:284741ms step_avg:243.16ms
step:1172/1695 train_loss:3.4526 train_time:285004ms step_avg:243.18ms
step:1173/1695 train_loss:3.3720 train_time:285261ms step_avg:243.19ms
step:1174/1695 train_loss:3.3187 train_time:285519ms step_avg:243.20ms
step:1175/1695 train_loss:3.3762 train_time:285779ms step_avg:243.22ms
step:1176/1695 train_loss:3.3475 train_time:286035ms step_avg:243.23ms
step:1177/1695 train_loss:3.4029 train_time:286293ms step_avg:243.24ms
step:1178/1695 train_loss:3.4873 train_time:286553ms step_avg:243.25ms
step:1179/1695 train_loss:3.5222 train_time:286818ms step_avg:243.27ms
step:1180/1695 train_loss:3.6189 train_time:287079ms step_avg:243.29ms
step:1181/1695 train_loss:3.3553 train_time:287329ms step_avg:243.29ms
step:1182/1695 train_loss:3.3702 train_time:287590ms step_avg:243.31ms
step:1183/1695 train_loss:5.1389 train_time:287856ms step_avg:243.33ms
step:1184/1695 train_loss:3.3120 train_time:288115ms step_avg:243.34ms
step:1185/1695 train_loss:3.5517 train_time:288366ms step_avg:243.35ms
step:1186/1695 train_loss:3.4119 train_time:288626ms step_avg:243.36ms
step:1187/1695 train_loss:3.4899 train_time:288877ms step_avg:243.37ms
step:1188/1695 train_loss:3.5475 train_time:289139ms step_avg:243.38ms
step:1189/1695 train_loss:3.4275 train_time:289394ms step_avg:243.39ms
step:1190/1695 train_loss:3.1927 train_time:289656ms step_avg:243.41ms
step:1191/1695 train_loss:3.3359 train_time:289908ms step_avg:243.42ms
step:1192/1695 train_loss:3.5317 train_time:290167ms step_avg:243.43ms
step:1193/1695 train_loss:3.2576 train_time:290425ms step_avg:243.44ms
step:1194/1695 train_loss:3.6061 train_time:290679ms step_avg:243.45ms
step:1195/1695 train_loss:3.2846 train_time:290937ms step_avg:243.46ms
step:1196/1695 train_loss:3.5366 train_time:291190ms step_avg:243.47ms
step:1197/1695 train_loss:3.3757 train_time:291452ms step_avg:243.49ms
step:1198/1695 train_loss:3.4024 train_time:291710ms step_avg:243.50ms
step:1199/1695 train_loss:3.2545 train_time:291967ms step_avg:243.51ms
step:1200/1695 train_loss:3.4867 train_time:292223ms step_avg:243.52ms
step:1201/1695 train_loss:3.5433 train_time:292481ms step_avg:243.53ms
step:1202/1695 train_loss:3.5244 train_time:292736ms step_avg:243.54ms
step:1203/1695 train_loss:3.4337 train_time:292997ms step_avg:243.56ms
step:1204/1695 train_loss:3.6284 train_time:293252ms step_avg:243.56ms
step:1205/1695 train_loss:3.4803 train_time:293507ms step_avg:243.57ms
step:1206/1695 train_loss:3.4747 train_time:293764ms step_avg:243.59ms
step:1207/1695 train_loss:3.3978 train_time:294024ms step_avg:243.60ms
step:1208/1695 train_loss:3.2083 train_time:294281ms step_avg:243.61ms
step:1209/1695 train_loss:3.3676 train_time:294540ms step_avg:243.62ms
step:1210/1695 train_loss:3.5547 train_time:294798ms step_avg:243.64ms
step:1211/1695 train_loss:3.4823 train_time:295053ms step_avg:243.64ms
step:1212/1695 train_loss:3.4252 train_time:295306ms step_avg:243.65ms
step:1213/1695 train_loss:3.3757 train_time:295564ms step_avg:243.66ms
step:1214/1695 train_loss:3.3907 train_time:295821ms step_avg:243.67ms
step:1215/1695 train_loss:3.5840 train_time:296076ms step_avg:243.68ms
step:1216/1695 train_loss:3.6960 train_time:296346ms step_avg:243.71ms
step:1217/1695 train_loss:3.7327 train_time:296604ms step_avg:243.72ms
step:1218/1695 train_loss:3.4049 train_time:296858ms step_avg:243.73ms
step:1219/1695 train_loss:4.8190 train_time:297121ms step_avg:243.74ms
step:1220/1695 train_loss:3.3959 train_time:297374ms step_avg:243.75ms
step:1221/1695 train_loss:3.7600 train_time:297632ms step_avg:243.76ms
step:1222/1695 train_loss:3.3800 train_time:297890ms step_avg:243.77ms
step:1223/1695 train_loss:3.2770 train_time:298145ms step_avg:243.78ms
step:1224/1695 train_loss:3.6955 train_time:298406ms step_avg:243.80ms
step:1225/1695 train_loss:3.3506 train_time:298700ms step_avg:243.84ms
step:1226/1695 train_loss:3.4721 train_time:298956ms step_avg:243.85ms
step:1227/1695 train_loss:3.2999 train_time:299215ms step_avg:243.86ms
step:1228/1695 train_loss:3.3672 train_time:299471ms step_avg:243.87ms
step:1229/1695 train_loss:3.3680 train_time:299729ms step_avg:243.88ms
step:1230/1695 train_loss:3.4249 train_time:299982ms step_avg:243.89ms
step:1231/1695 train_loss:3.5830 train_time:300246ms step_avg:243.90ms
step:1232/1695 train_loss:3.2432 train_time:300499ms step_avg:243.91ms
step:1233/1695 train_loss:3.3870 train_time:300756ms step_avg:243.92ms
step:1234/1695 train_loss:3.4745 train_time:301018ms step_avg:243.94ms
step:1235/1695 train_loss:3.1939 train_time:301279ms step_avg:243.95ms
step:1236/1695 train_loss:3.5384 train_time:301536ms step_avg:243.96ms
step:1237/1695 train_loss:3.5766 train_time:301794ms step_avg:243.97ms
step:1238/1695 train_loss:3.4159 train_time:302052ms step_avg:243.98ms
step:1239/1695 train_loss:3.4898 train_time:302310ms step_avg:244.00ms
step:1240/1695 train_loss:3.3892 train_time:302563ms step_avg:244.00ms
step:1241/1695 train_loss:3.3707 train_time:302828ms step_avg:244.02ms
step:1242/1695 train_loss:3.4080 train_time:303092ms step_avg:244.04ms
step:1243/1695 train_loss:3.3568 train_time:303344ms step_avg:244.04ms
step:1244/1695 train_loss:3.4480 train_time:303601ms step_avg:244.05ms
step:1245/1695 train_loss:3.3978 train_time:303856ms step_avg:244.06ms
step:1246/1695 train_loss:3.5231 train_time:304115ms step_avg:244.07ms
step:1247/1695 train_loss:3.5117 train_time:304374ms step_avg:244.08ms
step:1248/1695 train_loss:3.3254 train_time:304633ms step_avg:244.10ms
step:1249/1695 train_loss:3.3885 train_time:304889ms step_avg:244.11ms
step:1250/1695 train_loss:3.2909 train_time:305148ms step_avg:244.12ms
step:1250/1695 val_loss:3.3964 train_time:305156ms step_avg:244.13ms
step:1251/1695 train_loss:3.4926 train_time:305410ms step_avg:244.13ms
step:1252/1695 train_loss:3.3254 train_time:305665ms step_avg:244.14ms
step:1253/1695 train_loss:3.5729 train_time:305923ms step_avg:244.15ms
step:1254/1695 train_loss:3.4176 train_time:306178ms step_avg:244.16ms
step:1255/1695 train_loss:3.2742 train_time:306434ms step_avg:244.17ms
step:1256/1695 train_loss:3.3829 train_time:306692ms step_avg:244.18ms
step:1257/1695 train_loss:3.9080 train_time:306950ms step_avg:244.19ms
step:1258/1695 train_loss:3.4229 train_time:307208ms step_avg:244.20ms
step:1259/1695 train_loss:3.3821 train_time:307461ms step_avg:244.21ms
step:1260/1695 train_loss:3.3748 train_time:307722ms step_avg:244.22ms
step:1261/1695 train_loss:3.2770 train_time:307976ms step_avg:244.23ms
step:1262/1695 train_loss:3.6165 train_time:308234ms step_avg:244.24ms
step:1263/1695 train_loss:3.3866 train_time:308490ms step_avg:244.25ms
step:1264/1695 train_loss:3.5462 train_time:308744ms step_avg:244.26ms
step:1265/1695 train_loss:3.4835 train_time:309000ms step_avg:244.27ms
step:1266/1695 train_loss:3.5455 train_time:309253ms step_avg:244.28ms
step:1267/1695 train_loss:3.4480 train_time:309514ms step_avg:244.29ms
step:1268/1695 train_loss:3.4701 train_time:309773ms step_avg:244.30ms
step:1269/1695 train_loss:3.3264 train_time:310030ms step_avg:244.31ms
step:1270/1695 train_loss:3.3009 train_time:310280ms step_avg:244.31ms
step:1271/1695 train_loss:3.4112 train_time:310544ms step_avg:244.33ms
step:1272/1695 train_loss:3.5351 train_time:310800ms step_avg:244.34ms
step:1273/1695 train_loss:3.3933 train_time:311057ms step_avg:244.35ms
step:1274/1695 train_loss:3.2592 train_time:311316ms step_avg:244.36ms
step:1275/1695 train_loss:3.5649 train_time:311568ms step_avg:244.37ms
step:1276/1695 train_loss:3.3970 train_time:311834ms step_avg:244.38ms
step:1277/1695 train_loss:3.5038 train_time:312088ms step_avg:244.39ms
step:1278/1695 train_loss:3.2231 train_time:312352ms step_avg:244.41ms
step:1279/1695 train_loss:3.4150 train_time:312606ms step_avg:244.41ms
step:1280/1695 train_loss:3.3060 train_time:312865ms step_avg:244.43ms
step:1281/1695 train_loss:3.3794 train_time:313124ms step_avg:244.44ms
step:1282/1695 train_loss:3.2873 train_time:313383ms step_avg:244.45ms
step:1283/1695 train_loss:3.6276 train_time:313638ms step_avg:244.46ms
step:1284/1695 train_loss:3.3824 train_time:313896ms step_avg:244.47ms
step:1285/1695 train_loss:3.4248 train_time:314151ms step_avg:244.48ms
step:1286/1695 train_loss:3.4877 train_time:314404ms step_avg:244.48ms
step:1287/1695 train_loss:3.3283 train_time:314664ms step_avg:244.49ms
step:1288/1695 train_loss:3.3112 train_time:314920ms step_avg:244.50ms
step:1289/1695 train_loss:3.4658 train_time:315178ms step_avg:244.51ms
step:1290/1695 train_loss:3.4906 train_time:315436ms step_avg:244.52ms
step:1291/1695 train_loss:3.3670 train_time:315694ms step_avg:244.53ms
step:1292/1695 train_loss:3.4185 train_time:315955ms step_avg:244.55ms
step:1293/1695 train_loss:3.4870 train_time:316217ms step_avg:244.56ms
step:1294/1695 train_loss:3.3069 train_time:316478ms step_avg:244.57ms
step:1295/1695 train_loss:3.4564 train_time:316738ms step_avg:244.59ms
step:1296/1695 train_loss:3.5406 train_time:316994ms step_avg:244.59ms
step:1297/1695 train_loss:3.4659 train_time:317250ms step_avg:244.60ms
step:1298/1695 train_loss:3.3580 train_time:317508ms step_avg:244.61ms
step:1299/1695 train_loss:3.3700 train_time:317763ms step_avg:244.62ms
step:1300/1695 train_loss:3.3833 train_time:318024ms step_avg:244.63ms
step:1301/1695 train_loss:3.4822 train_time:318286ms step_avg:244.65ms
step:1302/1695 train_loss:3.4252 train_time:318539ms step_avg:244.65ms
step:1303/1695 train_loss:3.3080 train_time:318795ms step_avg:244.66ms
step:1304/1695 train_loss:3.3379 train_time:319060ms step_avg:244.68ms
step:1305/1695 train_loss:3.3918 train_time:319312ms step_avg:244.68ms
step:1306/1695 train_loss:3.3353 train_time:319569ms step_avg:244.69ms
step:1307/1695 train_loss:3.5412 train_time:319827ms step_avg:244.70ms
step:1308/1695 train_loss:3.6555 train_time:320081ms step_avg:244.71ms
step:1309/1695 train_loss:3.3262 train_time:320342ms step_avg:244.72ms
step:1310/1695 train_loss:3.3605 train_time:320602ms step_avg:244.73ms
step:1311/1695 train_loss:3.2988 train_time:320863ms step_avg:244.75ms
step:1312/1695 train_loss:3.5436 train_time:321121ms step_avg:244.76ms
step:1313/1695 train_loss:3.4180 train_time:321380ms step_avg:244.77ms
step:1314/1695 train_loss:3.3316 train_time:321636ms step_avg:244.78ms
step:1315/1695 train_loss:3.4829 train_time:321892ms step_avg:244.78ms
step:1316/1695 train_loss:3.4405 train_time:322149ms step_avg:244.79ms
step:1317/1695 train_loss:3.3784 train_time:322401ms step_avg:244.80ms
step:1318/1695 train_loss:3.3873 train_time:322660ms step_avg:244.81ms
step:1319/1695 train_loss:3.3918 train_time:322920ms step_avg:244.82ms
step:1320/1695 train_loss:3.1413 train_time:323185ms step_avg:244.84ms
step:1321/1695 train_loss:3.2340 train_time:323444ms step_avg:244.85ms
step:1322/1695 train_loss:3.2918 train_time:323708ms step_avg:244.86ms
step:1323/1695 train_loss:3.3842 train_time:323961ms step_avg:244.87ms
step:1324/1695 train_loss:3.3917 train_time:324217ms step_avg:244.88ms
step:1325/1695 train_loss:3.2843 train_time:324485ms step_avg:244.89ms
step:1326/1695 train_loss:3.7016 train_time:324744ms step_avg:244.91ms
step:1327/1695 train_loss:3.5070 train_time:325001ms step_avg:244.91ms
step:1328/1695 train_loss:3.4216 train_time:325259ms step_avg:244.92ms
step:1329/1695 train_loss:3.5118 train_time:325515ms step_avg:244.93ms
step:1330/1695 train_loss:3.3523 train_time:325774ms step_avg:244.94ms
step:1331/1695 train_loss:3.3842 train_time:326033ms step_avg:244.95ms
step:1332/1695 train_loss:3.2184 train_time:326287ms step_avg:244.96ms
step:1333/1695 train_loss:3.6972 train_time:326551ms step_avg:244.97ms
step:1334/1695 train_loss:3.3924 train_time:326804ms step_avg:244.98ms
step:1335/1695 train_loss:3.4678 train_time:327069ms step_avg:245.00ms
step:1336/1695 train_loss:3.4419 train_time:327326ms step_avg:245.00ms
step:1337/1695 train_loss:3.3070 train_time:327583ms step_avg:245.01ms
step:1338/1695 train_loss:3.4572 train_time:327839ms step_avg:245.02ms
step:1339/1695 train_loss:3.4437 train_time:328098ms step_avg:245.03ms
step:1340/1695 train_loss:3.5251 train_time:328355ms step_avg:245.04ms
step:1341/1695 train_loss:3.3005 train_time:328617ms step_avg:245.05ms
step:1342/1695 train_loss:3.1262 train_time:328874ms step_avg:245.06ms
step:1343/1695 train_loss:3.4674 train_time:329128ms step_avg:245.07ms
step:1344/1695 train_loss:3.4353 train_time:329393ms step_avg:245.08ms
step:1345/1695 train_loss:3.4191 train_time:329650ms step_avg:245.09ms
step:1346/1695 train_loss:3.3999 train_time:329918ms step_avg:245.11ms
step:1347/1695 train_loss:3.2806 train_time:330173ms step_avg:245.12ms
step:1348/1695 train_loss:3.4515 train_time:330429ms step_avg:245.13ms
step:1349/1695 train_loss:3.5026 train_time:330687ms step_avg:245.13ms
step:1350/1695 train_loss:3.4050 train_time:330948ms step_avg:245.15ms
step:1351/1695 train_loss:3.3348 train_time:331202ms step_avg:245.15ms
step:1352/1695 train_loss:3.3457 train_time:331466ms step_avg:245.17ms
step:1353/1695 train_loss:3.3668 train_time:331721ms step_avg:245.17ms
step:1354/1695 train_loss:3.3539 train_time:331975ms step_avg:245.18ms
step:1355/1695 train_loss:3.3184 train_time:332234ms step_avg:245.19ms
step:1356/1695 train_loss:3.2843 train_time:332491ms step_avg:245.20ms
step:1357/1695 train_loss:3.3231 train_time:332745ms step_avg:245.21ms
step:1358/1695 train_loss:3.3529 train_time:333000ms step_avg:245.21ms
step:1359/1695 train_loss:3.1609 train_time:333263ms step_avg:245.23ms
step:1360/1695 train_loss:3.5408 train_time:333517ms step_avg:245.23ms
step:1361/1695 train_loss:3.4119 train_time:333773ms step_avg:245.24ms
step:1362/1695 train_loss:3.2043 train_time:334028ms step_avg:245.25ms
step:1363/1695 train_loss:3.2261 train_time:334295ms step_avg:245.26ms
step:1364/1695 train_loss:3.2694 train_time:334555ms step_avg:245.28ms
step:1365/1695 train_loss:3.5472 train_time:334815ms step_avg:245.29ms
step:1366/1695 train_loss:3.2662 train_time:335075ms step_avg:245.30ms
step:1367/1695 train_loss:3.5036 train_time:335326ms step_avg:245.30ms
step:1368/1695 train_loss:3.3438 train_time:335587ms step_avg:245.31ms
step:1369/1695 train_loss:3.3595 train_time:335843ms step_avg:245.32ms
step:1370/1695 train_loss:3.4144 train_time:336098ms step_avg:245.33ms
step:1371/1695 train_loss:3.2814 train_time:336354ms step_avg:245.33ms
step:1372/1695 train_loss:3.3901 train_time:336613ms step_avg:245.34ms
step:1373/1695 train_loss:3.2951 train_time:336870ms step_avg:245.35ms
step:1374/1695 train_loss:3.3058 train_time:337130ms step_avg:245.36ms
step:1375/1695 train_loss:3.3603 train_time:337387ms step_avg:245.37ms
step:1375/1695 val_loss:3.3564 train_time:337394ms step_avg:245.38ms
step:1376/1695 train_loss:3.3433 train_time:337645ms step_avg:245.38ms
step:1377/1695 train_loss:3.5692 train_time:337908ms step_avg:245.39ms
step:1378/1695 train_loss:3.3712 train_time:338165ms step_avg:245.40ms
step:1379/1695 train_loss:3.5248 train_time:338420ms step_avg:245.41ms
step:1380/1695 train_loss:3.3971 train_time:338688ms step_avg:245.43ms
step:1381/1695 train_loss:3.3342 train_time:338947ms step_avg:245.44ms
step:1382/1695 train_loss:3.3123 train_time:339203ms step_avg:245.44ms
step:1383/1695 train_loss:3.2158 train_time:339465ms step_avg:245.46ms
step:1384/1695 train_loss:3.5600 train_time:339728ms step_avg:245.47ms
step:1385/1695 train_loss:3.2937 train_time:339983ms step_avg:245.48ms
step:1386/1695 train_loss:3.4035 train_time:340240ms step_avg:245.48ms
step:1387/1695 train_loss:3.3512 train_time:340504ms step_avg:245.50ms
step:1388/1695 train_loss:3.3358 train_time:340763ms step_avg:245.51ms
step:1389/1695 train_loss:3.4142 train_time:341024ms step_avg:245.52ms
step:1390/1695 train_loss:3.3161 train_time:341282ms step_avg:245.53ms
step:1391/1695 train_loss:3.4201 train_time:341546ms step_avg:245.54ms
step:1392/1695 train_loss:3.5066 train_time:341808ms step_avg:245.55ms
step:1393/1695 train_loss:3.3013 train_time:342072ms step_avg:245.57ms
step:1394/1695 train_loss:3.4709 train_time:342331ms step_avg:245.57ms
step:1395/1695 train_loss:3.2706 train_time:342595ms step_avg:245.59ms
step:1396/1695 train_loss:3.3219 train_time:342857ms step_avg:245.60ms
step:1397/1695 train_loss:3.3078 train_time:343122ms step_avg:245.61ms
step:1398/1695 train_loss:3.3540 train_time:343382ms step_avg:245.62ms
step:1399/1695 train_loss:3.4225 train_time:343649ms step_avg:245.64ms
step:1400/1695 train_loss:3.4116 train_time:343906ms step_avg:245.65ms
step:1401/1695 train_loss:3.3781 train_time:344169ms step_avg:245.66ms
step:1402/1695 train_loss:3.3567 train_time:344426ms step_avg:245.67ms
step:1403/1695 train_loss:3.2833 train_time:344689ms step_avg:245.68ms
step:1404/1695 train_loss:3.2762 train_time:344955ms step_avg:245.69ms
step:1405/1695 train_loss:3.3930 train_time:345221ms step_avg:245.71ms
step:1406/1695 train_loss:3.4162 train_time:345478ms step_avg:245.72ms
step:1407/1695 train_loss:3.4168 train_time:345736ms step_avg:245.73ms
step:1408/1695 train_loss:3.3747 train_time:346003ms step_avg:245.74ms
step:1409/1695 train_loss:3.0354 train_time:346270ms step_avg:245.76ms
step:1410/1695 train_loss:3.4914 train_time:346533ms step_avg:245.77ms
step:1411/1695 train_loss:3.2978 train_time:346791ms step_avg:245.78ms
step:1412/1695 train_loss:3.2365 train_time:347059ms step_avg:245.79ms
step:1413/1695 train_loss:3.4140 train_time:347326ms step_avg:245.81ms
step:1414/1695 train_loss:3.4515 train_time:347581ms step_avg:245.81ms
step:1415/1695 train_loss:3.2816 train_time:347843ms step_avg:245.83ms
step:1416/1695 train_loss:3.4707 train_time:348106ms step_avg:245.84ms
step:1417/1695 train_loss:3.3029 train_time:348364ms step_avg:245.85ms
step:1418/1695 train_loss:3.2741 train_time:348623ms step_avg:245.86ms
step:1419/1695 train_loss:3.6112 train_time:348885ms step_avg:245.87ms
step:1420/1695 train_loss:3.3795 train_time:349138ms step_avg:245.87ms
step:1421/1695 train_loss:3.3710 train_time:349404ms step_avg:245.89ms
step:1422/1695 train_loss:3.3344 train_time:349662ms step_avg:245.89ms
step:1423/1695 train_loss:3.4110 train_time:349923ms step_avg:245.91ms
step:1424/1695 train_loss:3.4800 train_time:350190ms step_avg:245.92ms
step:1425/1695 train_loss:3.2955 train_time:350451ms step_avg:245.93ms
step:1426/1695 train_loss:3.2223 train_time:350714ms step_avg:245.94ms
step:1427/1695 train_loss:3.3941 train_time:350975ms step_avg:245.95ms
step:1428/1695 train_loss:3.3681 train_time:351240ms step_avg:245.97ms
step:1429/1695 train_loss:3.2631 train_time:351500ms step_avg:245.98ms
step:1430/1695 train_loss:3.3275 train_time:351766ms step_avg:245.99ms
step:1431/1695 train_loss:3.4449 train_time:352025ms step_avg:246.00ms
step:1432/1695 train_loss:3.4776 train_time:352285ms step_avg:246.01ms
step:1433/1695 train_loss:3.4569 train_time:352539ms step_avg:246.01ms
step:1434/1695 train_loss:3.3479 train_time:352800ms step_avg:246.03ms
step:1435/1695 train_loss:3.3072 train_time:353068ms step_avg:246.04ms
step:1436/1695 train_loss:3.3401 train_time:353324ms step_avg:246.05ms
step:1437/1695 train_loss:3.5386 train_time:353593ms step_avg:246.06ms
step:1438/1695 train_loss:3.2636 train_time:353847ms step_avg:246.07ms
step:1439/1695 train_loss:3.2739 train_time:354118ms step_avg:246.09ms
step:1440/1695 train_loss:3.2789 train_time:354388ms step_avg:246.10ms
step:1441/1695 train_loss:3.4700 train_time:354655ms step_avg:246.12ms
step:1442/1695 train_loss:3.3153 train_time:354914ms step_avg:246.13ms
step:1443/1695 train_loss:3.4763 train_time:355176ms step_avg:246.14ms
step:1444/1695 train_loss:3.4633 train_time:355430ms step_avg:246.14ms
step:1445/1695 train_loss:3.4518 train_time:355697ms step_avg:246.16ms
step:1446/1695 train_loss:3.1839 train_time:355957ms step_avg:246.17ms
step:1447/1695 train_loss:3.4351 train_time:356221ms step_avg:246.18ms
step:1448/1695 train_loss:3.2869 train_time:356491ms step_avg:246.20ms
step:1449/1695 train_loss:3.3847 train_time:356748ms step_avg:246.20ms
step:1450/1695 train_loss:3.4693 train_time:357018ms step_avg:246.22ms
step:1451/1695 train_loss:3.1655 train_time:357283ms step_avg:246.23ms
step:1452/1695 train_loss:3.3543 train_time:357538ms step_avg:246.24ms
step:1453/1695 train_loss:3.3862 train_time:357797ms step_avg:246.25ms
step:1454/1695 train_loss:3.3154 train_time:358071ms step_avg:246.27ms
step:1455/1695 train_loss:3.3610 train_time:358332ms step_avg:246.28ms
step:1456/1695 train_loss:3.4023 train_time:358588ms step_avg:246.28ms
step:1457/1695 train_loss:3.2929 train_time:358851ms step_avg:246.29ms
step:1458/1695 train_loss:3.3588 train_time:359111ms step_avg:246.30ms
step:1459/1695 train_loss:3.3832 train_time:359376ms step_avg:246.32ms
step:1460/1695 train_loss:3.3319 train_time:359636ms step_avg:246.33ms
step:1461/1695 train_loss:3.3597 train_time:359900ms step_avg:246.34ms
step:1462/1695 train_loss:3.1448 train_time:360163ms step_avg:246.35ms
step:1463/1695 train_loss:3.6485 train_time:360423ms step_avg:246.36ms
step:1464/1695 train_loss:3.4104 train_time:360680ms step_avg:246.37ms
step:1465/1695 train_loss:3.2616 train_time:360945ms step_avg:246.38ms
step:1466/1695 train_loss:3.2284 train_time:361204ms step_avg:246.39ms
step:1467/1695 train_loss:3.3235 train_time:361461ms step_avg:246.39ms
step:1468/1695 train_loss:3.1647 train_time:361728ms step_avg:246.41ms
step:1469/1695 train_loss:3.5341 train_time:362026ms step_avg:246.44ms
step:1470/1695 train_loss:3.5357 train_time:362289ms step_avg:246.45ms
step:1471/1695 train_loss:3.3968 train_time:362549ms step_avg:246.46ms
step:1472/1695 train_loss:3.4072 train_time:362807ms step_avg:246.47ms
step:1473/1695 train_loss:3.4549 train_time:363072ms step_avg:246.48ms
step:1474/1695 train_loss:3.3261 train_time:363339ms step_avg:246.50ms
step:1475/1695 train_loss:3.5401 train_time:363595ms step_avg:246.50ms
step:1476/1695 train_loss:3.5063 train_time:363863ms step_avg:246.52ms
step:1477/1695 train_loss:3.2937 train_time:364122ms step_avg:246.53ms
step:1478/1695 train_loss:3.4602 train_time:364390ms step_avg:246.54ms
step:1479/1695 train_loss:3.2744 train_time:364645ms step_avg:246.55ms
step:1480/1695 train_loss:3.3580 train_time:364909ms step_avg:246.56ms
step:1481/1695 train_loss:3.4319 train_time:365176ms step_avg:246.57ms
step:1482/1695 train_loss:3.2863 train_time:365452ms step_avg:246.59ms
step:1483/1695 train_loss:3.2114 train_time:365709ms step_avg:246.60ms
step:1484/1695 train_loss:3.3719 train_time:365973ms step_avg:246.61ms
step:1485/1695 train_loss:3.2372 train_time:366245ms step_avg:246.63ms
step:1486/1695 train_loss:3.1513 train_time:366506ms step_avg:246.64ms
step:1487/1695 train_loss:3.1853 train_time:366769ms step_avg:246.65ms
step:1488/1695 train_loss:3.3887 train_time:367030ms step_avg:246.66ms
step:1489/1695 train_loss:3.2538 train_time:367291ms step_avg:246.67ms
step:1490/1695 train_loss:3.2906 train_time:367556ms step_avg:246.68ms
step:1491/1695 train_loss:3.4080 train_time:367814ms step_avg:246.69ms
step:1492/1695 train_loss:3.3548 train_time:368081ms step_avg:246.70ms
step:1493/1695 train_loss:3.4376 train_time:368343ms step_avg:246.71ms
step:1494/1695 train_loss:3.2707 train_time:368601ms step_avg:246.72ms
step:1495/1695 train_loss:3.3861 train_time:368857ms step_avg:246.73ms
step:1496/1695 train_loss:3.2922 train_time:369121ms step_avg:246.74ms
step:1497/1695 train_loss:3.4036 train_time:369381ms step_avg:246.75ms
step:1498/1695 train_loss:3.3173 train_time:369644ms step_avg:246.76ms
step:1499/1695 train_loss:3.2345 train_time:369906ms step_avg:246.77ms
step:1500/1695 train_loss:3.2441 train_time:370166ms step_avg:246.78ms
step:1500/1695 val_loss:3.3207 train_time:370173ms step_avg:246.78ms
step:1501/1695 train_loss:3.3214 train_time:370426ms step_avg:246.79ms
step:1502/1695 train_loss:3.3333 train_time:370689ms step_avg:246.80ms
step:1503/1695 train_loss:3.5842 train_time:370948ms step_avg:246.81ms
step:1504/1695 train_loss:3.4273 train_time:371207ms step_avg:246.81ms
step:1505/1695 train_loss:3.3470 train_time:371470ms step_avg:246.82ms
step:1506/1695 train_loss:3.3458 train_time:371729ms step_avg:246.83ms
step:1507/1695 train_loss:3.4650 train_time:371991ms step_avg:246.84ms
step:1508/1695 train_loss:3.5766 train_time:372255ms step_avg:246.85ms
step:1509/1695 train_loss:3.2917 train_time:372514ms step_avg:246.86ms
step:1510/1695 train_loss:3.3580 train_time:372777ms step_avg:246.87ms
step:1511/1695 train_loss:3.4532 train_time:373050ms step_avg:246.89ms
step:1512/1695 train_loss:3.2409 train_time:373309ms step_avg:246.90ms
step:1513/1695 train_loss:3.2076 train_time:373573ms step_avg:246.91ms
step:1514/1695 train_loss:3.4237 train_time:373828ms step_avg:246.91ms
step:1515/1695 train_loss:3.2225 train_time:374103ms step_avg:246.93ms
step:1516/1695 train_loss:3.3051 train_time:374361ms step_avg:246.94ms
step:1517/1695 train_loss:3.2934 train_time:374623ms step_avg:246.95ms
step:1518/1695 train_loss:3.5338 train_time:374886ms step_avg:246.96ms
step:1519/1695 train_loss:3.3317 train_time:375158ms step_avg:246.98ms
step:1520/1695 train_loss:3.1666 train_time:375419ms step_avg:246.99ms
step:1521/1695 train_loss:3.1668 train_time:375677ms step_avg:246.99ms
step:1522/1695 train_loss:3.3054 train_time:375935ms step_avg:247.00ms
step:1523/1695 train_loss:3.3172 train_time:376196ms step_avg:247.01ms
step:1524/1695 train_loss:3.4021 train_time:376461ms step_avg:247.02ms
step:1525/1695 train_loss:3.3680 train_time:376731ms step_avg:247.04ms
step:1526/1695 train_loss:3.2990 train_time:376987ms step_avg:247.04ms
step:1527/1695 train_loss:3.1504 train_time:377255ms step_avg:247.06ms
step:1528/1695 train_loss:3.3464 train_time:377533ms step_avg:247.08ms
step:1529/1695 train_loss:3.5195 train_time:377792ms step_avg:247.08ms
step:1530/1695 train_loss:3.3643 train_time:378062ms step_avg:247.10ms
step:1531/1695 train_loss:3.2550 train_time:378320ms step_avg:247.11ms
step:1532/1695 train_loss:3.3431 train_time:378577ms step_avg:247.11ms
step:1533/1695 train_loss:3.4590 train_time:378842ms step_avg:247.12ms
step:1534/1695 train_loss:3.7049 train_time:379104ms step_avg:247.13ms
step:1535/1695 train_loss:3.3138 train_time:379361ms step_avg:247.14ms
step:1536/1695 train_loss:3.3288 train_time:379622ms step_avg:247.15ms
step:1537/1695 train_loss:3.4413 train_time:379887ms step_avg:247.16ms
step:1538/1695 train_loss:3.2100 train_time:380148ms step_avg:247.17ms
step:1539/1695 train_loss:3.3074 train_time:380413ms step_avg:247.18ms
step:1540/1695 train_loss:3.6046 train_time:380682ms step_avg:247.20ms
step:1541/1695 train_loss:4.7834 train_time:380951ms step_avg:247.21ms
step:1542/1695 train_loss:3.2567 train_time:381213ms step_avg:247.22ms
step:1543/1695 train_loss:3.3569 train_time:381474ms step_avg:247.23ms
step:1544/1695 train_loss:3.4584 train_time:381733ms step_avg:247.24ms
step:1545/1695 train_loss:3.2852 train_time:381987ms step_avg:247.24ms
step:1546/1695 train_loss:3.4973 train_time:382254ms step_avg:247.25ms
step:1547/1695 train_loss:3.2207 train_time:382515ms step_avg:247.26ms
step:1548/1695 train_loss:3.4611 train_time:382788ms step_avg:247.28ms
step:1549/1695 train_loss:3.1682 train_time:383043ms step_avg:247.28ms
step:1550/1695 train_loss:3.4091 train_time:383304ms step_avg:247.29ms
step:1551/1695 train_loss:3.2903 train_time:383572ms step_avg:247.31ms
step:1552/1695 train_loss:3.5094 train_time:383845ms step_avg:247.32ms
step:1553/1695 train_loss:3.3471 train_time:384101ms step_avg:247.33ms
step:1554/1695 train_loss:3.5346 train_time:384360ms step_avg:247.34ms
step:1555/1695 train_loss:3.3265 train_time:384621ms step_avg:247.34ms
step:1556/1695 train_loss:3.4306 train_time:384884ms step_avg:247.35ms
step:1557/1695 train_loss:3.3950 train_time:385154ms step_avg:247.37ms
step:1558/1695 train_loss:3.3051 train_time:385416ms step_avg:247.38ms
step:1559/1695 train_loss:3.1456 train_time:385684ms step_avg:247.39ms
step:1560/1695 train_loss:3.3716 train_time:385941ms step_avg:247.40ms
step:1561/1695 train_loss:3.3437 train_time:386199ms step_avg:247.40ms
step:1562/1695 train_loss:3.3931 train_time:386468ms step_avg:247.42ms
step:1563/1695 train_loss:3.4070 train_time:386744ms step_avg:247.44ms
step:1564/1695 train_loss:3.1617 train_time:387001ms step_avg:247.44ms
step:1565/1695 train_loss:3.3078 train_time:387261ms step_avg:247.45ms
step:1566/1695 train_loss:3.3295 train_time:387525ms step_avg:247.46ms
step:1567/1695 train_loss:3.2372 train_time:387786ms step_avg:247.47ms
step:1568/1695 train_loss:3.2947 train_time:388042ms step_avg:247.48ms
step:1569/1695 train_loss:3.1649 train_time:388303ms step_avg:247.48ms
step:1570/1695 train_loss:3.3755 train_time:388567ms step_avg:247.49ms
step:1571/1695 train_loss:3.2935 train_time:388826ms step_avg:247.50ms
step:1572/1695 train_loss:3.2912 train_time:389086ms step_avg:247.51ms
step:1573/1695 train_loss:3.2433 train_time:389344ms step_avg:247.52ms
step:1574/1695 train_loss:3.2189 train_time:389607ms step_avg:247.53ms
step:1575/1695 train_loss:3.3107 train_time:389873ms step_avg:247.54ms
step:1576/1695 train_loss:3.3961 train_time:390144ms step_avg:247.55ms
step:1577/1695 train_loss:3.3556 train_time:390400ms step_avg:247.56ms
step:1578/1695 train_loss:3.2514 train_time:390667ms step_avg:247.57ms
step:1579/1695 train_loss:3.3793 train_time:390924ms step_avg:247.58ms
step:1580/1695 train_loss:3.2992 train_time:391196ms step_avg:247.59ms
step:1581/1695 train_loss:3.4373 train_time:391455ms step_avg:247.60ms
step:1582/1695 train_loss:3.2148 train_time:391711ms step_avg:247.61ms
step:1583/1695 train_loss:3.3923 train_time:391979ms step_avg:247.62ms
step:1584/1695 train_loss:3.2677 train_time:392245ms step_avg:247.63ms
step:1585/1695 train_loss:3.4420 train_time:392507ms step_avg:247.64ms
step:1586/1695 train_loss:3.4902 train_time:392773ms step_avg:247.65ms
step:1587/1695 train_loss:3.2030 train_time:393031ms step_avg:247.66ms
step:1588/1695 train_loss:3.3045 train_time:393298ms step_avg:247.67ms
step:1589/1695 train_loss:3.3067 train_time:393559ms step_avg:247.68ms
step:1590/1695 train_loss:3.2213 train_time:393817ms step_avg:247.68ms
step:1591/1695 train_loss:3.2627 train_time:394082ms step_avg:247.69ms
step:1592/1695 train_loss:3.2077 train_time:394340ms step_avg:247.70ms
step:1593/1695 train_loss:3.1728 train_time:394604ms step_avg:247.71ms
step:1594/1695 train_loss:3.3715 train_time:394884ms step_avg:247.73ms
step:1595/1695 train_loss:3.2874 train_time:395151ms step_avg:247.74ms
step:1596/1695 train_loss:3.2485 train_time:395407ms step_avg:247.75ms
step:1597/1695 train_loss:3.0468 train_time:395672ms step_avg:247.76ms
step:1598/1695 train_loss:3.5300 train_time:395932ms step_avg:247.77ms
step:1599/1695 train_loss:3.4528 train_time:396190ms step_avg:247.77ms
step:1600/1695 train_loss:3.3093 train_time:396454ms step_avg:247.78ms
step:1601/1695 train_loss:3.3539 train_time:396716ms step_avg:247.79ms
step:1602/1695 train_loss:3.3378 train_time:396981ms step_avg:247.80ms
step:1603/1695 train_loss:3.3186 train_time:397246ms step_avg:247.81ms
step:1604/1695 train_loss:3.1994 train_time:397504ms step_avg:247.82ms
step:1605/1695 train_loss:3.3720 train_time:397768ms step_avg:247.83ms
step:1606/1695 train_loss:3.2633 train_time:398032ms step_avg:247.84ms
step:1607/1695 train_loss:3.3005 train_time:398289ms step_avg:247.85ms
step:1608/1695 train_loss:3.4376 train_time:398554ms step_avg:247.86ms
step:1609/1695 train_loss:3.4030 train_time:398814ms step_avg:247.86ms
step:1610/1695 train_loss:3.4632 train_time:399080ms step_avg:247.88ms
step:1611/1695 train_loss:3.2307 train_time:399339ms step_avg:247.88ms
step:1612/1695 train_loss:3.2499 train_time:399604ms step_avg:247.89ms
step:1613/1695 train_loss:3.4106 train_time:399861ms step_avg:247.90ms
step:1614/1695 train_loss:3.3892 train_time:400124ms step_avg:247.91ms
step:1615/1695 train_loss:3.3814 train_time:400384ms step_avg:247.92ms
step:1616/1695 train_loss:3.2984 train_time:400647ms step_avg:247.92ms
step:1617/1695 train_loss:3.3528 train_time:400910ms step_avg:247.93ms
step:1618/1695 train_loss:3.3479 train_time:401168ms step_avg:247.94ms
step:1619/1695 train_loss:3.3206 train_time:401432ms step_avg:247.95ms
step:1620/1695 train_loss:3.1933 train_time:401701ms step_avg:247.96ms
step:1621/1695 train_loss:3.3497 train_time:401954ms step_avg:247.97ms
step:1622/1695 train_loss:3.2862 train_time:402223ms step_avg:247.98ms
step:1623/1695 train_loss:3.3303 train_time:402481ms step_avg:247.99ms
step:1624/1695 train_loss:3.4917 train_time:402755ms step_avg:248.00ms
step:1625/1695 train_loss:3.2772 train_time:403015ms step_avg:248.01ms
step:1625/1695 val_loss:3.2914 train_time:403027ms step_avg:248.02ms
step:1626/1695 train_loss:3.3495 train_time:403288ms step_avg:248.02ms
step:1627/1695 train_loss:3.3364 train_time:403541ms step_avg:248.03ms
step:1628/1695 train_loss:3.3008 train_time:403809ms step_avg:248.04ms
step:1629/1695 train_loss:3.2974 train_time:404071ms step_avg:248.05ms
step:1630/1695 train_loss:3.3920 train_time:404327ms step_avg:248.05ms
step:1631/1695 train_loss:3.3484 train_time:404598ms step_avg:248.07ms
step:1632/1695 train_loss:3.3694 train_time:404854ms step_avg:248.07ms
step:1633/1695 train_loss:3.3603 train_time:405119ms step_avg:248.08ms
step:1634/1695 train_loss:3.3245 train_time:405391ms step_avg:248.10ms
step:1635/1695 train_loss:3.2680 train_time:405652ms step_avg:248.10ms
step:1636/1695 train_loss:3.3581 train_time:405920ms step_avg:248.12ms
step:1637/1695 train_loss:3.2625 train_time:406182ms step_avg:248.13ms
step:1638/1695 train_loss:3.2846 train_time:406440ms step_avg:248.13ms
step:1639/1695 train_loss:3.5088 train_time:406704ms step_avg:248.14ms
step:1640/1695 train_loss:3.4138 train_time:406968ms step_avg:248.15ms
step:1641/1695 train_loss:3.3986 train_time:407226ms step_avg:248.16ms
step:1642/1695 train_loss:3.3144 train_time:407496ms step_avg:248.17ms
step:1643/1695 train_loss:3.2464 train_time:407758ms step_avg:248.18ms
step:1644/1695 train_loss:3.2513 train_time:408030ms step_avg:248.19ms
step:1645/1695 train_loss:3.3185 train_time:408289ms step_avg:248.20ms
step:1646/1695 train_loss:3.3247 train_time:408551ms step_avg:248.21ms
step:1647/1695 train_loss:3.3044 train_time:408825ms step_avg:248.22ms
step:1648/1695 train_loss:3.2735 train_time:409096ms step_avg:248.24ms
step:1649/1695 train_loss:3.3337 train_time:409358ms step_avg:248.25ms
step:1650/1695 train_loss:3.5754 train_time:409615ms step_avg:248.25ms
step:1651/1695 train_loss:3.4604 train_time:409879ms step_avg:248.26ms
step:1652/1695 train_loss:3.1915 train_time:410146ms step_avg:248.27ms
step:1653/1695 train_loss:3.2673 train_time:410410ms step_avg:248.28ms
step:1654/1695 train_loss:3.3330 train_time:410671ms step_avg:248.29ms
step:1655/1695 train_loss:3.2553 train_time:410938ms step_avg:248.30ms
step:1656/1695 train_loss:3.4693 train_time:411205ms step_avg:248.31ms
step:1657/1695 train_loss:3.5408 train_time:411462ms step_avg:248.32ms
step:1658/1695 train_loss:3.2658 train_time:411725ms step_avg:248.33ms
step:1659/1695 train_loss:3.1991 train_time:412006ms step_avg:248.35ms
step:1660/1695 train_loss:3.4232 train_time:412272ms step_avg:248.36ms
step:1661/1695 train_loss:3.2665 train_time:412552ms step_avg:248.38ms
step:1662/1695 train_loss:3.3341 train_time:412809ms step_avg:248.38ms
step:1663/1695 train_loss:2.9533 train_time:413078ms step_avg:248.39ms
step:1664/1695 train_loss:3.4365 train_time:413354ms step_avg:248.41ms
step:1665/1695 train_loss:3.4632 train_time:413613ms step_avg:248.42ms
step:1666/1695 train_loss:3.3368 train_time:413877ms step_avg:248.43ms
step:1667/1695 train_loss:3.2445 train_time:414147ms step_avg:248.44ms
step:1668/1695 train_loss:3.4604 train_time:414420ms step_avg:248.45ms
step:1669/1695 train_loss:3.1275 train_time:414695ms step_avg:248.47ms
step:1670/1695 train_loss:3.5659 train_time:414953ms step_avg:248.47ms
step:1671/1695 train_loss:3.2818 train_time:415215ms step_avg:248.48ms
step:1672/1695 train_loss:3.4813 train_time:415484ms step_avg:248.50ms
step:1673/1695 train_loss:3.2184 train_time:415750ms step_avg:248.51ms
step:1674/1695 train_loss:3.3070 train_time:416011ms step_avg:248.51ms
step:1675/1695 train_loss:3.3153 train_time:416275ms step_avg:248.52ms
step:1676/1695 train_loss:3.1724 train_time:416546ms step_avg:248.54ms
step:1677/1695 train_loss:3.6621 train_time:416816ms step_avg:248.55ms
step:1678/1695 train_loss:3.2415 train_time:417079ms step_avg:248.56ms
step:1679/1695 train_loss:3.3280 train_time:417343ms step_avg:248.57ms
step:1680/1695 train_loss:3.2220 train_time:417601ms step_avg:248.57ms
step:1681/1695 train_loss:3.0668 train_time:417872ms step_avg:248.59ms
step:1682/1695 train_loss:3.2964 train_time:418144ms step_avg:248.60ms
step:1683/1695 train_loss:3.2142 train_time:418408ms step_avg:248.61ms
step:1684/1695 train_loss:3.2509 train_time:418677ms step_avg:248.62ms
step:1685/1695 train_loss:3.2758 train_time:418950ms step_avg:248.64ms
step:1686/1695 train_loss:3.2919 train_time:419210ms step_avg:248.64ms
step:1687/1695 train_loss:3.2917 train_time:419475ms step_avg:248.65ms
step:1688/1695 train_loss:3.2517 train_time:419735ms step_avg:248.66ms
step:1689/1695 train_loss:3.3280 train_time:419997ms step_avg:248.67ms
step:1690/1695 train_loss:3.3911 train_time:420264ms step_avg:248.68ms
step:1691/1695 train_loss:3.2699 train_time:420526ms step_avg:248.68ms
step:1692/1695 train_loss:3.1687 train_time:420793ms step_avg:248.70ms
step:1693/1695 train_loss:3.2827 train_time:421066ms step_avg:248.71ms
step:1694/1695 train_loss:3.2758 train_time:421323ms step_avg:248.71ms
step:1695/1695 train_loss:3.3791 train_time:421585ms step_avg:248.72ms
step:1695/1695 val_loss:3.2780 train_time:421603ms step_avg:248.73ms
peak memory allocated: 33623 MiB reserved: 50258 MiB
