W1003 13:17:58.250000 69780 site-packages/torch/distributed/run.py:852] 
W1003 13:17:58.250000 69780 site-packages/torch/distributed/run.py:852] *****************************************
W1003 13:17:58.250000 69780 site-packages/torch/distributed/run.py:852] Setting OMP_NUM_THREADS environment variable for each process to be 1 in default, to avoid your system being overloaded, please further tune the variable for optimal performance in your application as needed. 
W1003 13:17:58.250000 69780 site-packages/torch/distributed/run.py:852] *****************************************
logs/bbfb1740-ab1d-4b1a-b2e1-7d76067c8eb9.txt
step:0/1695 val_loss:10.8258 train_time:0ms step_avg:0.07ms
step:1/1695 train_loss:10.8258 train_time:273ms step_avg:272.51ms
step:2/1695 train_loss:10.1847 train_time:495ms step_avg:247.63ms
step:3/1695 train_loss:8.2999 train_time:722ms step_avg:240.56ms
step:4/1695 train_loss:7.4525 train_time:949ms step_avg:237.37ms
step:5/1695 train_loss:7.0453 train_time:1179ms step_avg:235.74ms
step:6/1695 train_loss:7.1906 train_time:1408ms step_avg:234.60ms
step:7/1695 train_loss:6.5330 train_time:1636ms step_avg:233.73ms
step:8/1695 train_loss:6.5395 train_time:1866ms step_avg:233.23ms
step:9/1695 train_loss:6.4814 train_time:2095ms step_avg:232.73ms
step:10/1695 train_loss:6.4018 train_time:2323ms step_avg:232.33ms
step:11/1695 train_loss:6.4267 train_time:2552ms step_avg:232.00ms
step:12/1695 train_loss:6.4826 train_time:2783ms step_avg:231.88ms
step:13/1695 train_loss:6.2947 train_time:3012ms step_avg:231.71ms
step:14/1695 train_loss:6.1358 train_time:3242ms step_avg:231.56ms
step:15/1695 train_loss:6.2583 train_time:3471ms step_avg:231.41ms
step:16/1695 train_loss:6.0713 train_time:3701ms step_avg:231.31ms
step:17/1695 train_loss:6.1650 train_time:3931ms step_avg:231.24ms
step:18/1695 train_loss:5.9826 train_time:4160ms step_avg:231.12ms
step:19/1695 train_loss:5.9495 train_time:4390ms step_avg:231.03ms
step:20/1695 train_loss:5.7649 train_time:4619ms step_avg:230.97ms
step:21/1695 train_loss:5.6837 train_time:4850ms step_avg:230.95ms
step:22/1695 train_loss:5.5962 train_time:5079ms step_avg:230.85ms
step:23/1695 train_loss:5.8828 train_time:5308ms step_avg:230.78ms
step:24/1695 train_loss:5.7028 train_time:5537ms step_avg:230.73ms
step:25/1695 train_loss:5.7017 train_time:5767ms step_avg:230.70ms
step:26/1695 train_loss:5.6539 train_time:5997ms step_avg:230.65ms
step:27/1695 train_loss:5.7217 train_time:6227ms step_avg:230.61ms
step:28/1695 train_loss:5.6684 train_time:6455ms step_avg:230.53ms
step:29/1695 train_loss:5.4929 train_time:6685ms step_avg:230.51ms
step:30/1695 train_loss:5.4748 train_time:6914ms step_avg:230.47ms
step:31/1695 train_loss:5.5974 train_time:7145ms step_avg:230.47ms
step:32/1695 train_loss:5.6191 train_time:7374ms step_avg:230.45ms
step:33/1695 train_loss:5.5127 train_time:7604ms step_avg:230.41ms
step:34/1695 train_loss:5.4689 train_time:7833ms step_avg:230.37ms
step:35/1695 train_loss:5.3305 train_time:8063ms step_avg:230.37ms
step:36/1695 train_loss:5.3209 train_time:8292ms step_avg:230.34ms
step:37/1695 train_loss:5.4414 train_time:8522ms step_avg:230.33ms
step:38/1695 train_loss:5.4232 train_time:8753ms step_avg:230.34ms
step:39/1695 train_loss:5.4457 train_time:8983ms step_avg:230.34ms
step:40/1695 train_loss:5.4452 train_time:9214ms step_avg:230.34ms
step:41/1695 train_loss:5.3446 train_time:9444ms step_avg:230.34ms
step:42/1695 train_loss:5.3118 train_time:9674ms step_avg:230.32ms
step:43/1695 train_loss:5.1816 train_time:9904ms step_avg:230.33ms
step:44/1695 train_loss:5.1910 train_time:10136ms step_avg:230.35ms
step:45/1695 train_loss:5.4420 train_time:10367ms step_avg:230.37ms
step:46/1695 train_loss:5.1761 train_time:10597ms step_avg:230.37ms
step:47/1695 train_loss:5.2236 train_time:10827ms step_avg:230.36ms
step:48/1695 train_loss:5.1820 train_time:11057ms step_avg:230.36ms
step:49/1695 train_loss:5.0677 train_time:11289ms step_avg:230.38ms
step:50/1695 train_loss:5.2652 train_time:11519ms step_avg:230.38ms
step:51/1695 train_loss:5.2004 train_time:11750ms step_avg:230.39ms
step:52/1695 train_loss:5.0753 train_time:11980ms step_avg:230.38ms
step:53/1695 train_loss:5.0699 train_time:12209ms step_avg:230.36ms
step:54/1695 train_loss:5.2103 train_time:12439ms step_avg:230.36ms
step:55/1695 train_loss:5.0441 train_time:12670ms step_avg:230.37ms
step:56/1695 train_loss:5.3229 train_time:12900ms step_avg:230.36ms
step:57/1695 train_loss:5.0827 train_time:13132ms step_avg:230.38ms
step:58/1695 train_loss:5.1147 train_time:13362ms step_avg:230.37ms
step:59/1695 train_loss:4.9562 train_time:13591ms step_avg:230.36ms
step:60/1695 train_loss:5.0258 train_time:13822ms step_avg:230.37ms
step:61/1695 train_loss:5.0706 train_time:14052ms step_avg:230.36ms
step:62/1695 train_loss:5.0476 train_time:14283ms step_avg:230.37ms
step:63/1695 train_loss:5.0871 train_time:14513ms step_avg:230.37ms
step:64/1695 train_loss:4.9680 train_time:14744ms step_avg:230.37ms
step:65/1695 train_loss:5.0828 train_time:14974ms step_avg:230.38ms
step:66/1695 train_loss:5.0638 train_time:15205ms step_avg:230.37ms
step:67/1695 train_loss:4.8677 train_time:15436ms step_avg:230.38ms
step:68/1695 train_loss:5.3446 train_time:15667ms step_avg:230.40ms
step:69/1695 train_loss:4.8160 train_time:15898ms step_avg:230.41ms
step:70/1695 train_loss:5.0151 train_time:16130ms step_avg:230.43ms
step:71/1695 train_loss:5.0149 train_time:16361ms step_avg:230.44ms
step:72/1695 train_loss:5.0138 train_time:16591ms step_avg:230.43ms
step:73/1695 train_loss:4.9604 train_time:16823ms step_avg:230.45ms
step:74/1695 train_loss:5.1777 train_time:17054ms step_avg:230.45ms
step:75/1695 train_loss:4.8997 train_time:17284ms step_avg:230.45ms
step:76/1695 train_loss:4.8349 train_time:17516ms step_avg:230.47ms
step:77/1695 train_loss:5.0145 train_time:17746ms step_avg:230.47ms
step:78/1695 train_loss:4.8758 train_time:17977ms step_avg:230.48ms
step:79/1695 train_loss:4.8651 train_time:18208ms step_avg:230.48ms
step:80/1695 train_loss:4.8242 train_time:18438ms step_avg:230.48ms
step:81/1695 train_loss:4.7627 train_time:18670ms step_avg:230.49ms
step:82/1695 train_loss:4.9279 train_time:18901ms step_avg:230.50ms
step:83/1695 train_loss:4.9490 train_time:19132ms step_avg:230.51ms
step:84/1695 train_loss:4.6439 train_time:19364ms step_avg:230.52ms
step:85/1695 train_loss:4.7926 train_time:19595ms step_avg:230.52ms
step:86/1695 train_loss:4.6702 train_time:19827ms step_avg:230.54ms
step:87/1695 train_loss:4.7639 train_time:20060ms step_avg:230.58ms
step:88/1695 train_loss:4.8631 train_time:20293ms step_avg:230.60ms
step:89/1695 train_loss:4.9159 train_time:20525ms step_avg:230.61ms
step:90/1695 train_loss:4.8267 train_time:20757ms step_avg:230.63ms
step:91/1695 train_loss:4.8219 train_time:20990ms step_avg:230.66ms
step:92/1695 train_loss:4.7271 train_time:21220ms step_avg:230.65ms
step:93/1695 train_loss:4.8363 train_time:21454ms step_avg:230.69ms
step:94/1695 train_loss:4.7997 train_time:21685ms step_avg:230.69ms
step:95/1695 train_loss:4.6302 train_time:21918ms step_avg:230.71ms
step:96/1695 train_loss:4.7214 train_time:22150ms step_avg:230.73ms
step:97/1695 train_loss:4.8267 train_time:22382ms step_avg:230.75ms
step:98/1695 train_loss:4.7990 train_time:22616ms step_avg:230.77ms
step:99/1695 train_loss:4.6709 train_time:22847ms step_avg:230.78ms
step:100/1695 train_loss:4.7810 train_time:23080ms step_avg:230.80ms
step:101/1695 train_loss:4.8249 train_time:23312ms step_avg:230.81ms
step:102/1695 train_loss:4.7922 train_time:23544ms step_avg:230.82ms
step:103/1695 train_loss:4.7512 train_time:23776ms step_avg:230.83ms
step:104/1695 train_loss:4.7359 train_time:24011ms step_avg:230.87ms
step:105/1695 train_loss:4.6970 train_time:24244ms step_avg:230.89ms
step:106/1695 train_loss:4.6730 train_time:24476ms step_avg:230.91ms
step:107/1695 train_loss:4.7123 train_time:24709ms step_avg:230.92ms
step:108/1695 train_loss:4.6446 train_time:24941ms step_avg:230.93ms
step:109/1695 train_loss:5.0572 train_time:25173ms step_avg:230.94ms
step:110/1695 train_loss:4.7640 train_time:25406ms step_avg:230.97ms
step:111/1695 train_loss:4.6400 train_time:25639ms step_avg:230.98ms
step:112/1695 train_loss:4.5674 train_time:25870ms step_avg:230.98ms
step:113/1695 train_loss:4.6145 train_time:26104ms step_avg:231.01ms
step:114/1695 train_loss:4.7459 train_time:26336ms step_avg:231.02ms
step:115/1695 train_loss:4.6427 train_time:26572ms step_avg:231.06ms
step:116/1695 train_loss:4.5974 train_time:26803ms step_avg:231.06ms
step:117/1695 train_loss:4.5358 train_time:27036ms step_avg:231.08ms
step:118/1695 train_loss:4.6615 train_time:27268ms step_avg:231.09ms
step:119/1695 train_loss:4.7925 train_time:27500ms step_avg:231.09ms
step:120/1695 train_loss:4.6084 train_time:27735ms step_avg:231.12ms
step:121/1695 train_loss:4.6466 train_time:27967ms step_avg:231.13ms
step:122/1695 train_loss:4.5060 train_time:28199ms step_avg:231.14ms
step:123/1695 train_loss:4.6856 train_time:28431ms step_avg:231.15ms
step:124/1695 train_loss:4.3516 train_time:28664ms step_avg:231.16ms
step:125/1695 train_loss:4.5143 train_time:28898ms step_avg:231.18ms
step:125/1695 val_loss:4.6032 train_time:28906ms step_avg:231.25ms
step:126/1695 train_loss:4.7632 train_time:29132ms step_avg:231.21ms
step:127/1695 train_loss:4.5529 train_time:29367ms step_avg:231.24ms
step:128/1695 train_loss:4.5703 train_time:29603ms step_avg:231.27ms
step:129/1695 train_loss:4.5905 train_time:29839ms step_avg:231.31ms
step:130/1695 train_loss:4.4565 train_time:30075ms step_avg:231.34ms
step:131/1695 train_loss:4.4461 train_time:30308ms step_avg:231.36ms
step:132/1695 train_loss:4.6588 train_time:30545ms step_avg:231.40ms
step:133/1695 train_loss:4.5707 train_time:30778ms step_avg:231.42ms
step:134/1695 train_loss:4.4002 train_time:31014ms step_avg:231.45ms
step:135/1695 train_loss:4.4502 train_time:31249ms step_avg:231.47ms
step:136/1695 train_loss:4.3726 train_time:31483ms step_avg:231.50ms
step:137/1695 train_loss:4.5021 train_time:31719ms step_avg:231.53ms
step:138/1695 train_loss:4.3148 train_time:31955ms step_avg:231.56ms
step:139/1695 train_loss:4.1460 train_time:32189ms step_avg:231.58ms
step:140/1695 train_loss:4.1985 train_time:32426ms step_avg:231.61ms
step:141/1695 train_loss:4.4909 train_time:32660ms step_avg:231.63ms
step:142/1695 train_loss:4.5644 train_time:32895ms step_avg:231.66ms
step:143/1695 train_loss:4.7883 train_time:33131ms step_avg:231.68ms
step:144/1695 train_loss:4.3780 train_time:33366ms step_avg:231.71ms
step:145/1695 train_loss:4.6885 train_time:33601ms step_avg:231.73ms
step:146/1695 train_loss:4.4864 train_time:33835ms step_avg:231.75ms
step:147/1695 train_loss:4.2802 train_time:34072ms step_avg:231.78ms
step:148/1695 train_loss:4.3327 train_time:34307ms step_avg:231.80ms
step:149/1695 train_loss:4.3008 train_time:34544ms step_avg:231.84ms
step:150/1695 train_loss:4.3944 train_time:34778ms step_avg:231.85ms
step:151/1695 train_loss:4.3320 train_time:35012ms step_avg:231.87ms
step:152/1695 train_loss:4.3803 train_time:35248ms step_avg:231.89ms
step:153/1695 train_loss:4.4182 train_time:35483ms step_avg:231.91ms
step:154/1695 train_loss:4.3902 train_time:35718ms step_avg:231.93ms
step:155/1695 train_loss:4.3218 train_time:35954ms step_avg:231.96ms
step:156/1695 train_loss:4.2908 train_time:36189ms step_avg:231.98ms
step:157/1695 train_loss:4.3611 train_time:36424ms step_avg:232.00ms
step:158/1695 train_loss:4.3827 train_time:36659ms step_avg:232.02ms
step:159/1695 train_loss:4.3362 train_time:36894ms step_avg:232.04ms
step:160/1695 train_loss:4.5104 train_time:37128ms step_avg:232.05ms
step:161/1695 train_loss:4.3021 train_time:37363ms step_avg:232.07ms
step:162/1695 train_loss:4.1981 train_time:37598ms step_avg:232.09ms
step:163/1695 train_loss:4.3711 train_time:37832ms step_avg:232.10ms
step:164/1695 train_loss:4.3691 train_time:38068ms step_avg:232.12ms
step:165/1695 train_loss:4.3471 train_time:38302ms step_avg:232.13ms
step:166/1695 train_loss:4.3314 train_time:38537ms step_avg:232.15ms
step:167/1695 train_loss:4.3600 train_time:38773ms step_avg:232.17ms
step:168/1695 train_loss:4.2132 train_time:39007ms step_avg:232.19ms
step:169/1695 train_loss:4.1603 train_time:39244ms step_avg:232.21ms
step:170/1695 train_loss:4.3422 train_time:39477ms step_avg:232.22ms
step:171/1695 train_loss:4.1898 train_time:39713ms step_avg:232.24ms
step:172/1695 train_loss:4.2353 train_time:39951ms step_avg:232.28ms
step:173/1695 train_loss:4.1229 train_time:40184ms step_avg:232.28ms
step:174/1695 train_loss:4.2670 train_time:40420ms step_avg:232.30ms
step:175/1695 train_loss:4.1877 train_time:40653ms step_avg:232.30ms
step:176/1695 train_loss:4.3470 train_time:40889ms step_avg:232.32ms
step:177/1695 train_loss:4.2419 train_time:41124ms step_avg:232.34ms
step:178/1695 train_loss:4.1440 train_time:41357ms step_avg:232.34ms
step:179/1695 train_loss:4.2649 train_time:41593ms step_avg:232.36ms
step:180/1695 train_loss:4.1600 train_time:41826ms step_avg:232.36ms
step:181/1695 train_loss:4.1873 train_time:42062ms step_avg:232.39ms
step:182/1695 train_loss:4.2491 train_time:42296ms step_avg:232.40ms
step:183/1695 train_loss:4.3398 train_time:42531ms step_avg:232.41ms
step:184/1695 train_loss:4.3092 train_time:42767ms step_avg:232.43ms
step:185/1695 train_loss:4.0594 train_time:43001ms step_avg:232.44ms
step:186/1695 train_loss:4.3076 train_time:43236ms step_avg:232.45ms
step:187/1695 train_loss:4.1938 train_time:43471ms step_avg:232.46ms
step:188/1695 train_loss:4.1702 train_time:43705ms step_avg:232.48ms
step:189/1695 train_loss:4.1257 train_time:43942ms step_avg:232.50ms
step:190/1695 train_loss:4.1734 train_time:44175ms step_avg:232.50ms
step:191/1695 train_loss:4.1701 train_time:44412ms step_avg:232.52ms
step:192/1695 train_loss:4.1870 train_time:44647ms step_avg:232.54ms
step:193/1695 train_loss:4.0181 train_time:44881ms step_avg:232.54ms
step:194/1695 train_loss:4.5395 train_time:45115ms step_avg:232.55ms
step:195/1695 train_loss:4.1603 train_time:45350ms step_avg:232.56ms
step:196/1695 train_loss:4.1462 train_time:45582ms step_avg:232.56ms
step:197/1695 train_loss:4.1563 train_time:45818ms step_avg:232.58ms
step:198/1695 train_loss:4.0614 train_time:46051ms step_avg:232.58ms
step:199/1695 train_loss:4.0884 train_time:46286ms step_avg:232.59ms
step:200/1695 train_loss:4.2350 train_time:46520ms step_avg:232.60ms
step:201/1695 train_loss:4.1177 train_time:46755ms step_avg:232.61ms
step:202/1695 train_loss:4.2005 train_time:46990ms step_avg:232.62ms
step:203/1695 train_loss:3.9786 train_time:47224ms step_avg:232.63ms
step:204/1695 train_loss:4.1236 train_time:47460ms step_avg:232.65ms
step:205/1695 train_loss:4.2874 train_time:47693ms step_avg:232.65ms
step:206/1695 train_loss:4.2547 train_time:47928ms step_avg:232.66ms
step:207/1695 train_loss:4.1194 train_time:48162ms step_avg:232.67ms
step:208/1695 train_loss:4.1474 train_time:48397ms step_avg:232.68ms
step:209/1695 train_loss:4.3360 train_time:48631ms step_avg:232.69ms
step:210/1695 train_loss:4.0750 train_time:48866ms step_avg:232.69ms
step:211/1695 train_loss:4.0379 train_time:49102ms step_avg:232.71ms
step:212/1695 train_loss:4.0772 train_time:49335ms step_avg:232.71ms
step:213/1695 train_loss:3.9792 train_time:49570ms step_avg:232.72ms
step:214/1695 train_loss:4.1360 train_time:49804ms step_avg:232.73ms
step:215/1695 train_loss:4.1242 train_time:50039ms step_avg:232.74ms
step:216/1695 train_loss:4.1167 train_time:50275ms step_avg:232.75ms
step:217/1695 train_loss:4.1524 train_time:50508ms step_avg:232.76ms
step:218/1695 train_loss:4.0180 train_time:50743ms step_avg:232.77ms
step:219/1695 train_loss:4.0506 train_time:50979ms step_avg:232.78ms
step:220/1695 train_loss:4.4647 train_time:51213ms step_avg:232.78ms
step:221/1695 train_loss:4.1652 train_time:51447ms step_avg:232.79ms
step:222/1695 train_loss:4.0491 train_time:51682ms step_avg:232.80ms
step:223/1695 train_loss:4.3746 train_time:51917ms step_avg:232.81ms
step:224/1695 train_loss:4.0745 train_time:52151ms step_avg:232.82ms
step:225/1695 train_loss:4.0353 train_time:52386ms step_avg:232.83ms
step:226/1695 train_loss:4.1036 train_time:52620ms step_avg:232.83ms
step:227/1695 train_loss:4.3058 train_time:52856ms step_avg:232.85ms
step:228/1695 train_loss:4.1374 train_time:53089ms step_avg:232.85ms
step:229/1695 train_loss:4.0466 train_time:53326ms step_avg:232.87ms
step:230/1695 train_loss:4.1116 train_time:53561ms step_avg:232.87ms
step:231/1695 train_loss:4.1849 train_time:53798ms step_avg:232.89ms
step:232/1695 train_loss:4.1807 train_time:54032ms step_avg:232.90ms
step:233/1695 train_loss:4.1874 train_time:54267ms step_avg:232.90ms
step:234/1695 train_loss:4.0311 train_time:54501ms step_avg:232.91ms
step:235/1695 train_loss:4.2079 train_time:54736ms step_avg:232.92ms
step:236/1695 train_loss:4.1805 train_time:54972ms step_avg:232.93ms
step:237/1695 train_loss:3.9787 train_time:55206ms step_avg:232.94ms
step:238/1695 train_loss:4.1632 train_time:55440ms step_avg:232.94ms
step:239/1695 train_loss:4.1794 train_time:55675ms step_avg:232.95ms
step:240/1695 train_loss:4.1209 train_time:55909ms step_avg:232.95ms
step:241/1695 train_loss:4.0505 train_time:56145ms step_avg:232.97ms
step:242/1695 train_loss:4.1353 train_time:56379ms step_avg:232.97ms
step:243/1695 train_loss:4.3480 train_time:56614ms step_avg:232.98ms
step:244/1695 train_loss:4.2605 train_time:56848ms step_avg:232.99ms
step:245/1695 train_loss:4.1109 train_time:57083ms step_avg:232.99ms
step:246/1695 train_loss:3.9536 train_time:57362ms step_avg:233.18ms
step:247/1695 train_loss:4.1372 train_time:57598ms step_avg:233.19ms
step:248/1695 train_loss:4.0738 train_time:57831ms step_avg:233.19ms
step:249/1695 train_loss:4.0694 train_time:58066ms step_avg:233.20ms
step:250/1695 train_loss:4.0660 train_time:58301ms step_avg:233.20ms
step:250/1695 val_loss:4.0690 train_time:58311ms step_avg:233.24ms
step:251/1695 train_loss:4.3511 train_time:58539ms step_avg:233.22ms
step:252/1695 train_loss:4.0952 train_time:58774ms step_avg:233.23ms
step:253/1695 train_loss:4.0561 train_time:59010ms step_avg:233.24ms
step:254/1695 train_loss:4.1418 train_time:59247ms step_avg:233.25ms
step:255/1695 train_loss:4.1282 train_time:59484ms step_avg:233.27ms
step:256/1695 train_loss:4.1551 train_time:59720ms step_avg:233.28ms
step:257/1695 train_loss:4.0656 train_time:59957ms step_avg:233.29ms
step:258/1695 train_loss:3.9533 train_time:60193ms step_avg:233.31ms
step:259/1695 train_loss:4.0422 train_time:60428ms step_avg:233.31ms
step:260/1695 train_loss:3.9718 train_time:60665ms step_avg:233.33ms
step:261/1695 train_loss:4.0052 train_time:60901ms step_avg:233.34ms
step:262/1695 train_loss:3.9318 train_time:61138ms step_avg:233.35ms
step:263/1695 train_loss:4.0414 train_time:61374ms step_avg:233.36ms
step:264/1695 train_loss:4.0186 train_time:61610ms step_avg:233.37ms
step:265/1695 train_loss:4.1206 train_time:61845ms step_avg:233.38ms
step:266/1695 train_loss:3.9383 train_time:62083ms step_avg:233.39ms
step:267/1695 train_loss:4.0212 train_time:62319ms step_avg:233.40ms
step:268/1695 train_loss:4.0481 train_time:62555ms step_avg:233.41ms
step:269/1695 train_loss:3.9749 train_time:62790ms step_avg:233.42ms
step:270/1695 train_loss:3.9215 train_time:63028ms step_avg:233.44ms
step:271/1695 train_loss:4.1520 train_time:63264ms step_avg:233.45ms
step:272/1695 train_loss:3.9268 train_time:63500ms step_avg:233.46ms
step:273/1695 train_loss:3.9716 train_time:63737ms step_avg:233.47ms
step:274/1695 train_loss:4.0763 train_time:63974ms step_avg:233.48ms
step:275/1695 train_loss:4.0034 train_time:64209ms step_avg:233.49ms
step:276/1695 train_loss:4.0702 train_time:64445ms step_avg:233.50ms
step:277/1695 train_loss:4.0778 train_time:64683ms step_avg:233.51ms
step:278/1695 train_loss:4.0322 train_time:64917ms step_avg:233.51ms
step:279/1695 train_loss:3.9483 train_time:65154ms step_avg:233.53ms
step:280/1695 train_loss:3.9271 train_time:65391ms step_avg:233.54ms
step:281/1695 train_loss:3.9406 train_time:65627ms step_avg:233.55ms
step:282/1695 train_loss:3.9889 train_time:65863ms step_avg:233.56ms
step:283/1695 train_loss:4.0497 train_time:66101ms step_avg:233.57ms
step:284/1695 train_loss:3.9448 train_time:66336ms step_avg:233.58ms
step:285/1695 train_loss:4.0138 train_time:66572ms step_avg:233.59ms
step:286/1695 train_loss:4.0569 train_time:66810ms step_avg:233.60ms
step:287/1695 train_loss:3.8813 train_time:67046ms step_avg:233.61ms
step:288/1695 train_loss:4.2789 train_time:67283ms step_avg:233.62ms
step:289/1695 train_loss:3.8730 train_time:67518ms step_avg:233.63ms
step:290/1695 train_loss:3.7900 train_time:67755ms step_avg:233.64ms
step:291/1695 train_loss:3.9132 train_time:67992ms step_avg:233.65ms
step:292/1695 train_loss:3.8933 train_time:68229ms step_avg:233.66ms
step:293/1695 train_loss:4.0567 train_time:68465ms step_avg:233.67ms
step:294/1695 train_loss:3.9889 train_time:68701ms step_avg:233.68ms
step:295/1695 train_loss:4.0070 train_time:68937ms step_avg:233.68ms
step:296/1695 train_loss:4.0679 train_time:69175ms step_avg:233.70ms
step:297/1695 train_loss:4.0044 train_time:69410ms step_avg:233.70ms
step:298/1695 train_loss:3.8597 train_time:69647ms step_avg:233.72ms
step:299/1695 train_loss:3.9101 train_time:69883ms step_avg:233.72ms
step:300/1695 train_loss:4.0088 train_time:70119ms step_avg:233.73ms
step:301/1695 train_loss:3.9028 train_time:70356ms step_avg:233.74ms
step:302/1695 train_loss:4.0870 train_time:70590ms step_avg:233.74ms
step:303/1695 train_loss:4.0023 train_time:70828ms step_avg:233.76ms
step:304/1695 train_loss:4.1768 train_time:71065ms step_avg:233.76ms
step:305/1695 train_loss:4.0052 train_time:71299ms step_avg:233.77ms
step:306/1695 train_loss:4.7505 train_time:71536ms step_avg:233.78ms
step:307/1695 train_loss:4.1078 train_time:71773ms step_avg:233.79ms
step:308/1695 train_loss:3.9668 train_time:72008ms step_avg:233.79ms
step:309/1695 train_loss:3.8954 train_time:72245ms step_avg:233.80ms
step:310/1695 train_loss:3.8844 train_time:72483ms step_avg:233.82ms
step:311/1695 train_loss:4.0593 train_time:72720ms step_avg:233.83ms
step:312/1695 train_loss:4.2242 train_time:72956ms step_avg:233.83ms
step:313/1695 train_loss:4.1407 train_time:73192ms step_avg:233.84ms
step:314/1695 train_loss:4.0472 train_time:73429ms step_avg:233.85ms
step:315/1695 train_loss:3.9609 train_time:73665ms step_avg:233.86ms
step:316/1695 train_loss:3.8618 train_time:73903ms step_avg:233.87ms
step:317/1695 train_loss:4.1017 train_time:74138ms step_avg:233.87ms
step:318/1695 train_loss:4.2200 train_time:74376ms step_avg:233.89ms
step:319/1695 train_loss:3.8786 train_time:74611ms step_avg:233.89ms
step:320/1695 train_loss:3.9080 train_time:74847ms step_avg:233.90ms
step:321/1695 train_loss:3.7691 train_time:75082ms step_avg:233.90ms
step:322/1695 train_loss:3.9773 train_time:75319ms step_avg:233.91ms
step:323/1695 train_loss:3.9020 train_time:75554ms step_avg:233.91ms
step:324/1695 train_loss:4.0860 train_time:75791ms step_avg:233.92ms
step:325/1695 train_loss:4.1563 train_time:76028ms step_avg:233.93ms
step:326/1695 train_loss:3.8975 train_time:76264ms step_avg:233.94ms
step:327/1695 train_loss:4.0728 train_time:76500ms step_avg:233.95ms
step:328/1695 train_loss:3.9937 train_time:76737ms step_avg:233.95ms
step:329/1695 train_loss:3.9541 train_time:76972ms step_avg:233.96ms
step:330/1695 train_loss:3.9216 train_time:77209ms step_avg:233.97ms
step:331/1695 train_loss:3.9693 train_time:77446ms step_avg:233.98ms
step:332/1695 train_loss:3.9573 train_time:77681ms step_avg:233.98ms
step:333/1695 train_loss:4.2161 train_time:77919ms step_avg:233.99ms
step:334/1695 train_loss:4.0343 train_time:78154ms step_avg:233.99ms
step:335/1695 train_loss:3.7873 train_time:78391ms step_avg:234.00ms
step:336/1695 train_loss:3.8551 train_time:78629ms step_avg:234.01ms
step:337/1695 train_loss:3.9263 train_time:78866ms step_avg:234.02ms
step:338/1695 train_loss:3.9948 train_time:79101ms step_avg:234.03ms
step:339/1695 train_loss:3.9381 train_time:79337ms step_avg:234.03ms
step:340/1695 train_loss:3.9228 train_time:79573ms step_avg:234.04ms
step:341/1695 train_loss:4.4207 train_time:79810ms step_avg:234.05ms
step:342/1695 train_loss:3.7536 train_time:80047ms step_avg:234.06ms
step:343/1695 train_loss:3.9106 train_time:80284ms step_avg:234.06ms
step:344/1695 train_loss:3.8210 train_time:80520ms step_avg:234.07ms
step:345/1695 train_loss:3.9431 train_time:80757ms step_avg:234.08ms
step:346/1695 train_loss:3.8045 train_time:80994ms step_avg:234.09ms
step:347/1695 train_loss:4.0299 train_time:81229ms step_avg:234.09ms
step:348/1695 train_loss:4.0828 train_time:81467ms step_avg:234.10ms
step:349/1695 train_loss:3.8933 train_time:81701ms step_avg:234.10ms
step:350/1695 train_loss:3.9456 train_time:81938ms step_avg:234.11ms
step:351/1695 train_loss:3.8805 train_time:82175ms step_avg:234.12ms
step:352/1695 train_loss:3.8500 train_time:82411ms step_avg:234.12ms
step:353/1695 train_loss:3.8912 train_time:82647ms step_avg:234.13ms
step:354/1695 train_loss:3.6099 train_time:82884ms step_avg:234.13ms
step:355/1695 train_loss:3.7519 train_time:83119ms step_avg:234.14ms
step:356/1695 train_loss:3.9302 train_time:83354ms step_avg:234.14ms
step:357/1695 train_loss:3.9482 train_time:83592ms step_avg:234.15ms
step:358/1695 train_loss:3.8752 train_time:83828ms step_avg:234.16ms
step:359/1695 train_loss:4.1086 train_time:84064ms step_avg:234.16ms
step:360/1695 train_loss:3.6072 train_time:84301ms step_avg:234.17ms
step:361/1695 train_loss:3.9038 train_time:84537ms step_avg:234.17ms
step:362/1695 train_loss:3.9578 train_time:84771ms step_avg:234.17ms
step:363/1695 train_loss:3.8109 train_time:85009ms step_avg:234.18ms
step:364/1695 train_loss:3.8432 train_time:85245ms step_avg:234.19ms
step:365/1695 train_loss:3.9414 train_time:85480ms step_avg:234.19ms
step:366/1695 train_loss:3.7814 train_time:85716ms step_avg:234.20ms
step:367/1695 train_loss:3.9468 train_time:85952ms step_avg:234.20ms
step:368/1695 train_loss:3.8381 train_time:86187ms step_avg:234.20ms
step:369/1695 train_loss:3.8212 train_time:86424ms step_avg:234.21ms
step:370/1695 train_loss:3.8058 train_time:86661ms step_avg:234.22ms
step:371/1695 train_loss:3.9036 train_time:86896ms step_avg:234.22ms
step:372/1695 train_loss:3.8999 train_time:87133ms step_avg:234.23ms
step:373/1695 train_loss:4.0522 train_time:87368ms step_avg:234.23ms
step:374/1695 train_loss:3.8932 train_time:87604ms step_avg:234.24ms
step:375/1695 train_loss:3.8319 train_time:87841ms step_avg:234.24ms
step:375/1695 val_loss:3.8676 train_time:87850ms step_avg:234.27ms
step:376/1695 train_loss:3.8624 train_time:88081ms step_avg:234.26ms
step:377/1695 train_loss:4.0155 train_time:88316ms step_avg:234.26ms
step:378/1695 train_loss:3.8127 train_time:88560ms step_avg:234.28ms
step:379/1695 train_loss:3.7876 train_time:88803ms step_avg:234.31ms
step:380/1695 train_loss:3.8894 train_time:89047ms step_avg:234.33ms
step:381/1695 train_loss:4.0580 train_time:89289ms step_avg:234.35ms
step:382/1695 train_loss:3.8985 train_time:89532ms step_avg:234.38ms
step:383/1695 train_loss:3.9106 train_time:89774ms step_avg:234.40ms
step:384/1695 train_loss:3.9284 train_time:90017ms step_avg:234.42ms
step:385/1695 train_loss:3.8870 train_time:90260ms step_avg:234.44ms
step:386/1695 train_loss:3.9234 train_time:90502ms step_avg:234.46ms
step:387/1695 train_loss:3.8378 train_time:90745ms step_avg:234.48ms
step:388/1695 train_loss:3.8945 train_time:90987ms step_avg:234.50ms
step:389/1695 train_loss:3.9086 train_time:91230ms step_avg:234.52ms
step:390/1695 train_loss:3.8057 train_time:91473ms step_avg:234.55ms
step:391/1695 train_loss:3.8060 train_time:91715ms step_avg:234.57ms
step:392/1695 train_loss:3.7632 train_time:91957ms step_avg:234.59ms
step:393/1695 train_loss:3.8444 train_time:92199ms step_avg:234.60ms
step:394/1695 train_loss:3.9435 train_time:92443ms step_avg:234.63ms
step:395/1695 train_loss:3.8536 train_time:92685ms step_avg:234.65ms
step:396/1695 train_loss:3.9904 train_time:92928ms step_avg:234.67ms
step:397/1695 train_loss:4.0404 train_time:93170ms step_avg:234.68ms
step:398/1695 train_loss:3.6837 train_time:93414ms step_avg:234.71ms
step:399/1695 train_loss:3.7995 train_time:93657ms step_avg:234.73ms
step:400/1695 train_loss:3.9275 train_time:93899ms step_avg:234.75ms
step:401/1695 train_loss:3.9264 train_time:94142ms step_avg:234.77ms
step:402/1695 train_loss:3.9336 train_time:94385ms step_avg:234.79ms
step:403/1695 train_loss:3.7282 train_time:94628ms step_avg:234.81ms
step:404/1695 train_loss:3.8322 train_time:94870ms step_avg:234.83ms
step:405/1695 train_loss:3.8328 train_time:95113ms step_avg:234.85ms
step:406/1695 train_loss:3.7262 train_time:95356ms step_avg:234.87ms
step:407/1695 train_loss:3.8909 train_time:95599ms step_avg:234.89ms
step:408/1695 train_loss:3.7802 train_time:95843ms step_avg:234.91ms
step:409/1695 train_loss:3.8214 train_time:96086ms step_avg:234.93ms
step:410/1695 train_loss:3.8096 train_time:96331ms step_avg:234.95ms
step:411/1695 train_loss:3.8596 train_time:96573ms step_avg:234.97ms
step:412/1695 train_loss:3.6681 train_time:96817ms step_avg:234.99ms
step:413/1695 train_loss:3.8465 train_time:97061ms step_avg:235.01ms
step:414/1695 train_loss:3.9272 train_time:97304ms step_avg:235.03ms
step:415/1695 train_loss:3.8921 train_time:97546ms step_avg:235.05ms
step:416/1695 train_loss:3.7026 train_time:97790ms step_avg:235.07ms
step:417/1695 train_loss:3.7572 train_time:98033ms step_avg:235.09ms
step:418/1695 train_loss:4.0708 train_time:98277ms step_avg:235.11ms
step:419/1695 train_loss:3.7063 train_time:98520ms step_avg:235.13ms
step:420/1695 train_loss:3.8190 train_time:98764ms step_avg:235.15ms
step:421/1695 train_loss:3.7207 train_time:99007ms step_avg:235.17ms
step:422/1695 train_loss:3.7838 train_time:99251ms step_avg:235.19ms
step:423/1695 train_loss:3.8891 train_time:99494ms step_avg:235.21ms
step:424/1695 train_loss:3.8606 train_time:99737ms step_avg:235.23ms
step:425/1695 train_loss:3.7389 train_time:99979ms step_avg:235.25ms
step:426/1695 train_loss:3.7455 train_time:100224ms step_avg:235.27ms
step:427/1695 train_loss:3.7715 train_time:100467ms step_avg:235.29ms
step:428/1695 train_loss:3.7360 train_time:100709ms step_avg:235.30ms
step:429/1695 train_loss:3.8333 train_time:100953ms step_avg:235.32ms
step:430/1695 train_loss:3.5816 train_time:101194ms step_avg:235.34ms
step:431/1695 train_loss:3.7501 train_time:101438ms step_avg:235.35ms
step:432/1695 train_loss:3.8879 train_time:101679ms step_avg:235.37ms
step:433/1695 train_loss:3.8177 train_time:101923ms step_avg:235.39ms
step:434/1695 train_loss:3.8732 train_time:102165ms step_avg:235.40ms
step:435/1695 train_loss:3.6219 train_time:102408ms step_avg:235.42ms
step:436/1695 train_loss:3.7532 train_time:102649ms step_avg:235.43ms
step:437/1695 train_loss:3.8063 train_time:102891ms step_avg:235.45ms
step:438/1695 train_loss:3.6656 train_time:103134ms step_avg:235.47ms
step:439/1695 train_loss:3.8159 train_time:103377ms step_avg:235.48ms
step:440/1695 train_loss:3.8932 train_time:103620ms step_avg:235.50ms
step:441/1695 train_loss:3.8588 train_time:103863ms step_avg:235.52ms
step:442/1695 train_loss:3.9108 train_time:104107ms step_avg:235.54ms
step:443/1695 train_loss:3.7566 train_time:104350ms step_avg:235.55ms
step:444/1695 train_loss:3.7182 train_time:104592ms step_avg:235.57ms
step:445/1695 train_loss:3.6773 train_time:104836ms step_avg:235.59ms
step:446/1695 train_loss:3.7489 train_time:105078ms step_avg:235.60ms
step:447/1695 train_loss:3.8044 train_time:105321ms step_avg:235.62ms
step:448/1695 train_loss:3.7742 train_time:105565ms step_avg:235.64ms
step:449/1695 train_loss:3.8088 train_time:105807ms step_avg:235.65ms
step:450/1695 train_loss:3.8483 train_time:106050ms step_avg:235.67ms
step:451/1695 train_loss:3.8730 train_time:106293ms step_avg:235.68ms
step:452/1695 train_loss:3.7057 train_time:106538ms step_avg:235.70ms
step:453/1695 train_loss:3.6907 train_time:106780ms step_avg:235.72ms
step:454/1695 train_loss:3.7059 train_time:107022ms step_avg:235.73ms
step:455/1695 train_loss:3.7206 train_time:107264ms step_avg:235.75ms
step:456/1695 train_loss:3.7503 train_time:107507ms step_avg:235.76ms
step:457/1695 train_loss:3.7510 train_time:107750ms step_avg:235.78ms
step:458/1695 train_loss:3.7795 train_time:107993ms step_avg:235.79ms
step:459/1695 train_loss:3.8088 train_time:108234ms step_avg:235.80ms
step:460/1695 train_loss:3.7193 train_time:108476ms step_avg:235.82ms
step:461/1695 train_loss:3.8031 train_time:108720ms step_avg:235.84ms
step:462/1695 train_loss:4.0437 train_time:108963ms step_avg:235.85ms
step:463/1695 train_loss:3.8854 train_time:109207ms step_avg:235.87ms
step:464/1695 train_loss:3.7042 train_time:109450ms step_avg:235.88ms
step:465/1695 train_loss:4.0130 train_time:109692ms step_avg:235.90ms
step:466/1695 train_loss:3.8358 train_time:109935ms step_avg:235.91ms
step:467/1695 train_loss:3.8434 train_time:110177ms step_avg:235.92ms
step:468/1695 train_loss:3.6622 train_time:110420ms step_avg:235.94ms
step:469/1695 train_loss:3.8097 train_time:110663ms step_avg:235.95ms
step:470/1695 train_loss:3.7134 train_time:110905ms step_avg:235.97ms
step:471/1695 train_loss:3.7241 train_time:111148ms step_avg:235.98ms
step:472/1695 train_loss:4.1360 train_time:111390ms step_avg:236.00ms
step:473/1695 train_loss:3.6475 train_time:111633ms step_avg:236.01ms
step:474/1695 train_loss:3.8675 train_time:111876ms step_avg:236.03ms
step:475/1695 train_loss:3.7478 train_time:112119ms step_avg:236.04ms
step:476/1695 train_loss:3.5853 train_time:112362ms step_avg:236.05ms
step:477/1695 train_loss:3.7630 train_time:112606ms step_avg:236.07ms
step:478/1695 train_loss:3.5698 train_time:112848ms step_avg:236.08ms
step:479/1695 train_loss:3.8360 train_time:113091ms step_avg:236.10ms
step:480/1695 train_loss:3.6641 train_time:113334ms step_avg:236.11ms
step:481/1695 train_loss:3.7490 train_time:113578ms step_avg:236.13ms
step:482/1695 train_loss:3.6998 train_time:113820ms step_avg:236.14ms
step:483/1695 train_loss:3.8683 train_time:114063ms step_avg:236.15ms
step:484/1695 train_loss:3.6554 train_time:114307ms step_avg:236.17ms
step:485/1695 train_loss:3.8043 train_time:114550ms step_avg:236.19ms
step:486/1695 train_loss:4.1284 train_time:114793ms step_avg:236.20ms
step:487/1695 train_loss:3.7751 train_time:115036ms step_avg:236.21ms
step:488/1695 train_loss:3.8970 train_time:115281ms step_avg:236.23ms
step:489/1695 train_loss:3.8030 train_time:115524ms step_avg:236.25ms
step:490/1695 train_loss:3.8433 train_time:115768ms step_avg:236.26ms
step:491/1695 train_loss:3.8132 train_time:116059ms step_avg:236.37ms
step:492/1695 train_loss:3.6164 train_time:116299ms step_avg:236.38ms
step:493/1695 train_loss:3.7504 train_time:116542ms step_avg:236.39ms
step:494/1695 train_loss:3.8092 train_time:116786ms step_avg:236.41ms
step:495/1695 train_loss:3.6808 train_time:117028ms step_avg:236.42ms
step:496/1695 train_loss:3.7164 train_time:117271ms step_avg:236.43ms
step:497/1695 train_loss:3.7553 train_time:117514ms step_avg:236.45ms
step:498/1695 train_loss:3.6420 train_time:117758ms step_avg:236.46ms
step:499/1695 train_loss:3.6962 train_time:118001ms step_avg:236.48ms
step:500/1695 train_loss:3.7659 train_time:118243ms step_avg:236.49ms
step:500/1695 val_loss:3.7249 train_time:118254ms step_avg:236.51ms
step:501/1695 train_loss:3.9133 train_time:118491ms step_avg:236.51ms
step:502/1695 train_loss:3.6539 train_time:118730ms step_avg:236.51ms
step:503/1695 train_loss:3.7381 train_time:118972ms step_avg:236.52ms
step:504/1695 train_loss:3.6431 train_time:119213ms step_avg:236.53ms
step:505/1695 train_loss:3.7949 train_time:119457ms step_avg:236.55ms
step:506/1695 train_loss:3.7783 train_time:119698ms step_avg:236.56ms
step:507/1695 train_loss:3.7419 train_time:119941ms step_avg:236.57ms
step:508/1695 train_loss:3.8817 train_time:120183ms step_avg:236.58ms
step:509/1695 train_loss:3.5815 train_time:120425ms step_avg:236.59ms
step:510/1695 train_loss:3.7166 train_time:120669ms step_avg:236.61ms
step:511/1695 train_loss:3.5780 train_time:120910ms step_avg:236.62ms
step:512/1695 train_loss:3.8357 train_time:121152ms step_avg:236.62ms
step:513/1695 train_loss:3.6149 train_time:121394ms step_avg:236.64ms
step:514/1695 train_loss:3.6562 train_time:121635ms step_avg:236.64ms
step:515/1695 train_loss:3.7833 train_time:121877ms step_avg:236.65ms
step:516/1695 train_loss:3.5984 train_time:122120ms step_avg:236.67ms
step:517/1695 train_loss:3.8110 train_time:122361ms step_avg:236.68ms
step:518/1695 train_loss:3.7283 train_time:122604ms step_avg:236.69ms
step:519/1695 train_loss:3.6856 train_time:122846ms step_avg:236.70ms
step:520/1695 train_loss:3.7806 train_time:123089ms step_avg:236.71ms
step:521/1695 train_loss:3.6345 train_time:123330ms step_avg:236.72ms
step:522/1695 train_loss:3.5880 train_time:123572ms step_avg:236.73ms
step:523/1695 train_loss:3.8306 train_time:123813ms step_avg:236.74ms
step:524/1695 train_loss:3.6667 train_time:124056ms step_avg:236.75ms
step:525/1695 train_loss:3.6830 train_time:124298ms step_avg:236.76ms
step:526/1695 train_loss:3.6518 train_time:124541ms step_avg:236.77ms
step:527/1695 train_loss:3.7297 train_time:124783ms step_avg:236.78ms
step:528/1695 train_loss:3.7043 train_time:125025ms step_avg:236.79ms
step:529/1695 train_loss:3.7140 train_time:125267ms step_avg:236.80ms
step:530/1695 train_loss:3.7353 train_time:125510ms step_avg:236.81ms
step:531/1695 train_loss:3.7433 train_time:125752ms step_avg:236.82ms
step:532/1695 train_loss:3.7378 train_time:125996ms step_avg:236.84ms
step:533/1695 train_loss:3.7739 train_time:126238ms step_avg:236.84ms
step:534/1695 train_loss:3.8116 train_time:126481ms step_avg:236.86ms
step:535/1695 train_loss:3.7075 train_time:126725ms step_avg:236.87ms
step:536/1695 train_loss:3.8696 train_time:126966ms step_avg:236.88ms
step:537/1695 train_loss:3.7466 train_time:127209ms step_avg:236.89ms
step:538/1695 train_loss:3.5622 train_time:127451ms step_avg:236.90ms
step:539/1695 train_loss:3.7951 train_time:127693ms step_avg:236.91ms
step:540/1695 train_loss:3.7616 train_time:127935ms step_avg:236.92ms
step:541/1695 train_loss:3.4035 train_time:128178ms step_avg:236.93ms
step:542/1695 train_loss:3.7349 train_time:128419ms step_avg:236.94ms
step:543/1695 train_loss:3.6948 train_time:128660ms step_avg:236.94ms
step:544/1695 train_loss:3.7544 train_time:128901ms step_avg:236.95ms
step:545/1695 train_loss:3.7950 train_time:129144ms step_avg:236.96ms
step:546/1695 train_loss:3.6648 train_time:129386ms step_avg:236.97ms
step:547/1695 train_loss:3.5428 train_time:129629ms step_avg:236.98ms
step:548/1695 train_loss:3.6849 train_time:129870ms step_avg:236.99ms
step:549/1695 train_loss:3.5861 train_time:130112ms step_avg:237.00ms
step:550/1695 train_loss:3.6257 train_time:130354ms step_avg:237.01ms
step:551/1695 train_loss:3.6274 train_time:130598ms step_avg:237.02ms
step:552/1695 train_loss:3.6121 train_time:130839ms step_avg:237.03ms
step:553/1695 train_loss:3.6835 train_time:131081ms step_avg:237.04ms
step:554/1695 train_loss:3.6951 train_time:131324ms step_avg:237.05ms
step:555/1695 train_loss:3.5982 train_time:131565ms step_avg:237.05ms
step:556/1695 train_loss:3.8130 train_time:131807ms step_avg:237.06ms
step:557/1695 train_loss:3.7767 train_time:132051ms step_avg:237.07ms
step:558/1695 train_loss:3.5968 train_time:132291ms step_avg:237.08ms
step:559/1695 train_loss:3.7722 train_time:132534ms step_avg:237.09ms
step:560/1695 train_loss:3.6346 train_time:132776ms step_avg:237.10ms
step:561/1695 train_loss:3.7898 train_time:133017ms step_avg:237.11ms
step:562/1695 train_loss:3.8362 train_time:133260ms step_avg:237.12ms
step:563/1695 train_loss:3.7370 train_time:133502ms step_avg:237.13ms
step:564/1695 train_loss:3.6711 train_time:133742ms step_avg:237.13ms
step:565/1695 train_loss:3.7746 train_time:133984ms step_avg:237.14ms
step:566/1695 train_loss:3.7277 train_time:134227ms step_avg:237.15ms
step:567/1695 train_loss:3.6566 train_time:134468ms step_avg:237.16ms
step:568/1695 train_loss:3.7728 train_time:134710ms step_avg:237.17ms
step:569/1695 train_loss:3.5384 train_time:134953ms step_avg:237.18ms
step:570/1695 train_loss:3.7760 train_time:135195ms step_avg:237.18ms
step:571/1695 train_loss:3.5939 train_time:135436ms step_avg:237.19ms
step:572/1695 train_loss:3.6782 train_time:135680ms step_avg:237.20ms
step:573/1695 train_loss:3.9916 train_time:135922ms step_avg:237.21ms
step:574/1695 train_loss:3.8012 train_time:136163ms step_avg:237.22ms
step:575/1695 train_loss:3.7676 train_time:136405ms step_avg:237.23ms
step:576/1695 train_loss:3.5872 train_time:136647ms step_avg:237.23ms
step:577/1695 train_loss:3.6225 train_time:136889ms step_avg:237.24ms
step:578/1695 train_loss:3.7548 train_time:137132ms step_avg:237.25ms
step:579/1695 train_loss:3.7560 train_time:137375ms step_avg:237.26ms
step:580/1695 train_loss:3.5991 train_time:137617ms step_avg:237.27ms
step:581/1695 train_loss:3.8180 train_time:137858ms step_avg:237.28ms
step:582/1695 train_loss:3.6848 train_time:138101ms step_avg:237.29ms
step:583/1695 train_loss:3.6766 train_time:138342ms step_avg:237.29ms
step:584/1695 train_loss:3.5770 train_time:138584ms step_avg:237.30ms
step:585/1695 train_loss:3.9798 train_time:138827ms step_avg:237.31ms
step:586/1695 train_loss:3.6180 train_time:139070ms step_avg:237.32ms
step:587/1695 train_loss:3.5457 train_time:139311ms step_avg:237.33ms
step:588/1695 train_loss:3.6675 train_time:139552ms step_avg:237.33ms
step:589/1695 train_loss:3.6622 train_time:139793ms step_avg:237.34ms
step:590/1695 train_loss:3.6175 train_time:140035ms step_avg:237.35ms
step:591/1695 train_loss:3.6800 train_time:140276ms step_avg:237.35ms
step:592/1695 train_loss:3.5768 train_time:140521ms step_avg:237.37ms
step:593/1695 train_loss:3.7099 train_time:140762ms step_avg:237.37ms
step:594/1695 train_loss:3.5671 train_time:141004ms step_avg:237.38ms
step:595/1695 train_loss:3.5841 train_time:141246ms step_avg:237.39ms
step:596/1695 train_loss:3.5578 train_time:141487ms step_avg:237.39ms
step:597/1695 train_loss:3.6124 train_time:141728ms step_avg:237.40ms
step:598/1695 train_loss:3.6852 train_time:141970ms step_avg:237.41ms
step:599/1695 train_loss:3.7427 train_time:142213ms step_avg:237.42ms
step:600/1695 train_loss:3.7530 train_time:142454ms step_avg:237.42ms
step:601/1695 train_loss:3.7060 train_time:142697ms step_avg:237.43ms
step:602/1695 train_loss:3.6481 train_time:142939ms step_avg:237.44ms
step:603/1695 train_loss:3.5897 train_time:143182ms step_avg:237.45ms
step:604/1695 train_loss:3.8450 train_time:143425ms step_avg:237.46ms
step:605/1695 train_loss:3.6473 train_time:143667ms step_avg:237.47ms
step:606/1695 train_loss:3.7843 train_time:143910ms step_avg:237.47ms
step:607/1695 train_loss:3.4941 train_time:144151ms step_avg:237.48ms
step:608/1695 train_loss:3.6215 train_time:144392ms step_avg:237.49ms
step:609/1695 train_loss:3.5443 train_time:144634ms step_avg:237.49ms
step:610/1695 train_loss:3.8314 train_time:144874ms step_avg:237.50ms
step:611/1695 train_loss:3.4895 train_time:145116ms step_avg:237.51ms
step:612/1695 train_loss:3.6883 train_time:145359ms step_avg:237.51ms
step:613/1695 train_loss:3.7073 train_time:145600ms step_avg:237.52ms
step:614/1695 train_loss:3.7870 train_time:145843ms step_avg:237.53ms
step:615/1695 train_loss:3.6665 train_time:146085ms step_avg:237.54ms
step:616/1695 train_loss:3.7324 train_time:146325ms step_avg:237.54ms
step:617/1695 train_loss:3.7967 train_time:146567ms step_avg:237.55ms
step:618/1695 train_loss:3.5550 train_time:146808ms step_avg:237.55ms
step:619/1695 train_loss:3.9838 train_time:147051ms step_avg:237.56ms
step:620/1695 train_loss:3.6596 train_time:147294ms step_avg:237.57ms
step:621/1695 train_loss:3.5607 train_time:147536ms step_avg:237.58ms
step:622/1695 train_loss:3.6119 train_time:147777ms step_avg:237.58ms
step:623/1695 train_loss:3.9100 train_time:148020ms step_avg:237.59ms
step:624/1695 train_loss:3.5670 train_time:148263ms step_avg:237.60ms
step:625/1695 train_loss:3.7798 train_time:148506ms step_avg:237.61ms
step:625/1695 val_loss:3.6417 train_time:148514ms step_avg:237.62ms
step:626/1695 train_loss:3.5127 train_time:148751ms step_avg:237.62ms
step:627/1695 train_loss:3.6830 train_time:148993ms step_avg:237.63ms
step:628/1695 train_loss:3.7032 train_time:149235ms step_avg:237.64ms
step:629/1695 train_loss:3.5388 train_time:149482ms step_avg:237.65ms
step:630/1695 train_loss:3.6637 train_time:149728ms step_avg:237.66ms
step:631/1695 train_loss:3.7540 train_time:149975ms step_avg:237.68ms
step:632/1695 train_loss:3.4413 train_time:150221ms step_avg:237.69ms
step:633/1695 train_loss:3.6919 train_time:150470ms step_avg:237.71ms
step:634/1695 train_loss:3.6082 train_time:150716ms step_avg:237.72ms
step:635/1695 train_loss:3.7049 train_time:150962ms step_avg:237.74ms
step:636/1695 train_loss:3.6131 train_time:151212ms step_avg:237.76ms
step:637/1695 train_loss:3.6204 train_time:151458ms step_avg:237.77ms
step:638/1695 train_loss:3.6776 train_time:151704ms step_avg:237.78ms
step:639/1695 train_loss:3.5109 train_time:151953ms step_avg:237.80ms
step:640/1695 train_loss:3.6110 train_time:152199ms step_avg:237.81ms
step:641/1695 train_loss:3.5688 train_time:152447ms step_avg:237.83ms
step:642/1695 train_loss:4.0198 train_time:152695ms step_avg:237.84ms
step:643/1695 train_loss:3.5773 train_time:152942ms step_avg:237.86ms
step:644/1695 train_loss:3.6232 train_time:153189ms step_avg:237.87ms
step:645/1695 train_loss:3.8052 train_time:153436ms step_avg:237.89ms
step:646/1695 train_loss:3.6500 train_time:153684ms step_avg:237.90ms
step:647/1695 train_loss:3.6068 train_time:153931ms step_avg:237.92ms
step:648/1695 train_loss:3.6414 train_time:154179ms step_avg:237.93ms
step:649/1695 train_loss:3.6379 train_time:154426ms step_avg:237.94ms
step:650/1695 train_loss:3.6291 train_time:154674ms step_avg:237.96ms
step:651/1695 train_loss:3.4539 train_time:154921ms step_avg:237.97ms
step:652/1695 train_loss:3.6332 train_time:155167ms step_avg:237.99ms
step:653/1695 train_loss:3.6825 train_time:155414ms step_avg:238.00ms
step:654/1695 train_loss:3.4809 train_time:155662ms step_avg:238.02ms
step:655/1695 train_loss:3.6144 train_time:155908ms step_avg:238.03ms
step:656/1695 train_loss:3.6185 train_time:156156ms step_avg:238.04ms
step:657/1695 train_loss:3.7000 train_time:156403ms step_avg:238.06ms
step:658/1695 train_loss:3.5121 train_time:156650ms step_avg:238.07ms
step:659/1695 train_loss:3.6114 train_time:156896ms step_avg:238.08ms
step:660/1695 train_loss:3.5454 train_time:157143ms step_avg:238.10ms
step:661/1695 train_loss:3.6741 train_time:157391ms step_avg:238.11ms
step:662/1695 train_loss:3.6232 train_time:157638ms step_avg:238.12ms
step:663/1695 train_loss:3.6506 train_time:157884ms step_avg:238.14ms
step:664/1695 train_loss:3.8885 train_time:158131ms step_avg:238.15ms
step:665/1695 train_loss:3.6076 train_time:158377ms step_avg:238.16ms
step:666/1695 train_loss:3.7135 train_time:158625ms step_avg:238.18ms
step:667/1695 train_loss:3.5448 train_time:158874ms step_avg:238.19ms
step:668/1695 train_loss:3.7814 train_time:159120ms step_avg:238.20ms
step:669/1695 train_loss:3.6538 train_time:159367ms step_avg:238.22ms
step:670/1695 train_loss:3.7846 train_time:159614ms step_avg:238.23ms
step:671/1695 train_loss:3.5197 train_time:159861ms step_avg:238.24ms
step:672/1695 train_loss:3.6489 train_time:160108ms step_avg:238.26ms
step:673/1695 train_loss:3.6087 train_time:160354ms step_avg:238.27ms
step:674/1695 train_loss:3.7213 train_time:160602ms step_avg:238.28ms
step:675/1695 train_loss:3.5435 train_time:160850ms step_avg:238.30ms
step:676/1695 train_loss:3.6799 train_time:161098ms step_avg:238.31ms
step:677/1695 train_loss:3.5501 train_time:161344ms step_avg:238.32ms
step:678/1695 train_loss:3.6082 train_time:161590ms step_avg:238.33ms
step:679/1695 train_loss:3.5664 train_time:161838ms step_avg:238.35ms
step:680/1695 train_loss:3.5296 train_time:162085ms step_avg:238.36ms
step:681/1695 train_loss:3.6195 train_time:162334ms step_avg:238.38ms
step:682/1695 train_loss:3.6548 train_time:162580ms step_avg:238.39ms
step:683/1695 train_loss:3.6056 train_time:162825ms step_avg:238.40ms
step:684/1695 train_loss:3.5329 train_time:163074ms step_avg:238.41ms
step:685/1695 train_loss:3.8576 train_time:163319ms step_avg:238.42ms
step:686/1695 train_loss:3.3438 train_time:163568ms step_avg:238.44ms
step:687/1695 train_loss:3.6654 train_time:163814ms step_avg:238.45ms
step:688/1695 train_loss:3.4868 train_time:164062ms step_avg:238.46ms
step:689/1695 train_loss:3.6551 train_time:164309ms step_avg:238.47ms
step:690/1695 train_loss:3.6229 train_time:164555ms step_avg:238.49ms
step:691/1695 train_loss:3.8015 train_time:164802ms step_avg:238.50ms
step:692/1695 train_loss:3.5675 train_time:165050ms step_avg:238.51ms
step:693/1695 train_loss:3.0414 train_time:165299ms step_avg:238.53ms
step:694/1695 train_loss:3.5616 train_time:165543ms step_avg:238.53ms
step:695/1695 train_loss:3.6661 train_time:165790ms step_avg:238.55ms
step:696/1695 train_loss:3.5960 train_time:166037ms step_avg:238.56ms
step:697/1695 train_loss:3.5625 train_time:166282ms step_avg:238.57ms
step:698/1695 train_loss:3.8534 train_time:166530ms step_avg:238.58ms
step:699/1695 train_loss:3.6270 train_time:166778ms step_avg:238.60ms
step:700/1695 train_loss:3.6575 train_time:167024ms step_avg:238.61ms
step:701/1695 train_loss:3.5296 train_time:167272ms step_avg:238.62ms
step:702/1695 train_loss:3.7109 train_time:167519ms step_avg:238.63ms
step:703/1695 train_loss:3.5566 train_time:167766ms step_avg:238.64ms
step:704/1695 train_loss:3.4860 train_time:168015ms step_avg:238.66ms
step:705/1695 train_loss:3.6482 train_time:168260ms step_avg:238.67ms
step:706/1695 train_loss:3.8767 train_time:168508ms step_avg:238.68ms
step:707/1695 train_loss:3.4588 train_time:168756ms step_avg:238.69ms
step:708/1695 train_loss:3.7016 train_time:169002ms step_avg:238.70ms
step:709/1695 train_loss:3.4465 train_time:169249ms step_avg:238.72ms
step:710/1695 train_loss:3.6135 train_time:169496ms step_avg:238.73ms
step:711/1695 train_loss:3.5933 train_time:169744ms step_avg:238.74ms
step:712/1695 train_loss:3.5176 train_time:169991ms step_avg:238.75ms
step:713/1695 train_loss:3.6155 train_time:170238ms step_avg:238.76ms
step:714/1695 train_loss:3.6273 train_time:170486ms step_avg:238.78ms
step:715/1695 train_loss:3.5563 train_time:170732ms step_avg:238.79ms
step:716/1695 train_loss:3.6028 train_time:170980ms step_avg:238.80ms
step:717/1695 train_loss:3.6261 train_time:171226ms step_avg:238.81ms
step:718/1695 train_loss:3.5015 train_time:171474ms step_avg:238.82ms
step:719/1695 train_loss:3.6091 train_time:171721ms step_avg:238.83ms
step:720/1695 train_loss:3.5611 train_time:171968ms step_avg:238.84ms
step:721/1695 train_loss:3.5541 train_time:172219ms step_avg:238.86ms
step:722/1695 train_loss:3.8833 train_time:172468ms step_avg:238.88ms
step:723/1695 train_loss:3.6206 train_time:172715ms step_avg:238.89ms
step:724/1695 train_loss:3.7478 train_time:172963ms step_avg:238.90ms
step:725/1695 train_loss:3.5726 train_time:173211ms step_avg:238.91ms
step:726/1695 train_loss:3.5568 train_time:173459ms step_avg:238.92ms
step:727/1695 train_loss:3.3285 train_time:173706ms step_avg:238.94ms
step:728/1695 train_loss:3.6033 train_time:173955ms step_avg:238.95ms
step:729/1695 train_loss:3.6094 train_time:174202ms step_avg:238.96ms
step:730/1695 train_loss:3.5178 train_time:174449ms step_avg:238.97ms
step:731/1695 train_loss:3.5663 train_time:174696ms step_avg:238.98ms
step:732/1695 train_loss:3.6711 train_time:174945ms step_avg:239.00ms
step:733/1695 train_loss:3.6157 train_time:175192ms step_avg:239.01ms
step:734/1695 train_loss:3.5775 train_time:175442ms step_avg:239.02ms
step:735/1695 train_loss:3.4332 train_time:175691ms step_avg:239.04ms
step:736/1695 train_loss:3.6958 train_time:175980ms step_avg:239.10ms
step:737/1695 train_loss:3.6032 train_time:176230ms step_avg:239.12ms
step:738/1695 train_loss:3.5225 train_time:176481ms step_avg:239.13ms
step:739/1695 train_loss:3.6197 train_time:176728ms step_avg:239.14ms
step:740/1695 train_loss:3.6748 train_time:176975ms step_avg:239.16ms
step:741/1695 train_loss:3.5416 train_time:177222ms step_avg:239.17ms
step:742/1695 train_loss:3.6800 train_time:177471ms step_avg:239.18ms
step:743/1695 train_loss:3.7535 train_time:177719ms step_avg:239.19ms
step:744/1695 train_loss:3.5765 train_time:177968ms step_avg:239.20ms
step:745/1695 train_loss:3.5332 train_time:178215ms step_avg:239.21ms
step:746/1695 train_loss:3.7884 train_time:178473ms step_avg:239.24ms
step:747/1695 train_loss:3.5701 train_time:178722ms step_avg:239.25ms
step:748/1695 train_loss:3.7689 train_time:178973ms step_avg:239.27ms
step:749/1695 train_loss:3.5557 train_time:179223ms step_avg:239.28ms
step:750/1695 train_loss:3.6042 train_time:179470ms step_avg:239.29ms
step:750/1695 val_loss:3.5785 train_time:179472ms step_avg:239.30ms
step:751/1695 train_loss:3.6128 train_time:179723ms step_avg:239.31ms
step:752/1695 train_loss:3.6370 train_time:179972ms step_avg:239.32ms
step:753/1695 train_loss:3.5854 train_time:180219ms step_avg:239.33ms
step:754/1695 train_loss:3.5103 train_time:180466ms step_avg:239.35ms
step:755/1695 train_loss:3.5657 train_time:180715ms step_avg:239.36ms
step:756/1695 train_loss:4.5039 train_time:180966ms step_avg:239.37ms
step:757/1695 train_loss:3.5299 train_time:181214ms step_avg:239.38ms
step:758/1695 train_loss:3.6510 train_time:181462ms step_avg:239.40ms
step:759/1695 train_loss:3.5008 train_time:181711ms step_avg:239.41ms
step:760/1695 train_loss:3.5588 train_time:181958ms step_avg:239.42ms
step:761/1695 train_loss:3.5702 train_time:182208ms step_avg:239.43ms
step:762/1695 train_loss:3.3900 train_time:182456ms step_avg:239.44ms
step:763/1695 train_loss:3.6727 train_time:182704ms step_avg:239.46ms
step:764/1695 train_loss:3.6673 train_time:182952ms step_avg:239.47ms
step:765/1695 train_loss:3.4541 train_time:183200ms step_avg:239.48ms
step:766/1695 train_loss:3.5095 train_time:183450ms step_avg:239.49ms
step:767/1695 train_loss:4.0243 train_time:183701ms step_avg:239.51ms
step:768/1695 train_loss:3.5529 train_time:183949ms step_avg:239.52ms
step:769/1695 train_loss:3.5393 train_time:184198ms step_avg:239.53ms
step:770/1695 train_loss:3.4726 train_time:184445ms step_avg:239.54ms
step:771/1695 train_loss:3.6202 train_time:184692ms step_avg:239.55ms
step:772/1695 train_loss:3.6071 train_time:184940ms step_avg:239.56ms
step:773/1695 train_loss:3.5053 train_time:185191ms step_avg:239.57ms
step:774/1695 train_loss:3.5847 train_time:185440ms step_avg:239.59ms
step:775/1695 train_loss:3.5275 train_time:185692ms step_avg:239.60ms
step:776/1695 train_loss:3.6526 train_time:185946ms step_avg:239.62ms
step:777/1695 train_loss:3.4956 train_time:186200ms step_avg:239.64ms
step:778/1695 train_loss:3.6500 train_time:186450ms step_avg:239.65ms
step:779/1695 train_loss:3.4319 train_time:186704ms step_avg:239.67ms
step:780/1695 train_loss:3.5677 train_time:186955ms step_avg:239.69ms
step:781/1695 train_loss:3.6163 train_time:187206ms step_avg:239.70ms
step:782/1695 train_loss:3.6025 train_time:187455ms step_avg:239.71ms
step:783/1695 train_loss:3.4010 train_time:187704ms step_avg:239.72ms
step:784/1695 train_loss:3.5388 train_time:187954ms step_avg:239.74ms
step:785/1695 train_loss:3.5936 train_time:188223ms step_avg:239.77ms
step:786/1695 train_loss:3.5667 train_time:188475ms step_avg:239.79ms
step:787/1695 train_loss:3.4440 train_time:188724ms step_avg:239.80ms
step:788/1695 train_loss:3.5215 train_time:188973ms step_avg:239.81ms
step:789/1695 train_loss:3.6479 train_time:189223ms step_avg:239.83ms
step:790/1695 train_loss:3.4457 train_time:189484ms step_avg:239.85ms
step:791/1695 train_loss:3.5539 train_time:189745ms step_avg:239.88ms
step:792/1695 train_loss:3.5892 train_time:189995ms step_avg:239.89ms
step:793/1695 train_loss:3.6037 train_time:190244ms step_avg:239.90ms
step:794/1695 train_loss:3.4690 train_time:190494ms step_avg:239.92ms
step:795/1695 train_loss:3.5494 train_time:190743ms step_avg:239.93ms
step:796/1695 train_loss:3.6926 train_time:190993ms step_avg:239.94ms
step:797/1695 train_loss:3.6582 train_time:191242ms step_avg:239.95ms
step:798/1695 train_loss:3.5128 train_time:191490ms step_avg:239.96ms
step:799/1695 train_loss:3.6498 train_time:191740ms step_avg:239.97ms
step:800/1695 train_loss:3.5746 train_time:191989ms step_avg:239.99ms
step:801/1695 train_loss:3.6112 train_time:192237ms step_avg:240.00ms
step:802/1695 train_loss:3.5105 train_time:192487ms step_avg:240.01ms
step:803/1695 train_loss:3.4408 train_time:192735ms step_avg:240.02ms
step:804/1695 train_loss:3.7333 train_time:192984ms step_avg:240.03ms
step:805/1695 train_loss:3.5151 train_time:193232ms step_avg:240.04ms
step:806/1695 train_loss:3.6414 train_time:193481ms step_avg:240.05ms
step:807/1695 train_loss:3.5122 train_time:193731ms step_avg:240.06ms
step:808/1695 train_loss:3.4652 train_time:193979ms step_avg:240.07ms
step:809/1695 train_loss:3.7204 train_time:194229ms step_avg:240.08ms
step:810/1695 train_loss:3.7021 train_time:194479ms step_avg:240.10ms
step:811/1695 train_loss:3.5386 train_time:194728ms step_avg:240.11ms
step:812/1695 train_loss:3.6288 train_time:194978ms step_avg:240.12ms
step:813/1695 train_loss:3.5823 train_time:195229ms step_avg:240.13ms
step:814/1695 train_loss:3.5867 train_time:195477ms step_avg:240.14ms
step:815/1695 train_loss:3.6007 train_time:195727ms step_avg:240.16ms
step:816/1695 train_loss:3.5589 train_time:195978ms step_avg:240.17ms
step:817/1695 train_loss:3.4099 train_time:196228ms step_avg:240.18ms
step:818/1695 train_loss:3.5862 train_time:196477ms step_avg:240.19ms
step:819/1695 train_loss:3.6620 train_time:196728ms step_avg:240.20ms
step:820/1695 train_loss:3.7029 train_time:196977ms step_avg:240.22ms
step:821/1695 train_loss:3.6147 train_time:197226ms step_avg:240.23ms
step:822/1695 train_loss:3.6207 train_time:197475ms step_avg:240.24ms
step:823/1695 train_loss:3.6917 train_time:197725ms step_avg:240.25ms
step:824/1695 train_loss:3.7556 train_time:197976ms step_avg:240.26ms
step:825/1695 train_loss:3.5916 train_time:198225ms step_avg:240.27ms
step:826/1695 train_loss:3.5726 train_time:198474ms step_avg:240.28ms
step:827/1695 train_loss:3.7055 train_time:198724ms step_avg:240.30ms
step:828/1695 train_loss:3.6253 train_time:198971ms step_avg:240.30ms
step:829/1695 train_loss:3.6207 train_time:199221ms step_avg:240.32ms
step:830/1695 train_loss:3.5558 train_time:199470ms step_avg:240.33ms
step:831/1695 train_loss:3.7154 train_time:199721ms step_avg:240.34ms
step:832/1695 train_loss:3.7809 train_time:199970ms step_avg:240.35ms
step:833/1695 train_loss:3.5916 train_time:200220ms step_avg:240.36ms
step:834/1695 train_loss:3.6511 train_time:200468ms step_avg:240.37ms
step:835/1695 train_loss:3.5509 train_time:200721ms step_avg:240.38ms
step:836/1695 train_loss:3.6098 train_time:200969ms step_avg:240.39ms
step:837/1695 train_loss:3.6468 train_time:201220ms step_avg:240.41ms
step:838/1695 train_loss:3.5949 train_time:201469ms step_avg:240.42ms
step:839/1695 train_loss:3.3798 train_time:201719ms step_avg:240.43ms
step:840/1695 train_loss:3.2610 train_time:201970ms step_avg:240.44ms
step:841/1695 train_loss:3.4641 train_time:202219ms step_avg:240.45ms
step:842/1695 train_loss:3.5237 train_time:202471ms step_avg:240.46ms
step:843/1695 train_loss:3.6555 train_time:202720ms step_avg:240.47ms
step:844/1695 train_loss:3.5791 train_time:202971ms step_avg:240.49ms
step:845/1695 train_loss:3.5227 train_time:203219ms step_avg:240.50ms
step:846/1695 train_loss:3.5661 train_time:203470ms step_avg:240.51ms
step:847/1695 train_loss:3.5558 train_time:203722ms step_avg:240.52ms
step:848/1695 train_loss:3.5896 train_time:203970ms step_avg:240.53ms
step:849/1695 train_loss:3.7128 train_time:204220ms step_avg:240.54ms
step:850/1695 train_loss:3.6240 train_time:204470ms step_avg:240.55ms
step:851/1695 train_loss:3.6846 train_time:204719ms step_avg:240.56ms
step:852/1695 train_loss:3.6488 train_time:204968ms step_avg:240.57ms
step:853/1695 train_loss:3.6687 train_time:205218ms step_avg:240.58ms
step:854/1695 train_loss:3.6829 train_time:205466ms step_avg:240.59ms
step:855/1695 train_loss:3.5565 train_time:205715ms step_avg:240.60ms
step:856/1695 train_loss:3.5284 train_time:205965ms step_avg:240.61ms
step:857/1695 train_loss:3.5239 train_time:206216ms step_avg:240.63ms
step:858/1695 train_loss:3.6210 train_time:206465ms step_avg:240.63ms
step:859/1695 train_loss:3.4760 train_time:206714ms step_avg:240.64ms
step:860/1695 train_loss:3.5313 train_time:206966ms step_avg:240.66ms
step:861/1695 train_loss:3.6129 train_time:207216ms step_avg:240.67ms
step:862/1695 train_loss:3.5559 train_time:207464ms step_avg:240.68ms
step:863/1695 train_loss:3.4567 train_time:207712ms step_avg:240.69ms
step:864/1695 train_loss:3.6853 train_time:207962ms step_avg:240.70ms
step:865/1695 train_loss:3.4537 train_time:208211ms step_avg:240.71ms
step:866/1695 train_loss:3.5318 train_time:208459ms step_avg:240.72ms
step:867/1695 train_loss:3.6247 train_time:208709ms step_avg:240.73ms
step:868/1695 train_loss:3.8912 train_time:208958ms step_avg:240.74ms
step:869/1695 train_loss:3.4251 train_time:209208ms step_avg:240.75ms
step:870/1695 train_loss:3.5459 train_time:209456ms step_avg:240.75ms
step:871/1695 train_loss:3.5100 train_time:209704ms step_avg:240.76ms
step:872/1695 train_loss:3.4639 train_time:209952ms step_avg:240.77ms
step:873/1695 train_loss:3.5542 train_time:210203ms step_avg:240.78ms
step:874/1695 train_loss:3.4879 train_time:210454ms step_avg:240.79ms
step:875/1695 train_loss:3.5867 train_time:210701ms step_avg:240.80ms
step:875/1695 val_loss:3.5322 train_time:210706ms step_avg:240.81ms
step:876/1695 train_loss:3.4952 train_time:210952ms step_avg:240.81ms
step:877/1695 train_loss:3.5224 train_time:211197ms step_avg:240.82ms
step:878/1695 train_loss:3.5087 train_time:211447ms step_avg:240.83ms
step:879/1695 train_loss:3.4551 train_time:211694ms step_avg:240.83ms
step:880/1695 train_loss:3.4609 train_time:211946ms step_avg:240.85ms
step:881/1695 train_loss:3.5279 train_time:212197ms step_avg:240.86ms
step:882/1695 train_loss:3.5574 train_time:212451ms step_avg:240.87ms
step:883/1695 train_loss:3.2275 train_time:212705ms step_avg:240.89ms
step:884/1695 train_loss:3.6039 train_time:212957ms step_avg:240.90ms
step:885/1695 train_loss:3.5181 train_time:213210ms step_avg:240.92ms
step:886/1695 train_loss:3.5995 train_time:213463ms step_avg:240.93ms
step:887/1695 train_loss:3.4324 train_time:213715ms step_avg:240.94ms
step:888/1695 train_loss:3.6123 train_time:213964ms step_avg:240.95ms
step:889/1695 train_loss:3.5954 train_time:214223ms step_avg:240.97ms
step:890/1695 train_loss:3.4888 train_time:214471ms step_avg:240.98ms
step:891/1695 train_loss:3.3835 train_time:214724ms step_avg:240.99ms
step:892/1695 train_loss:3.5642 train_time:214974ms step_avg:241.00ms
step:893/1695 train_loss:3.2894 train_time:215229ms step_avg:241.02ms
step:894/1695 train_loss:3.4539 train_time:215481ms step_avg:241.03ms
step:895/1695 train_loss:3.5096 train_time:215735ms step_avg:241.05ms
step:896/1695 train_loss:3.6618 train_time:215983ms step_avg:241.05ms
step:897/1695 train_loss:3.2421 train_time:216238ms step_avg:241.07ms
step:898/1695 train_loss:3.5189 train_time:216487ms step_avg:241.08ms
step:899/1695 train_loss:3.4944 train_time:216739ms step_avg:241.09ms
step:900/1695 train_loss:3.4998 train_time:216991ms step_avg:241.10ms
step:901/1695 train_loss:3.3788 train_time:217246ms step_avg:241.12ms
step:902/1695 train_loss:3.5196 train_time:217500ms step_avg:241.13ms
step:903/1695 train_loss:3.5148 train_time:217752ms step_avg:241.14ms
step:904/1695 train_loss:3.6311 train_time:218005ms step_avg:241.16ms
step:905/1695 train_loss:3.5722 train_time:218255ms step_avg:241.17ms
step:906/1695 train_loss:3.5295 train_time:218508ms step_avg:241.18ms
step:907/1695 train_loss:3.4576 train_time:218760ms step_avg:241.19ms
step:908/1695 train_loss:3.6560 train_time:219013ms step_avg:241.20ms
step:909/1695 train_loss:3.6810 train_time:219263ms step_avg:241.21ms
step:910/1695 train_loss:3.5767 train_time:219513ms step_avg:241.22ms
step:911/1695 train_loss:3.4401 train_time:219765ms step_avg:241.24ms
step:912/1695 train_loss:3.5331 train_time:220018ms step_avg:241.25ms
step:913/1695 train_loss:3.4103 train_time:220269ms step_avg:241.26ms
step:914/1695 train_loss:3.5066 train_time:220524ms step_avg:241.27ms
step:915/1695 train_loss:3.6663 train_time:220777ms step_avg:241.29ms
step:916/1695 train_loss:3.5215 train_time:221029ms step_avg:241.30ms
step:917/1695 train_loss:3.5445 train_time:221281ms step_avg:241.31ms
step:918/1695 train_loss:3.5235 train_time:221534ms step_avg:241.32ms
step:919/1695 train_loss:3.5689 train_time:221788ms step_avg:241.34ms
step:920/1695 train_loss:3.6554 train_time:222042ms step_avg:241.35ms
step:921/1695 train_loss:3.4840 train_time:222293ms step_avg:241.36ms
step:922/1695 train_loss:3.5956 train_time:222544ms step_avg:241.37ms
step:923/1695 train_loss:3.6155 train_time:222797ms step_avg:241.38ms
step:924/1695 train_loss:3.6801 train_time:223048ms step_avg:241.39ms
step:925/1695 train_loss:3.4285 train_time:223300ms step_avg:241.41ms
step:926/1695 train_loss:3.6296 train_time:223554ms step_avg:241.42ms
step:927/1695 train_loss:3.4492 train_time:223806ms step_avg:241.43ms
step:928/1695 train_loss:3.4807 train_time:224059ms step_avg:241.44ms
step:929/1695 train_loss:3.4829 train_time:224311ms step_avg:241.45ms
step:930/1695 train_loss:3.4192 train_time:224564ms step_avg:241.47ms
step:931/1695 train_loss:3.6504 train_time:224819ms step_avg:241.48ms
step:932/1695 train_loss:3.6108 train_time:225070ms step_avg:241.49ms
step:933/1695 train_loss:3.5465 train_time:225322ms step_avg:241.50ms
step:934/1695 train_loss:3.5554 train_time:225573ms step_avg:241.51ms
step:935/1695 train_loss:3.4602 train_time:225835ms step_avg:241.53ms
step:936/1695 train_loss:3.4491 train_time:226082ms step_avg:241.54ms
step:937/1695 train_loss:3.5892 train_time:226338ms step_avg:241.56ms
step:938/1695 train_loss:3.4484 train_time:226590ms step_avg:241.57ms
step:939/1695 train_loss:3.6012 train_time:226843ms step_avg:241.58ms
step:940/1695 train_loss:3.5908 train_time:227097ms step_avg:241.59ms
step:941/1695 train_loss:3.5359 train_time:227350ms step_avg:241.60ms
step:942/1695 train_loss:3.6869 train_time:227601ms step_avg:241.61ms
step:943/1695 train_loss:3.7038 train_time:227857ms step_avg:241.63ms
step:944/1695 train_loss:3.5923 train_time:228107ms step_avg:241.64ms
step:945/1695 train_loss:3.7601 train_time:228360ms step_avg:241.65ms
step:946/1695 train_loss:3.5059 train_time:228612ms step_avg:241.66ms
step:947/1695 train_loss:4.4945 train_time:228869ms step_avg:241.68ms
step:948/1695 train_loss:3.4839 train_time:229120ms step_avg:241.69ms
step:949/1695 train_loss:3.7856 train_time:229375ms step_avg:241.70ms
step:950/1695 train_loss:3.3081 train_time:229631ms step_avg:241.72ms
step:951/1695 train_loss:3.6267 train_time:229883ms step_avg:241.73ms
step:952/1695 train_loss:3.5042 train_time:230135ms step_avg:241.74ms
step:953/1695 train_loss:3.5339 train_time:230385ms step_avg:241.75ms
step:954/1695 train_loss:3.5776 train_time:230636ms step_avg:241.76ms
step:955/1695 train_loss:3.5510 train_time:230891ms step_avg:241.77ms
step:956/1695 train_loss:3.4329 train_time:231142ms step_avg:241.78ms
step:957/1695 train_loss:3.6054 train_time:231397ms step_avg:241.79ms
step:958/1695 train_loss:3.3135 train_time:231649ms step_avg:241.81ms
step:959/1695 train_loss:3.5083 train_time:231901ms step_avg:241.82ms
step:960/1695 train_loss:3.3839 train_time:232153ms step_avg:241.83ms
step:961/1695 train_loss:3.6475 train_time:232406ms step_avg:241.84ms
step:962/1695 train_loss:3.4917 train_time:232661ms step_avg:241.85ms
step:963/1695 train_loss:3.6105 train_time:232914ms step_avg:241.86ms
step:964/1695 train_loss:3.4949 train_time:233170ms step_avg:241.88ms
step:965/1695 train_loss:3.6413 train_time:233422ms step_avg:241.89ms
step:966/1695 train_loss:3.3945 train_time:233671ms step_avg:241.90ms
step:967/1695 train_loss:3.5364 train_time:233925ms step_avg:241.91ms
step:968/1695 train_loss:3.6529 train_time:234183ms step_avg:241.93ms
step:969/1695 train_loss:3.4012 train_time:234436ms step_avg:241.94ms
step:970/1695 train_loss:3.5617 train_time:234686ms step_avg:241.94ms
step:971/1695 train_loss:3.5362 train_time:234937ms step_avg:241.95ms
step:972/1695 train_loss:3.5688 train_time:235189ms step_avg:241.96ms
step:973/1695 train_loss:3.3911 train_time:235441ms step_avg:241.97ms
step:974/1695 train_loss:3.4174 train_time:235694ms step_avg:241.99ms
step:975/1695 train_loss:3.5223 train_time:235943ms step_avg:241.99ms
step:976/1695 train_loss:3.4660 train_time:236198ms step_avg:242.01ms
step:977/1695 train_loss:3.5277 train_time:236448ms step_avg:242.01ms
step:978/1695 train_loss:3.5308 train_time:236702ms step_avg:242.03ms
step:979/1695 train_loss:3.3519 train_time:236952ms step_avg:242.03ms
step:980/1695 train_loss:3.4078 train_time:237251ms step_avg:242.09ms
step:981/1695 train_loss:3.4454 train_time:237503ms step_avg:242.10ms
step:982/1695 train_loss:3.3447 train_time:237754ms step_avg:242.11ms
step:983/1695 train_loss:3.4575 train_time:238008ms step_avg:242.12ms
step:984/1695 train_loss:3.4646 train_time:238260ms step_avg:242.13ms
step:985/1695 train_loss:3.5661 train_time:238512ms step_avg:242.14ms
step:986/1695 train_loss:3.5466 train_time:238766ms step_avg:242.16ms
step:987/1695 train_loss:3.4105 train_time:239019ms step_avg:242.17ms
step:988/1695 train_loss:3.7141 train_time:239272ms step_avg:242.18ms
step:989/1695 train_loss:3.4744 train_time:239521ms step_avg:242.19ms
step:990/1695 train_loss:3.3776 train_time:239774ms step_avg:242.20ms
step:991/1695 train_loss:3.5944 train_time:240026ms step_avg:242.21ms
step:992/1695 train_loss:3.2754 train_time:240279ms step_avg:242.22ms
step:993/1695 train_loss:3.6119 train_time:240532ms step_avg:242.23ms
step:994/1695 train_loss:3.5200 train_time:240783ms step_avg:242.24ms
step:995/1695 train_loss:3.5698 train_time:241035ms step_avg:242.25ms
step:996/1695 train_loss:3.3789 train_time:241292ms step_avg:242.26ms
step:997/1695 train_loss:3.4962 train_time:241543ms step_avg:242.27ms
step:998/1695 train_loss:3.5034 train_time:241795ms step_avg:242.28ms
step:999/1695 train_loss:3.4613 train_time:242047ms step_avg:242.29ms
step:1000/1695 train_loss:3.5266 train_time:242305ms step_avg:242.30ms
step:1000/1695 val_loss:3.4857 train_time:242311ms step_avg:242.31ms
step:1001/1695 train_loss:3.6003 train_time:242559ms step_avg:242.32ms
step:1002/1695 train_loss:3.4285 train_time:242813ms step_avg:242.33ms
step:1003/1695 train_loss:3.5878 train_time:243065ms step_avg:242.34ms
step:1004/1695 train_loss:3.3523 train_time:243319ms step_avg:242.35ms
step:1005/1695 train_loss:3.5968 train_time:243570ms step_avg:242.36ms
step:1006/1695 train_loss:3.4933 train_time:243822ms step_avg:242.37ms
step:1007/1695 train_loss:3.5801 train_time:244075ms step_avg:242.38ms
step:1008/1695 train_loss:3.4620 train_time:244328ms step_avg:242.39ms
step:1009/1695 train_loss:3.4744 train_time:244579ms step_avg:242.40ms
step:1010/1695 train_loss:3.4409 train_time:244833ms step_avg:242.41ms
step:1011/1695 train_loss:3.4883 train_time:245084ms step_avg:242.42ms
step:1012/1695 train_loss:3.3584 train_time:245343ms step_avg:242.43ms
step:1013/1695 train_loss:3.5524 train_time:245595ms step_avg:242.44ms
step:1014/1695 train_loss:3.5222 train_time:245849ms step_avg:242.45ms
step:1015/1695 train_loss:3.3973 train_time:246102ms step_avg:242.46ms
step:1016/1695 train_loss:3.4707 train_time:246356ms step_avg:242.48ms
step:1017/1695 train_loss:3.4727 train_time:246611ms step_avg:242.49ms
step:1018/1695 train_loss:3.4648 train_time:246864ms step_avg:242.50ms
step:1019/1695 train_loss:3.7994 train_time:247115ms step_avg:242.51ms
step:1020/1695 train_loss:3.4666 train_time:247370ms step_avg:242.52ms
step:1021/1695 train_loss:3.5256 train_time:247622ms step_avg:242.53ms
step:1022/1695 train_loss:3.6096 train_time:247876ms step_avg:242.54ms
step:1023/1695 train_loss:3.5341 train_time:248129ms step_avg:242.55ms
step:1024/1695 train_loss:3.6434 train_time:248389ms step_avg:242.57ms
step:1025/1695 train_loss:3.4432 train_time:248644ms step_avg:242.58ms
step:1026/1695 train_loss:3.4404 train_time:248897ms step_avg:242.59ms
step:1027/1695 train_loss:3.1636 train_time:249152ms step_avg:242.60ms
step:1028/1695 train_loss:3.4164 train_time:249401ms step_avg:242.61ms
step:1029/1695 train_loss:3.4869 train_time:249659ms step_avg:242.62ms
step:1030/1695 train_loss:3.3081 train_time:249913ms step_avg:242.63ms
step:1031/1695 train_loss:3.5645 train_time:250168ms step_avg:242.65ms
step:1032/1695 train_loss:3.5718 train_time:250421ms step_avg:242.66ms
step:1033/1695 train_loss:3.3098 train_time:250677ms step_avg:242.67ms
step:1034/1695 train_loss:3.4938 train_time:250926ms step_avg:242.67ms
step:1035/1695 train_loss:3.5346 train_time:251177ms step_avg:242.68ms
step:1036/1695 train_loss:3.5546 train_time:251428ms step_avg:242.69ms
step:1037/1695 train_loss:3.5280 train_time:251682ms step_avg:242.70ms
step:1038/1695 train_loss:3.3718 train_time:251937ms step_avg:242.71ms
step:1039/1695 train_loss:3.7341 train_time:252193ms step_avg:242.73ms
step:1040/1695 train_loss:3.4833 train_time:252445ms step_avg:242.74ms
step:1041/1695 train_loss:3.5295 train_time:252694ms step_avg:242.74ms
step:1042/1695 train_loss:3.5028 train_time:252949ms step_avg:242.75ms
step:1043/1695 train_loss:3.5122 train_time:253201ms step_avg:242.76ms
step:1044/1695 train_loss:3.6190 train_time:253454ms step_avg:242.77ms
step:1045/1695 train_loss:3.5005 train_time:253704ms step_avg:242.78ms
step:1046/1695 train_loss:3.4832 train_time:253960ms step_avg:242.79ms
step:1047/1695 train_loss:3.6499 train_time:254212ms step_avg:242.80ms
step:1048/1695 train_loss:3.3418 train_time:254464ms step_avg:242.81ms
step:1049/1695 train_loss:3.4002 train_time:254718ms step_avg:242.82ms
step:1050/1695 train_loss:3.3812 train_time:254972ms step_avg:242.83ms
step:1051/1695 train_loss:3.6489 train_time:255226ms step_avg:242.84ms
step:1052/1695 train_loss:3.4698 train_time:255478ms step_avg:242.85ms
step:1053/1695 train_loss:3.4829 train_time:255731ms step_avg:242.86ms
step:1054/1695 train_loss:3.5295 train_time:255982ms step_avg:242.87ms
step:1055/1695 train_loss:3.7892 train_time:256236ms step_avg:242.88ms
step:1056/1695 train_loss:3.4510 train_time:256492ms step_avg:242.89ms
step:1057/1695 train_loss:3.4376 train_time:256742ms step_avg:242.90ms
step:1058/1695 train_loss:3.5243 train_time:256998ms step_avg:242.91ms
step:1059/1695 train_loss:3.4691 train_time:257253ms step_avg:242.92ms
step:1060/1695 train_loss:3.4116 train_time:257506ms step_avg:242.93ms
step:1061/1695 train_loss:3.3135 train_time:257756ms step_avg:242.94ms
step:1062/1695 train_loss:3.4384 train_time:258011ms step_avg:242.95ms
step:1063/1695 train_loss:3.3896 train_time:258261ms step_avg:242.95ms
step:1064/1695 train_loss:3.5579 train_time:258517ms step_avg:242.97ms
step:1065/1695 train_loss:3.3434 train_time:258768ms step_avg:242.97ms
step:1066/1695 train_loss:3.4438 train_time:259022ms step_avg:242.98ms
step:1067/1695 train_loss:3.4501 train_time:259276ms step_avg:242.99ms
step:1068/1695 train_loss:3.4523 train_time:259530ms step_avg:243.01ms
step:1069/1695 train_loss:3.4771 train_time:259780ms step_avg:243.01ms
step:1070/1695 train_loss:3.4555 train_time:260035ms step_avg:243.02ms
step:1071/1695 train_loss:3.6448 train_time:260287ms step_avg:243.03ms
step:1072/1695 train_loss:3.4331 train_time:260547ms step_avg:243.05ms
step:1073/1695 train_loss:3.5920 train_time:260799ms step_avg:243.06ms
step:1074/1695 train_loss:3.4834 train_time:261054ms step_avg:243.07ms
step:1075/1695 train_loss:3.5581 train_time:261305ms step_avg:243.07ms
step:1076/1695 train_loss:3.4558 train_time:261555ms step_avg:243.08ms
step:1077/1695 train_loss:3.6109 train_time:261810ms step_avg:243.09ms
step:1078/1695 train_loss:3.4161 train_time:262062ms step_avg:243.10ms
step:1079/1695 train_loss:3.5861 train_time:262316ms step_avg:243.11ms
step:1080/1695 train_loss:3.4375 train_time:262567ms step_avg:243.12ms
step:1081/1695 train_loss:3.3951 train_time:262819ms step_avg:243.13ms
step:1082/1695 train_loss:3.3846 train_time:263074ms step_avg:243.14ms
step:1083/1695 train_loss:3.3249 train_time:263325ms step_avg:243.14ms
step:1084/1695 train_loss:3.5086 train_time:263580ms step_avg:243.15ms
step:1085/1695 train_loss:3.5682 train_time:263830ms step_avg:243.16ms
step:1086/1695 train_loss:3.4570 train_time:264084ms step_avg:243.17ms
step:1087/1695 train_loss:3.7018 train_time:264334ms step_avg:243.18ms
step:1088/1695 train_loss:3.5365 train_time:264588ms step_avg:243.19ms
step:1089/1695 train_loss:3.3411 train_time:264842ms step_avg:243.20ms
step:1090/1695 train_loss:3.4608 train_time:265095ms step_avg:243.21ms
step:1091/1695 train_loss:3.3679 train_time:265345ms step_avg:243.21ms
step:1092/1695 train_loss:3.3597 train_time:265600ms step_avg:243.22ms
step:1093/1695 train_loss:3.6242 train_time:265856ms step_avg:243.23ms
step:1094/1695 train_loss:3.4162 train_time:266106ms step_avg:243.24ms
step:1095/1695 train_loss:3.5095 train_time:266358ms step_avg:243.25ms
step:1096/1695 train_loss:3.3290 train_time:266617ms step_avg:243.26ms
step:1097/1695 train_loss:3.4566 train_time:266865ms step_avg:243.27ms
step:1098/1695 train_loss:3.5193 train_time:267122ms step_avg:243.28ms
step:1099/1695 train_loss:3.7051 train_time:267374ms step_avg:243.29ms
step:1100/1695 train_loss:3.5774 train_time:267624ms step_avg:243.29ms
step:1101/1695 train_loss:3.5032 train_time:267876ms step_avg:243.30ms
step:1102/1695 train_loss:3.5409 train_time:268129ms step_avg:243.31ms
step:1103/1695 train_loss:3.4308 train_time:268381ms step_avg:243.32ms
step:1104/1695 train_loss:3.5384 train_time:268633ms step_avg:243.33ms
step:1105/1695 train_loss:3.1625 train_time:268890ms step_avg:243.34ms
step:1106/1695 train_loss:3.4022 train_time:269139ms step_avg:243.34ms
step:1107/1695 train_loss:3.4324 train_time:269397ms step_avg:243.36ms
step:1108/1695 train_loss:3.5595 train_time:269647ms step_avg:243.36ms
step:1109/1695 train_loss:3.3227 train_time:269897ms step_avg:243.37ms
step:1110/1695 train_loss:3.2357 train_time:270151ms step_avg:243.38ms
step:1111/1695 train_loss:3.5773 train_time:270405ms step_avg:243.39ms
step:1112/1695 train_loss:3.4011 train_time:270656ms step_avg:243.40ms
step:1113/1695 train_loss:3.4918 train_time:270909ms step_avg:243.40ms
step:1114/1695 train_loss:3.4502 train_time:271163ms step_avg:243.41ms
step:1115/1695 train_loss:3.4154 train_time:271418ms step_avg:243.42ms
step:1116/1695 train_loss:3.5665 train_time:271674ms step_avg:243.44ms
step:1117/1695 train_loss:3.4018 train_time:271926ms step_avg:243.44ms
step:1118/1695 train_loss:3.4141 train_time:272180ms step_avg:243.45ms
step:1119/1695 train_loss:3.4858 train_time:272433ms step_avg:243.46ms
step:1120/1695 train_loss:3.5900 train_time:272690ms step_avg:243.47ms
step:1121/1695 train_loss:3.5556 train_time:272951ms step_avg:243.49ms
step:1122/1695 train_loss:3.4623 train_time:273205ms step_avg:243.50ms
step:1123/1695 train_loss:3.2523 train_time:273457ms step_avg:243.51ms
step:1124/1695 train_loss:3.2814 train_time:273717ms step_avg:243.52ms
step:1125/1695 train_loss:3.5192 train_time:273968ms step_avg:243.53ms
step:1125/1695 val_loss:3.4343 train_time:273974ms step_avg:243.53ms
step:1126/1695 train_loss:3.3197 train_time:274225ms step_avg:243.54ms
step:1127/1695 train_loss:3.4963 train_time:274477ms step_avg:243.55ms
step:1128/1695 train_loss:3.5338 train_time:274727ms step_avg:243.55ms
step:1129/1695 train_loss:3.2284 train_time:274980ms step_avg:243.56ms
step:1130/1695 train_loss:4.0120 train_time:275236ms step_avg:243.57ms
step:1131/1695 train_loss:3.3668 train_time:275487ms step_avg:243.58ms
step:1132/1695 train_loss:3.3331 train_time:275747ms step_avg:243.59ms
step:1133/1695 train_loss:3.4114 train_time:276004ms step_avg:243.60ms
step:1134/1695 train_loss:3.6984 train_time:276263ms step_avg:243.62ms
step:1135/1695 train_loss:3.4533 train_time:276519ms step_avg:243.63ms
step:1136/1695 train_loss:3.4263 train_time:276773ms step_avg:243.64ms
step:1137/1695 train_loss:3.4167 train_time:277029ms step_avg:243.65ms
step:1138/1695 train_loss:3.6927 train_time:277284ms step_avg:243.66ms
step:1139/1695 train_loss:3.0978 train_time:277544ms step_avg:243.67ms
step:1140/1695 train_loss:3.4656 train_time:277803ms step_avg:243.69ms
step:1141/1695 train_loss:3.4852 train_time:278061ms step_avg:243.70ms
step:1142/1695 train_loss:3.4565 train_time:278315ms step_avg:243.71ms
step:1143/1695 train_loss:3.6206 train_time:278573ms step_avg:243.72ms
step:1144/1695 train_loss:3.3362 train_time:278828ms step_avg:243.73ms
step:1145/1695 train_loss:3.3673 train_time:279084ms step_avg:243.74ms
step:1146/1695 train_loss:3.5252 train_time:279339ms step_avg:243.75ms
step:1147/1695 train_loss:3.3350 train_time:279594ms step_avg:243.76ms
step:1148/1695 train_loss:3.3009 train_time:279852ms step_avg:243.77ms
step:1149/1695 train_loss:3.3743 train_time:280108ms step_avg:243.78ms
step:1150/1695 train_loss:3.2829 train_time:280367ms step_avg:243.80ms
step:1151/1695 train_loss:3.3302 train_time:280623ms step_avg:243.81ms
step:1152/1695 train_loss:3.4470 train_time:280882ms step_avg:243.82ms
step:1153/1695 train_loss:3.6130 train_time:281137ms step_avg:243.83ms
step:1154/1695 train_loss:3.3677 train_time:281392ms step_avg:243.84ms
step:1155/1695 train_loss:3.4029 train_time:281648ms step_avg:243.85ms
step:1156/1695 train_loss:3.4022 train_time:281910ms step_avg:243.87ms
step:1157/1695 train_loss:3.5924 train_time:282163ms step_avg:243.88ms
step:1158/1695 train_loss:3.3445 train_time:282424ms step_avg:243.89ms
step:1159/1695 train_loss:3.5662 train_time:282678ms step_avg:243.90ms
step:1160/1695 train_loss:3.3173 train_time:282935ms step_avg:243.91ms
step:1161/1695 train_loss:3.5412 train_time:283192ms step_avg:243.92ms
step:1162/1695 train_loss:3.4445 train_time:283447ms step_avg:243.93ms
step:1163/1695 train_loss:3.5939 train_time:283714ms step_avg:243.95ms
step:1164/1695 train_loss:3.3233 train_time:283974ms step_avg:243.96ms
step:1165/1695 train_loss:3.2952 train_time:284229ms step_avg:243.97ms
step:1166/1695 train_loss:3.4205 train_time:284485ms step_avg:243.98ms
step:1167/1695 train_loss:3.7670 train_time:284747ms step_avg:244.00ms
step:1168/1695 train_loss:3.4275 train_time:285003ms step_avg:244.01ms
step:1169/1695 train_loss:3.4867 train_time:285263ms step_avg:244.02ms
step:1170/1695 train_loss:3.5110 train_time:285514ms step_avg:244.03ms
step:1171/1695 train_loss:3.3708 train_time:285770ms step_avg:244.04ms
step:1172/1695 train_loss:3.4445 train_time:286034ms step_avg:244.06ms
step:1173/1695 train_loss:3.3637 train_time:286292ms step_avg:244.07ms
step:1174/1695 train_loss:3.3089 train_time:286550ms step_avg:244.08ms
step:1175/1695 train_loss:3.3670 train_time:286807ms step_avg:244.09ms
step:1176/1695 train_loss:3.3357 train_time:287063ms step_avg:244.10ms
step:1177/1695 train_loss:3.3939 train_time:287321ms step_avg:244.11ms
step:1178/1695 train_loss:3.4799 train_time:287582ms step_avg:244.13ms
step:1179/1695 train_loss:3.5088 train_time:287845ms step_avg:244.14ms
step:1180/1695 train_loss:3.6135 train_time:288108ms step_avg:244.16ms
step:1181/1695 train_loss:3.3502 train_time:288360ms step_avg:244.17ms
step:1182/1695 train_loss:3.3609 train_time:288618ms step_avg:244.18ms
step:1183/1695 train_loss:5.1117 train_time:288883ms step_avg:244.20ms
step:1184/1695 train_loss:3.3034 train_time:289142ms step_avg:244.21ms
step:1185/1695 train_loss:3.5501 train_time:289394ms step_avg:244.21ms
step:1186/1695 train_loss:3.4054 train_time:289654ms step_avg:244.23ms
step:1187/1695 train_loss:3.4795 train_time:289904ms step_avg:244.23ms
step:1188/1695 train_loss:3.5446 train_time:290165ms step_avg:244.25ms
step:1189/1695 train_loss:3.4214 train_time:290421ms step_avg:244.26ms
step:1190/1695 train_loss:3.1906 train_time:290681ms step_avg:244.27ms
step:1191/1695 train_loss:3.3232 train_time:290932ms step_avg:244.28ms
step:1192/1695 train_loss:3.5200 train_time:291193ms step_avg:244.29ms
step:1193/1695 train_loss:3.2497 train_time:291449ms step_avg:244.30ms
step:1194/1695 train_loss:3.5931 train_time:291703ms step_avg:244.31ms
step:1195/1695 train_loss:3.2759 train_time:291961ms step_avg:244.32ms
step:1196/1695 train_loss:3.5299 train_time:292215ms step_avg:244.33ms
step:1197/1695 train_loss:3.3696 train_time:292477ms step_avg:244.34ms
step:1198/1695 train_loss:3.3841 train_time:292730ms step_avg:244.35ms
step:1199/1695 train_loss:3.2561 train_time:292989ms step_avg:244.36ms
step:1200/1695 train_loss:3.4773 train_time:293243ms step_avg:244.37ms
step:1201/1695 train_loss:3.5397 train_time:293501ms step_avg:244.38ms
step:1202/1695 train_loss:3.5223 train_time:293758ms step_avg:244.39ms
step:1203/1695 train_loss:3.4235 train_time:294018ms step_avg:244.40ms
step:1204/1695 train_loss:3.6215 train_time:294271ms step_avg:244.41ms
step:1205/1695 train_loss:3.4765 train_time:294528ms step_avg:244.42ms
step:1206/1695 train_loss:3.4650 train_time:294784ms step_avg:244.43ms
step:1207/1695 train_loss:3.3960 train_time:295045ms step_avg:244.44ms
step:1208/1695 train_loss:3.2019 train_time:295301ms step_avg:244.45ms
step:1209/1695 train_loss:3.3563 train_time:295559ms step_avg:244.47ms
step:1210/1695 train_loss:3.5506 train_time:295818ms step_avg:244.48ms
step:1211/1695 train_loss:3.4760 train_time:296072ms step_avg:244.49ms
step:1212/1695 train_loss:3.4211 train_time:296328ms step_avg:244.49ms
step:1213/1695 train_loss:3.3659 train_time:296583ms step_avg:244.50ms
step:1214/1695 train_loss:3.3850 train_time:296839ms step_avg:244.51ms
step:1215/1695 train_loss:3.5792 train_time:297095ms step_avg:244.52ms
step:1216/1695 train_loss:3.6824 train_time:297363ms step_avg:244.54ms
step:1217/1695 train_loss:3.7285 train_time:297621ms step_avg:244.55ms
step:1218/1695 train_loss:3.4017 train_time:297874ms step_avg:244.56ms
step:1219/1695 train_loss:4.8080 train_time:298136ms step_avg:244.57ms
step:1220/1695 train_loss:3.3833 train_time:298390ms step_avg:244.58ms
step:1221/1695 train_loss:3.7581 train_time:298648ms step_avg:244.59ms
step:1222/1695 train_loss:3.3689 train_time:298905ms step_avg:244.60ms
step:1223/1695 train_loss:3.2708 train_time:299161ms step_avg:244.61ms
step:1224/1695 train_loss:3.6895 train_time:299422ms step_avg:244.63ms
step:1225/1695 train_loss:3.3482 train_time:299721ms step_avg:244.67ms
step:1226/1695 train_loss:3.4670 train_time:299973ms step_avg:244.68ms
step:1227/1695 train_loss:3.2911 train_time:300232ms step_avg:244.69ms
step:1228/1695 train_loss:3.3550 train_time:300487ms step_avg:244.70ms
step:1229/1695 train_loss:3.3652 train_time:300744ms step_avg:244.71ms
step:1230/1695 train_loss:3.4170 train_time:300997ms step_avg:244.71ms
step:1231/1695 train_loss:3.5760 train_time:301262ms step_avg:244.73ms
step:1232/1695 train_loss:3.2383 train_time:301515ms step_avg:244.74ms
step:1233/1695 train_loss:3.3786 train_time:301770ms step_avg:244.74ms
step:1234/1695 train_loss:3.4662 train_time:302033ms step_avg:244.76ms
step:1235/1695 train_loss:3.1846 train_time:302293ms step_avg:244.77ms
step:1236/1695 train_loss:3.5301 train_time:302550ms step_avg:244.78ms
step:1237/1695 train_loss:3.5610 train_time:302808ms step_avg:244.79ms
step:1238/1695 train_loss:3.4144 train_time:303066ms step_avg:244.80ms
step:1239/1695 train_loss:3.4819 train_time:303325ms step_avg:244.81ms
step:1240/1695 train_loss:3.3856 train_time:303578ms step_avg:244.82ms
step:1241/1695 train_loss:3.3662 train_time:303844ms step_avg:244.84ms
step:1242/1695 train_loss:3.4005 train_time:304106ms step_avg:244.85ms
step:1243/1695 train_loss:3.3570 train_time:304359ms step_avg:244.86ms
step:1244/1695 train_loss:3.4501 train_time:304614ms step_avg:244.87ms
step:1245/1695 train_loss:3.3840 train_time:304870ms step_avg:244.88ms
step:1246/1695 train_loss:3.5130 train_time:305128ms step_avg:244.89ms
step:1247/1695 train_loss:3.5069 train_time:305387ms step_avg:244.90ms
step:1248/1695 train_loss:3.3185 train_time:305646ms step_avg:244.91ms
step:1249/1695 train_loss:3.3826 train_time:305903ms step_avg:244.92ms
step:1250/1695 train_loss:3.2819 train_time:306160ms step_avg:244.93ms
step:1250/1695 val_loss:3.3896 train_time:306167ms step_avg:244.93ms
step:1251/1695 train_loss:3.4840 train_time:306421ms step_avg:244.94ms
step:1252/1695 train_loss:3.3172 train_time:306677ms step_avg:244.95ms
step:1253/1695 train_loss:3.5724 train_time:306936ms step_avg:244.96ms
step:1254/1695 train_loss:3.4084 train_time:307191ms step_avg:244.97ms
step:1255/1695 train_loss:3.2681 train_time:307447ms step_avg:244.98ms
step:1256/1695 train_loss:3.3739 train_time:307705ms step_avg:244.99ms
step:1257/1695 train_loss:3.8940 train_time:307963ms step_avg:245.00ms
step:1258/1695 train_loss:3.4175 train_time:308220ms step_avg:245.01ms
step:1259/1695 train_loss:3.3776 train_time:308473ms step_avg:245.01ms
step:1260/1695 train_loss:3.3598 train_time:308734ms step_avg:245.03ms
step:1261/1695 train_loss:3.2730 train_time:308988ms step_avg:245.03ms
step:1262/1695 train_loss:3.6089 train_time:309246ms step_avg:245.04ms
step:1263/1695 train_loss:3.3834 train_time:309502ms step_avg:245.05ms
step:1264/1695 train_loss:3.5284 train_time:309755ms step_avg:245.06ms
step:1265/1695 train_loss:3.4815 train_time:310013ms step_avg:245.07ms
step:1266/1695 train_loss:3.5379 train_time:310265ms step_avg:245.08ms
step:1267/1695 train_loss:3.4398 train_time:310525ms step_avg:245.09ms
step:1268/1695 train_loss:3.4661 train_time:310783ms step_avg:245.10ms
step:1269/1695 train_loss:3.3184 train_time:311040ms step_avg:245.11ms
step:1270/1695 train_loss:3.2922 train_time:311291ms step_avg:245.11ms
step:1271/1695 train_loss:3.4009 train_time:311555ms step_avg:245.13ms
step:1272/1695 train_loss:3.5257 train_time:311811ms step_avg:245.13ms
step:1273/1695 train_loss:3.3825 train_time:312065ms step_avg:245.14ms
step:1274/1695 train_loss:3.2497 train_time:312324ms step_avg:245.15ms
step:1275/1695 train_loss:3.5652 train_time:312577ms step_avg:245.16ms
step:1276/1695 train_loss:3.3873 train_time:312840ms step_avg:245.17ms
step:1277/1695 train_loss:3.5028 train_time:313095ms step_avg:245.18ms
step:1278/1695 train_loss:3.2174 train_time:313360ms step_avg:245.20ms
step:1279/1695 train_loss:3.4105 train_time:313613ms step_avg:245.20ms
step:1280/1695 train_loss:3.3048 train_time:313874ms step_avg:245.21ms
step:1281/1695 train_loss:3.3696 train_time:314131ms step_avg:245.22ms
step:1282/1695 train_loss:3.2823 train_time:314389ms step_avg:245.23ms
step:1283/1695 train_loss:3.6219 train_time:314645ms step_avg:245.24ms
step:1284/1695 train_loss:3.3764 train_time:314900ms step_avg:245.25ms
step:1285/1695 train_loss:3.4114 train_time:315156ms step_avg:245.26ms
step:1286/1695 train_loss:3.4815 train_time:315409ms step_avg:245.26ms
step:1287/1695 train_loss:3.3173 train_time:315669ms step_avg:245.27ms
step:1288/1695 train_loss:3.3077 train_time:315924ms step_avg:245.28ms
step:1289/1695 train_loss:3.4645 train_time:316182ms step_avg:245.29ms
step:1290/1695 train_loss:3.4866 train_time:316441ms step_avg:245.30ms
step:1291/1695 train_loss:3.3661 train_time:316697ms step_avg:245.31ms
step:1292/1695 train_loss:3.4067 train_time:316958ms step_avg:245.32ms
step:1293/1695 train_loss:3.4806 train_time:317220ms step_avg:245.34ms
step:1294/1695 train_loss:3.3038 train_time:317480ms step_avg:245.35ms
step:1295/1695 train_loss:3.4353 train_time:317740ms step_avg:245.36ms
step:1296/1695 train_loss:3.5324 train_time:317996ms step_avg:245.37ms
step:1297/1695 train_loss:3.4645 train_time:318251ms step_avg:245.37ms
step:1298/1695 train_loss:3.3484 train_time:318509ms step_avg:245.38ms
step:1299/1695 train_loss:3.3674 train_time:318764ms step_avg:245.39ms
step:1300/1695 train_loss:3.3761 train_time:319023ms step_avg:245.40ms
step:1301/1695 train_loss:3.4723 train_time:319284ms step_avg:245.41ms
step:1302/1695 train_loss:3.4207 train_time:319538ms step_avg:245.42ms
step:1303/1695 train_loss:3.2947 train_time:319794ms step_avg:245.43ms
step:1304/1695 train_loss:3.3349 train_time:320057ms step_avg:245.44ms
step:1305/1695 train_loss:3.3848 train_time:320309ms step_avg:245.45ms
step:1306/1695 train_loss:3.3291 train_time:320565ms step_avg:245.46ms
step:1307/1695 train_loss:3.5295 train_time:320822ms step_avg:245.46ms
step:1308/1695 train_loss:3.6506 train_time:321076ms step_avg:245.47ms
step:1309/1695 train_loss:3.3189 train_time:321337ms step_avg:245.48ms
step:1310/1695 train_loss:3.3546 train_time:321596ms step_avg:245.49ms
step:1311/1695 train_loss:3.2875 train_time:321857ms step_avg:245.51ms
step:1312/1695 train_loss:3.5339 train_time:322116ms step_avg:245.51ms
step:1313/1695 train_loss:3.4109 train_time:322373ms step_avg:245.52ms
step:1314/1695 train_loss:3.3325 train_time:322629ms step_avg:245.53ms
step:1315/1695 train_loss:3.4741 train_time:322883ms step_avg:245.54ms
step:1316/1695 train_loss:3.4390 train_time:323142ms step_avg:245.55ms
step:1317/1695 train_loss:3.3747 train_time:323394ms step_avg:245.55ms
step:1318/1695 train_loss:3.3800 train_time:323652ms step_avg:245.56ms
step:1319/1695 train_loss:3.3853 train_time:323912ms step_avg:245.57ms
step:1320/1695 train_loss:3.1319 train_time:324175ms step_avg:245.59ms
step:1321/1695 train_loss:3.2297 train_time:324434ms step_avg:245.60ms
step:1322/1695 train_loss:3.2870 train_time:324696ms step_avg:245.61ms
step:1323/1695 train_loss:3.3810 train_time:324949ms step_avg:245.62ms
step:1324/1695 train_loss:3.3960 train_time:325206ms step_avg:245.62ms
step:1325/1695 train_loss:3.2709 train_time:325474ms step_avg:245.64ms
step:1326/1695 train_loss:3.6882 train_time:325735ms step_avg:245.65ms
step:1327/1695 train_loss:3.4996 train_time:325990ms step_avg:245.66ms
step:1328/1695 train_loss:3.4122 train_time:326247ms step_avg:245.67ms
step:1329/1695 train_loss:3.5119 train_time:326502ms step_avg:245.67ms
step:1330/1695 train_loss:3.3517 train_time:326758ms step_avg:245.68ms
step:1331/1695 train_loss:3.3794 train_time:327016ms step_avg:245.69ms
step:1332/1695 train_loss:3.2188 train_time:327271ms step_avg:245.70ms
step:1333/1695 train_loss:3.6920 train_time:327535ms step_avg:245.71ms
step:1334/1695 train_loss:3.3854 train_time:327788ms step_avg:245.72ms
step:1335/1695 train_loss:3.4590 train_time:328051ms step_avg:245.73ms
step:1336/1695 train_loss:3.4460 train_time:328306ms step_avg:245.74ms
step:1337/1695 train_loss:3.3022 train_time:328563ms step_avg:245.75ms
step:1338/1695 train_loss:3.4480 train_time:328819ms step_avg:245.75ms
step:1339/1695 train_loss:3.4339 train_time:329076ms step_avg:245.76ms
step:1340/1695 train_loss:3.5149 train_time:329333ms step_avg:245.77ms
step:1341/1695 train_loss:3.2974 train_time:329593ms step_avg:245.78ms
step:1342/1695 train_loss:3.1158 train_time:329852ms step_avg:245.79ms
step:1343/1695 train_loss:3.4634 train_time:330104ms step_avg:245.80ms
step:1344/1695 train_loss:3.4311 train_time:330371ms step_avg:245.81ms
step:1345/1695 train_loss:3.4136 train_time:330626ms step_avg:245.82ms
step:1346/1695 train_loss:3.3891 train_time:330892ms step_avg:245.83ms
step:1347/1695 train_loss:3.2797 train_time:331148ms step_avg:245.84ms
step:1348/1695 train_loss:3.4476 train_time:331405ms step_avg:245.85ms
step:1349/1695 train_loss:3.5008 train_time:331661ms step_avg:245.86ms
step:1350/1695 train_loss:3.4022 train_time:331921ms step_avg:245.87ms
step:1351/1695 train_loss:3.3300 train_time:332176ms step_avg:245.87ms
step:1352/1695 train_loss:3.3345 train_time:332437ms step_avg:245.89ms
step:1353/1695 train_loss:3.3605 train_time:332690ms step_avg:245.89ms
step:1354/1695 train_loss:3.3461 train_time:332945ms step_avg:245.90ms
step:1355/1695 train_loss:3.3083 train_time:333203ms step_avg:245.91ms
step:1356/1695 train_loss:3.2726 train_time:333460ms step_avg:245.91ms
step:1357/1695 train_loss:3.3152 train_time:333712ms step_avg:245.92ms
step:1358/1695 train_loss:3.3566 train_time:333967ms step_avg:245.93ms
step:1359/1695 train_loss:3.1502 train_time:334230ms step_avg:245.94ms
step:1360/1695 train_loss:3.5379 train_time:334486ms step_avg:245.95ms
step:1361/1695 train_loss:3.4070 train_time:334740ms step_avg:245.95ms
step:1362/1695 train_loss:3.2037 train_time:334995ms step_avg:245.96ms
step:1363/1695 train_loss:3.2238 train_time:335261ms step_avg:245.97ms
step:1364/1695 train_loss:3.2488 train_time:335520ms step_avg:245.98ms
step:1365/1695 train_loss:3.5414 train_time:335777ms step_avg:245.99ms
step:1366/1695 train_loss:3.2619 train_time:336035ms step_avg:246.00ms
step:1367/1695 train_loss:3.4901 train_time:336286ms step_avg:246.00ms
step:1368/1695 train_loss:3.3498 train_time:336548ms step_avg:246.01ms
step:1369/1695 train_loss:3.3497 train_time:336803ms step_avg:246.02ms
step:1370/1695 train_loss:3.4065 train_time:337058ms step_avg:246.03ms
step:1371/1695 train_loss:3.2699 train_time:337314ms step_avg:246.04ms
step:1372/1695 train_loss:3.3886 train_time:337572ms step_avg:246.04ms
step:1373/1695 train_loss:3.2822 train_time:337829ms step_avg:246.05ms
step:1374/1695 train_loss:3.3060 train_time:338090ms step_avg:246.06ms
step:1375/1695 train_loss:3.3495 train_time:338347ms step_avg:246.07ms
step:1375/1695 val_loss:3.3498 train_time:338353ms step_avg:246.08ms
step:1376/1695 train_loss:3.3408 train_time:338607ms step_avg:246.08ms
step:1377/1695 train_loss:3.5610 train_time:338867ms step_avg:246.09ms
step:1378/1695 train_loss:3.3696 train_time:339125ms step_avg:246.10ms
step:1379/1695 train_loss:3.5218 train_time:339379ms step_avg:246.11ms
step:1380/1695 train_loss:3.3882 train_time:339648ms step_avg:246.12ms
step:1381/1695 train_loss:3.3191 train_time:339906ms step_avg:246.13ms
step:1382/1695 train_loss:3.3084 train_time:340161ms step_avg:246.14ms
step:1383/1695 train_loss:3.2100 train_time:340422ms step_avg:246.15ms
step:1384/1695 train_loss:3.5540 train_time:340684ms step_avg:246.16ms
step:1385/1695 train_loss:3.2898 train_time:340939ms step_avg:246.17ms
step:1386/1695 train_loss:3.3987 train_time:341196ms step_avg:246.17ms
step:1387/1695 train_loss:3.3453 train_time:341460ms step_avg:246.19ms
step:1388/1695 train_loss:3.3360 train_time:341719ms step_avg:246.20ms
step:1389/1695 train_loss:3.4094 train_time:341978ms step_avg:246.20ms
step:1390/1695 train_loss:3.3043 train_time:342235ms step_avg:246.21ms
step:1391/1695 train_loss:3.4185 train_time:342498ms step_avg:246.22ms
step:1392/1695 train_loss:3.4959 train_time:342761ms step_avg:246.24ms
step:1393/1695 train_loss:3.2999 train_time:343027ms step_avg:246.25ms
step:1394/1695 train_loss:3.4591 train_time:343285ms step_avg:246.26ms
step:1395/1695 train_loss:3.2635 train_time:343550ms step_avg:246.27ms
step:1396/1695 train_loss:3.3194 train_time:343810ms step_avg:246.28ms
step:1397/1695 train_loss:3.3036 train_time:344074ms step_avg:246.30ms
step:1398/1695 train_loss:3.3465 train_time:344335ms step_avg:246.31ms
step:1399/1695 train_loss:3.4184 train_time:344602ms step_avg:246.32ms
step:1400/1695 train_loss:3.4050 train_time:344860ms step_avg:246.33ms
step:1401/1695 train_loss:3.3714 train_time:345122ms step_avg:246.34ms
step:1402/1695 train_loss:3.3529 train_time:345380ms step_avg:246.35ms
step:1403/1695 train_loss:3.2741 train_time:345642ms step_avg:246.36ms
step:1404/1695 train_loss:3.2716 train_time:345907ms step_avg:246.37ms
step:1405/1695 train_loss:3.3873 train_time:346172ms step_avg:246.39ms
step:1406/1695 train_loss:3.4129 train_time:346429ms step_avg:246.39ms
step:1407/1695 train_loss:3.4131 train_time:346688ms step_avg:246.40ms
step:1408/1695 train_loss:3.3740 train_time:346952ms step_avg:246.41ms
step:1409/1695 train_loss:3.0284 train_time:347221ms step_avg:246.43ms
step:1410/1695 train_loss:3.4847 train_time:347483ms step_avg:246.44ms
step:1411/1695 train_loss:3.2875 train_time:347741ms step_avg:246.45ms
step:1412/1695 train_loss:3.2270 train_time:348008ms step_avg:246.46ms
step:1413/1695 train_loss:3.4087 train_time:348274ms step_avg:246.48ms
step:1414/1695 train_loss:3.4442 train_time:348529ms step_avg:246.48ms
step:1415/1695 train_loss:3.2768 train_time:348792ms step_avg:246.50ms
step:1416/1695 train_loss:3.4622 train_time:349054ms step_avg:246.51ms
step:1417/1695 train_loss:3.2949 train_time:349314ms step_avg:246.52ms
step:1418/1695 train_loss:3.2648 train_time:349572ms step_avg:246.52ms
step:1419/1695 train_loss:3.6037 train_time:349834ms step_avg:246.54ms
step:1420/1695 train_loss:3.3774 train_time:350087ms step_avg:246.54ms
step:1421/1695 train_loss:3.3699 train_time:350353ms step_avg:246.55ms
step:1422/1695 train_loss:3.3288 train_time:350611ms step_avg:246.56ms
step:1423/1695 train_loss:3.4027 train_time:350873ms step_avg:246.57ms
step:1424/1695 train_loss:3.4712 train_time:351139ms step_avg:246.59ms
step:1425/1695 train_loss:3.2902 train_time:351399ms step_avg:246.60ms
step:1426/1695 train_loss:3.2183 train_time:351662ms step_avg:246.61ms
step:1427/1695 train_loss:3.3826 train_time:351921ms step_avg:246.62ms
step:1428/1695 train_loss:3.3655 train_time:352186ms step_avg:246.63ms
step:1429/1695 train_loss:3.2559 train_time:352444ms step_avg:246.64ms
step:1430/1695 train_loss:3.3236 train_time:352710ms step_avg:246.65ms
step:1431/1695 train_loss:3.4360 train_time:352970ms step_avg:246.66ms
step:1432/1695 train_loss:3.4728 train_time:353230ms step_avg:246.67ms
step:1433/1695 train_loss:3.4537 train_time:353485ms step_avg:246.68ms
step:1434/1695 train_loss:3.3381 train_time:353742ms step_avg:246.68ms
step:1435/1695 train_loss:3.3022 train_time:354007ms step_avg:246.69ms
step:1436/1695 train_loss:3.3345 train_time:354264ms step_avg:246.70ms
step:1437/1695 train_loss:3.5397 train_time:354534ms step_avg:246.72ms
step:1438/1695 train_loss:3.2598 train_time:354788ms step_avg:246.72ms
step:1439/1695 train_loss:3.2652 train_time:355059ms step_avg:246.74ms
step:1440/1695 train_loss:3.2762 train_time:355327ms step_avg:246.75ms
step:1441/1695 train_loss:3.4587 train_time:355594ms step_avg:246.77ms
step:1442/1695 train_loss:3.3012 train_time:355851ms step_avg:246.78ms
step:1443/1695 train_loss:3.4821 train_time:356113ms step_avg:246.79ms
step:1444/1695 train_loss:3.4580 train_time:356367ms step_avg:246.79ms
step:1445/1695 train_loss:3.4456 train_time:356631ms step_avg:246.80ms
step:1446/1695 train_loss:3.1800 train_time:356890ms step_avg:246.81ms
step:1447/1695 train_loss:3.4340 train_time:357151ms step_avg:246.82ms
step:1448/1695 train_loss:3.2832 train_time:357421ms step_avg:246.84ms
step:1449/1695 train_loss:3.3756 train_time:357677ms step_avg:246.84ms
step:1450/1695 train_loss:3.4660 train_time:357944ms step_avg:246.86ms
step:1451/1695 train_loss:3.1614 train_time:358207ms step_avg:246.87ms
step:1452/1695 train_loss:3.3533 train_time:358463ms step_avg:246.88ms
step:1453/1695 train_loss:3.3818 train_time:358723ms step_avg:246.88ms
step:1454/1695 train_loss:3.3165 train_time:358997ms step_avg:246.90ms
step:1455/1695 train_loss:3.3489 train_time:359255ms step_avg:246.91ms
step:1456/1695 train_loss:3.3961 train_time:359510ms step_avg:246.92ms
step:1457/1695 train_loss:3.2887 train_time:359773ms step_avg:246.93ms
step:1458/1695 train_loss:3.3565 train_time:360032ms step_avg:246.94ms
step:1459/1695 train_loss:3.3735 train_time:360297ms step_avg:246.95ms
step:1460/1695 train_loss:3.3240 train_time:360555ms step_avg:246.96ms
step:1461/1695 train_loss:3.3565 train_time:360819ms step_avg:246.97ms
step:1462/1695 train_loss:3.1357 train_time:361081ms step_avg:246.98ms
step:1463/1695 train_loss:3.6390 train_time:361341ms step_avg:246.99ms
step:1464/1695 train_loss:3.4079 train_time:361597ms step_avg:246.99ms
step:1465/1695 train_loss:3.2536 train_time:361862ms step_avg:247.00ms
step:1466/1695 train_loss:3.2188 train_time:362120ms step_avg:247.01ms
step:1467/1695 train_loss:3.3117 train_time:362376ms step_avg:247.02ms
step:1468/1695 train_loss:3.1588 train_time:362641ms step_avg:247.03ms
step:1469/1695 train_loss:3.5318 train_time:362944ms step_avg:247.07ms
step:1470/1695 train_loss:3.5234 train_time:363207ms step_avg:247.08ms
step:1471/1695 train_loss:3.3882 train_time:363469ms step_avg:247.09ms
step:1472/1695 train_loss:3.3993 train_time:363722ms step_avg:247.09ms
step:1473/1695 train_loss:3.4518 train_time:363985ms step_avg:247.10ms
step:1474/1695 train_loss:3.3201 train_time:364250ms step_avg:247.12ms
step:1475/1695 train_loss:3.5333 train_time:364506ms step_avg:247.12ms
step:1476/1695 train_loss:3.5027 train_time:364775ms step_avg:247.14ms
step:1477/1695 train_loss:3.2889 train_time:365033ms step_avg:247.14ms
step:1478/1695 train_loss:3.4530 train_time:365300ms step_avg:247.16ms
step:1479/1695 train_loss:3.2686 train_time:365554ms step_avg:247.16ms
step:1480/1695 train_loss:3.3584 train_time:365818ms step_avg:247.17ms
step:1481/1695 train_loss:3.4247 train_time:366084ms step_avg:247.19ms
step:1482/1695 train_loss:3.2797 train_time:366354ms step_avg:247.20ms
step:1483/1695 train_loss:3.2127 train_time:366614ms step_avg:247.21ms
step:1484/1695 train_loss:3.3680 train_time:366874ms step_avg:247.22ms
step:1485/1695 train_loss:3.2334 train_time:367143ms step_avg:247.23ms
step:1486/1695 train_loss:3.1456 train_time:367406ms step_avg:247.24ms
step:1487/1695 train_loss:3.1800 train_time:367667ms step_avg:247.25ms
step:1488/1695 train_loss:3.3837 train_time:367928ms step_avg:247.26ms
step:1489/1695 train_loss:3.2475 train_time:368190ms step_avg:247.27ms
step:1490/1695 train_loss:3.2781 train_time:368455ms step_avg:247.28ms
step:1491/1695 train_loss:3.4004 train_time:368711ms step_avg:247.29ms
step:1492/1695 train_loss:3.3515 train_time:368977ms step_avg:247.30ms
step:1493/1695 train_loss:3.4256 train_time:369239ms step_avg:247.31ms
step:1494/1695 train_loss:3.2633 train_time:369498ms step_avg:247.32ms
step:1495/1695 train_loss:3.3801 train_time:369752ms step_avg:247.33ms
step:1496/1695 train_loss:3.2839 train_time:370017ms step_avg:247.34ms
step:1497/1695 train_loss:3.3934 train_time:370274ms step_avg:247.34ms
step:1498/1695 train_loss:3.3186 train_time:370537ms step_avg:247.35ms
step:1499/1695 train_loss:3.2294 train_time:370797ms step_avg:247.36ms
step:1500/1695 train_loss:3.2401 train_time:371057ms step_avg:247.37ms
step:1500/1695 val_loss:3.3149 train_time:371063ms step_avg:247.38ms
step:1501/1695 train_loss:3.3138 train_time:371317ms step_avg:247.38ms
step:1502/1695 train_loss:3.3180 train_time:371579ms step_avg:247.39ms
step:1503/1695 train_loss:3.5818 train_time:371839ms step_avg:247.40ms
step:1504/1695 train_loss:3.4204 train_time:372097ms step_avg:247.40ms
step:1505/1695 train_loss:3.3487 train_time:372359ms step_avg:247.41ms
step:1506/1695 train_loss:3.3346 train_time:372619ms step_avg:247.42ms
step:1507/1695 train_loss:3.4547 train_time:372880ms step_avg:247.43ms
step:1508/1695 train_loss:3.5748 train_time:373146ms step_avg:247.44ms
step:1509/1695 train_loss:3.2938 train_time:373404ms step_avg:247.45ms
step:1510/1695 train_loss:3.3620 train_time:373668ms step_avg:247.46ms
step:1511/1695 train_loss:3.4485 train_time:373940ms step_avg:247.48ms
step:1512/1695 train_loss:3.2407 train_time:374199ms step_avg:247.49ms
step:1513/1695 train_loss:3.2070 train_time:374464ms step_avg:247.50ms
step:1514/1695 train_loss:3.4133 train_time:374718ms step_avg:247.50ms
step:1515/1695 train_loss:3.2196 train_time:374993ms step_avg:247.52ms
step:1516/1695 train_loss:3.3074 train_time:375252ms step_avg:247.53ms
step:1517/1695 train_loss:3.2899 train_time:375512ms step_avg:247.54ms
step:1518/1695 train_loss:3.5280 train_time:375776ms step_avg:247.55ms
step:1519/1695 train_loss:3.3271 train_time:376048ms step_avg:247.56ms
step:1520/1695 train_loss:3.1660 train_time:376309ms step_avg:247.57ms
step:1521/1695 train_loss:3.1599 train_time:376569ms step_avg:247.58ms
step:1522/1695 train_loss:3.2920 train_time:376828ms step_avg:247.59ms
step:1523/1695 train_loss:3.3112 train_time:377090ms step_avg:247.60ms
step:1524/1695 train_loss:3.3915 train_time:377356ms step_avg:247.61ms
step:1525/1695 train_loss:3.3630 train_time:377627ms step_avg:247.62ms
step:1526/1695 train_loss:3.2932 train_time:377884ms step_avg:247.63ms
step:1527/1695 train_loss:3.1442 train_time:378151ms step_avg:247.64ms
step:1528/1695 train_loss:3.3400 train_time:378429ms step_avg:247.66ms
step:1529/1695 train_loss:3.5152 train_time:378689ms step_avg:247.67ms
step:1530/1695 train_loss:3.3574 train_time:378957ms step_avg:247.68ms
step:1531/1695 train_loss:3.2465 train_time:379213ms step_avg:247.69ms
step:1532/1695 train_loss:3.3369 train_time:379470ms step_avg:247.70ms
step:1533/1695 train_loss:3.4417 train_time:379735ms step_avg:247.71ms
step:1534/1695 train_loss:3.6965 train_time:379996ms step_avg:247.72ms
step:1535/1695 train_loss:3.3110 train_time:380253ms step_avg:247.72ms
step:1536/1695 train_loss:3.3258 train_time:380513ms step_avg:247.73ms
step:1537/1695 train_loss:3.4293 train_time:380778ms step_avg:247.74ms
step:1538/1695 train_loss:3.2073 train_time:381037ms step_avg:247.75ms
step:1539/1695 train_loss:3.2994 train_time:381302ms step_avg:247.76ms
step:1540/1695 train_loss:3.5965 train_time:381572ms step_avg:247.77ms
step:1541/1695 train_loss:4.7731 train_time:381841ms step_avg:247.79ms
step:1542/1695 train_loss:3.2529 train_time:382103ms step_avg:247.80ms
step:1543/1695 train_loss:3.3520 train_time:382362ms step_avg:247.80ms
step:1544/1695 train_loss:3.4535 train_time:382624ms step_avg:247.81ms
step:1545/1695 train_loss:3.2799 train_time:382876ms step_avg:247.82ms
step:1546/1695 train_loss:3.4879 train_time:383142ms step_avg:247.83ms
step:1547/1695 train_loss:3.2140 train_time:383404ms step_avg:247.84ms
step:1548/1695 train_loss:3.4558 train_time:383676ms step_avg:247.85ms
step:1549/1695 train_loss:3.1656 train_time:383931ms step_avg:247.86ms
step:1550/1695 train_loss:3.3979 train_time:384191ms step_avg:247.87ms
step:1551/1695 train_loss:3.2883 train_time:384457ms step_avg:247.88ms
step:1552/1695 train_loss:3.5073 train_time:384731ms step_avg:247.89ms
step:1553/1695 train_loss:3.3383 train_time:384987ms step_avg:247.90ms
step:1554/1695 train_loss:3.5323 train_time:385246ms step_avg:247.91ms
step:1555/1695 train_loss:3.3227 train_time:385506ms step_avg:247.91ms
step:1556/1695 train_loss:3.4279 train_time:385767ms step_avg:247.92ms
step:1557/1695 train_loss:3.3887 train_time:386037ms step_avg:247.94ms
step:1558/1695 train_loss:3.3011 train_time:386299ms step_avg:247.95ms
step:1559/1695 train_loss:3.1409 train_time:386566ms step_avg:247.96ms
step:1560/1695 train_loss:3.3701 train_time:386824ms step_avg:247.96ms
step:1561/1695 train_loss:3.3410 train_time:387081ms step_avg:247.97ms
step:1562/1695 train_loss:3.3861 train_time:387348ms step_avg:247.98ms
step:1563/1695 train_loss:3.4026 train_time:387625ms step_avg:248.00ms
step:1564/1695 train_loss:3.1583 train_time:387880ms step_avg:248.00ms
step:1565/1695 train_loss:3.3053 train_time:388140ms step_avg:248.01ms
step:1566/1695 train_loss:3.3231 train_time:388405ms step_avg:248.02ms
step:1567/1695 train_loss:3.2268 train_time:388663ms step_avg:248.03ms
step:1568/1695 train_loss:3.2900 train_time:388921ms step_avg:248.04ms
step:1569/1695 train_loss:3.1629 train_time:389182ms step_avg:248.04ms
step:1570/1695 train_loss:3.3720 train_time:389446ms step_avg:248.05ms
step:1571/1695 train_loss:3.2895 train_time:389704ms step_avg:248.06ms
step:1572/1695 train_loss:3.2819 train_time:389965ms step_avg:248.07ms
step:1573/1695 train_loss:3.2364 train_time:390225ms step_avg:248.08ms
step:1574/1695 train_loss:3.2158 train_time:390487ms step_avg:248.09ms
step:1575/1695 train_loss:3.3092 train_time:390751ms step_avg:248.10ms
step:1576/1695 train_loss:3.3847 train_time:391022ms step_avg:248.11ms
step:1577/1695 train_loss:3.3578 train_time:391279ms step_avg:248.12ms
step:1578/1695 train_loss:3.2475 train_time:391544ms step_avg:248.13ms
step:1579/1695 train_loss:3.3782 train_time:391800ms step_avg:248.13ms
step:1580/1695 train_loss:3.2887 train_time:392072ms step_avg:248.15ms
step:1581/1695 train_loss:3.4373 train_time:392330ms step_avg:248.15ms
step:1582/1695 train_loss:3.2059 train_time:392586ms step_avg:248.16ms
step:1583/1695 train_loss:3.3876 train_time:392854ms step_avg:248.17ms
step:1584/1695 train_loss:3.2638 train_time:393119ms step_avg:248.18ms
step:1585/1695 train_loss:3.4415 train_time:393382ms step_avg:248.19ms
step:1586/1695 train_loss:3.4883 train_time:393645ms step_avg:248.20ms
step:1587/1695 train_loss:3.1982 train_time:393903ms step_avg:248.21ms
step:1588/1695 train_loss:3.3014 train_time:394169ms step_avg:248.22ms
step:1589/1695 train_loss:3.3014 train_time:394430ms step_avg:248.23ms
step:1590/1695 train_loss:3.2221 train_time:394687ms step_avg:248.23ms
step:1591/1695 train_loss:3.2638 train_time:394952ms step_avg:248.24ms
step:1592/1695 train_loss:3.1980 train_time:395211ms step_avg:248.25ms
step:1593/1695 train_loss:3.1675 train_time:395474ms step_avg:248.26ms
step:1594/1695 train_loss:3.3619 train_time:395758ms step_avg:248.28ms
step:1595/1695 train_loss:3.2780 train_time:396019ms step_avg:248.29ms
step:1596/1695 train_loss:3.2432 train_time:396275ms step_avg:248.29ms
step:1597/1695 train_loss:3.0435 train_time:396539ms step_avg:248.30ms
step:1598/1695 train_loss:3.5270 train_time:396800ms step_avg:248.31ms
step:1599/1695 train_loss:3.4523 train_time:397057ms step_avg:248.32ms
step:1600/1695 train_loss:3.3084 train_time:397321ms step_avg:248.33ms
step:1601/1695 train_loss:3.3504 train_time:397582ms step_avg:248.33ms
step:1602/1695 train_loss:3.3390 train_time:397847ms step_avg:248.34ms
step:1603/1695 train_loss:3.3211 train_time:398110ms step_avg:248.35ms
step:1604/1695 train_loss:3.2026 train_time:398369ms step_avg:248.36ms
step:1605/1695 train_loss:3.3680 train_time:398632ms step_avg:248.37ms
step:1606/1695 train_loss:3.2562 train_time:398895ms step_avg:248.38ms
step:1607/1695 train_loss:3.2937 train_time:399152ms step_avg:248.38ms
step:1608/1695 train_loss:3.4320 train_time:399418ms step_avg:248.39ms
step:1609/1695 train_loss:3.3985 train_time:399675ms step_avg:248.40ms
step:1610/1695 train_loss:3.4576 train_time:399943ms step_avg:248.41ms
step:1611/1695 train_loss:3.2288 train_time:400200ms step_avg:248.42ms
step:1612/1695 train_loss:3.2478 train_time:400465ms step_avg:248.43ms
step:1613/1695 train_loss:3.4026 train_time:400723ms step_avg:248.43ms
step:1614/1695 train_loss:3.3849 train_time:400985ms step_avg:248.44ms
step:1615/1695 train_loss:3.3747 train_time:401245ms step_avg:248.45ms
step:1616/1695 train_loss:3.2971 train_time:401508ms step_avg:248.46ms
step:1617/1695 train_loss:3.3488 train_time:401770ms step_avg:248.47ms
step:1618/1695 train_loss:3.3409 train_time:402028ms step_avg:248.47ms
step:1619/1695 train_loss:3.3171 train_time:402291ms step_avg:248.48ms
step:1620/1695 train_loss:3.1875 train_time:402561ms step_avg:248.49ms
step:1621/1695 train_loss:3.3509 train_time:402813ms step_avg:248.50ms
step:1622/1695 train_loss:3.2816 train_time:403083ms step_avg:248.51ms
step:1623/1695 train_loss:3.3286 train_time:403340ms step_avg:248.52ms
step:1624/1695 train_loss:3.4949 train_time:403616ms step_avg:248.53ms
step:1625/1695 train_loss:3.2748 train_time:403875ms step_avg:248.54ms
step:1625/1695 val_loss:3.2856 train_time:403887ms step_avg:248.55ms
step:1626/1695 train_loss:3.3511 train_time:404146ms step_avg:248.55ms
step:1627/1695 train_loss:3.3387 train_time:404401ms step_avg:248.56ms
step:1628/1695 train_loss:3.2928 train_time:404668ms step_avg:248.57ms
step:1629/1695 train_loss:3.2922 train_time:404931ms step_avg:248.58ms
step:1630/1695 train_loss:3.3857 train_time:405187ms step_avg:248.58ms
step:1631/1695 train_loss:3.3476 train_time:405458ms step_avg:248.59ms
step:1632/1695 train_loss:3.3624 train_time:405715ms step_avg:248.60ms
step:1633/1695 train_loss:3.3550 train_time:405978ms step_avg:248.61ms
step:1634/1695 train_loss:3.3150 train_time:406250ms step_avg:248.62ms
step:1635/1695 train_loss:3.2616 train_time:406511ms step_avg:248.63ms
step:1636/1695 train_loss:3.3463 train_time:406779ms step_avg:248.64ms
step:1637/1695 train_loss:3.2615 train_time:407040ms step_avg:248.65ms
step:1638/1695 train_loss:3.2837 train_time:407299ms step_avg:248.66ms
step:1639/1695 train_loss:3.5114 train_time:407563ms step_avg:248.67ms
step:1640/1695 train_loss:3.4147 train_time:407824ms step_avg:248.67ms
step:1641/1695 train_loss:3.3899 train_time:408083ms step_avg:248.68ms
step:1642/1695 train_loss:3.3170 train_time:408353ms step_avg:248.69ms
step:1643/1695 train_loss:3.2394 train_time:408614ms step_avg:248.70ms
step:1644/1695 train_loss:3.2453 train_time:408886ms step_avg:248.71ms
step:1645/1695 train_loss:3.3163 train_time:409143ms step_avg:248.72ms
step:1646/1695 train_loss:3.3247 train_time:409406ms step_avg:248.73ms
step:1647/1695 train_loss:3.2979 train_time:409680ms step_avg:248.74ms
step:1648/1695 train_loss:3.2645 train_time:409951ms step_avg:248.76ms
step:1649/1695 train_loss:3.3185 train_time:410213ms step_avg:248.76ms
step:1650/1695 train_loss:3.5761 train_time:410469ms step_avg:248.77ms
step:1651/1695 train_loss:3.4552 train_time:410735ms step_avg:248.78ms
step:1652/1695 train_loss:3.1806 train_time:411001ms step_avg:248.79ms
step:1653/1695 train_loss:3.2687 train_time:411264ms step_avg:248.80ms
step:1654/1695 train_loss:3.3270 train_time:411527ms step_avg:248.81ms
step:1655/1695 train_loss:3.2579 train_time:411790ms step_avg:248.82ms
step:1656/1695 train_loss:3.4655 train_time:412059ms step_avg:248.83ms
step:1657/1695 train_loss:3.5407 train_time:412317ms step_avg:248.83ms
step:1658/1695 train_loss:3.2619 train_time:412578ms step_avg:248.84ms
step:1659/1695 train_loss:3.1932 train_time:412856ms step_avg:248.86ms
step:1660/1695 train_loss:3.4153 train_time:413123ms step_avg:248.87ms
step:1661/1695 train_loss:3.2577 train_time:413403ms step_avg:248.89ms
step:1662/1695 train_loss:3.3215 train_time:413660ms step_avg:248.89ms
step:1663/1695 train_loss:2.9482 train_time:413929ms step_avg:248.91ms
step:1664/1695 train_loss:3.4254 train_time:414206ms step_avg:248.92ms
step:1665/1695 train_loss:3.4640 train_time:414465ms step_avg:248.93ms
step:1666/1695 train_loss:3.3274 train_time:414730ms step_avg:248.94ms
step:1667/1695 train_loss:3.2400 train_time:414999ms step_avg:248.95ms
step:1668/1695 train_loss:3.4605 train_time:415272ms step_avg:248.96ms
step:1669/1695 train_loss:3.1196 train_time:415545ms step_avg:248.98ms
step:1670/1695 train_loss:3.5630 train_time:415805ms step_avg:248.98ms
step:1671/1695 train_loss:3.2717 train_time:416065ms step_avg:248.99ms
step:1672/1695 train_loss:3.4783 train_time:416335ms step_avg:249.00ms
step:1673/1695 train_loss:3.2061 train_time:416598ms step_avg:249.01ms
step:1674/1695 train_loss:3.2961 train_time:416861ms step_avg:249.02ms
step:1675/1695 train_loss:3.3104 train_time:417124ms step_avg:249.03ms
step:1676/1695 train_loss:3.1586 train_time:417397ms step_avg:249.04ms
step:1677/1695 train_loss:3.6588 train_time:417664ms step_avg:249.05ms
step:1678/1695 train_loss:3.2345 train_time:417928ms step_avg:249.06ms
step:1679/1695 train_loss:3.3237 train_time:418191ms step_avg:249.07ms
step:1680/1695 train_loss:3.2167 train_time:418451ms step_avg:249.08ms
step:1681/1695 train_loss:3.0596 train_time:418720ms step_avg:249.09ms
step:1682/1695 train_loss:3.2958 train_time:418996ms step_avg:249.11ms
step:1683/1695 train_loss:3.2090 train_time:419258ms step_avg:249.11ms
step:1684/1695 train_loss:3.2479 train_time:419525ms step_avg:249.12ms
step:1685/1695 train_loss:3.2661 train_time:419799ms step_avg:249.14ms
step:1686/1695 train_loss:3.2879 train_time:420058ms step_avg:249.14ms
step:1687/1695 train_loss:3.2906 train_time:420322ms step_avg:249.15ms
step:1688/1695 train_loss:3.2454 train_time:420582ms step_avg:249.16ms
step:1689/1695 train_loss:3.3241 train_time:420844ms step_avg:249.17ms
step:1690/1695 train_loss:3.3823 train_time:421110ms step_avg:249.18ms
step:1691/1695 train_loss:3.2662 train_time:421372ms step_avg:249.18ms
step:1692/1695 train_loss:3.1661 train_time:421637ms step_avg:249.19ms
step:1693/1695 train_loss:3.2830 train_time:421910ms step_avg:249.21ms
step:1694/1695 train_loss:3.2682 train_time:422167ms step_avg:249.21ms
step:1695/1695 train_loss:3.3756 train_time:422430ms step_avg:249.22ms
step:1695/1695 val_loss:3.2727 train_time:422448ms step_avg:249.23ms
peak memory allocated: 33622 MiB reserved: 49798 MiB
